2025-06-30 20:35:18,048:WARNING:
'cuml' is a soft dependency and not included in the pycaret installation. Please run: `pip install cuml` to install.
2025-06-30 20:35:18,048:WARNING:
'cuml' is a soft dependency and not included in the pycaret installation. Please run: `pip install cuml` to install.
2025-06-30 20:35:18,048:WARNING:
'cuml' is a soft dependency and not included in the pycaret installation. Please run: `pip install cuml` to install.
2025-06-30 20:35:18,048:WARNING:
'cuml' is a soft dependency and not included in the pycaret installation. Please run: `pip install cuml` to install.
2025-06-30 20:36:18,101:INFO:PyCaret ClassificationExperiment
2025-06-30 20:36:18,101:INFO:Logging name: clf-default-name
2025-06-30 20:36:18,102:INFO:ML Usecase: MLUsecase.CLASSIFICATION
2025-06-30 20:36:18,102:INFO:version 3.3.2
2025-06-30 20:36:18,102:INFO:Initializing setup()
2025-06-30 20:36:18,102:INFO:self.USI: dc00
2025-06-30 20:36:18,103:INFO:self._variable_keys: {'y_test', 'is_multiclass', 'idx', 'data', 'fix_imbalance', 'memory', 'gpu_param', 'X', '_available_plots', 'seed', 'y', 'logging_param', 'html_param', 'exp_id', 'gpu_n_jobs_param', 'fold_generator', 'y_train', 'X_test', 'log_plots_param', 'fold_groups_param', 'pipeline', '_ml_usecase', 'X_train', 'n_jobs_param', 'exp_name_log', 'target_param', 'USI', 'fold_shuffle_param'}
2025-06-30 20:36:18,103:INFO:Checking environment
2025-06-30 20:36:18,103:INFO:python_version: 3.11.13
2025-06-30 20:36:18,103:INFO:python_build: ('main', 'Jun  5 2025 13:03:15')
2025-06-30 20:36:18,103:INFO:machine: AMD64
2025-06-30 20:36:18,103:INFO:platform: Windows-10-10.0.26120-SP0
2025-06-30 20:36:18,111:INFO:Memory: svmem(total=16415322112, available=3064643584, percent=81.3, used=13350678528, free=3064643584)
2025-06-30 20:36:18,112:INFO:Physical Core: 8
2025-06-30 20:36:18,112:INFO:Logical Core: 16
2025-06-30 20:36:18,112:INFO:Checking libraries
2025-06-30 20:36:18,112:INFO:System:
2025-06-30 20:36:18,112:INFO:    python: 3.11.13 | packaged by Anaconda, Inc. | (main, Jun  5 2025, 13:03:15) [MSC v.1929 64 bit (AMD64)]
2025-06-30 20:36:18,112:INFO:executable: C:\Users\fares\anaconda3\envs\pycaret-env\python.exe
2025-06-30 20:36:18,112:INFO:   machine: Windows-10-10.0.26120-SP0
2025-06-30 20:36:18,112:INFO:PyCaret required dependencies:
2025-06-30 20:36:18,495:INFO:                 pip: 25.1
2025-06-30 20:36:18,495:INFO:          setuptools: 72.1.0
2025-06-30 20:36:18,495:INFO:             pycaret: 3.3.2
2025-06-30 20:36:18,495:INFO:             IPython: 9.3.0
2025-06-30 20:36:18,495:INFO:          ipywidgets: 8.1.7
2025-06-30 20:36:18,495:INFO:                tqdm: 4.67.1
2025-06-30 20:36:18,495:INFO:               numpy: 1.26.4
2025-06-30 20:36:18,495:INFO:              pandas: 2.1.4
2025-06-30 20:36:18,495:INFO:              jinja2: 3.1.6
2025-06-30 20:36:18,495:INFO:               scipy: 1.10.1
2025-06-30 20:36:18,495:INFO:              joblib: 1.3.2
2025-06-30 20:36:18,495:INFO:             sklearn: 1.4.2
2025-06-30 20:36:18,495:INFO:                pyod: 2.0.5
2025-06-30 20:36:18,495:INFO:            imblearn: 0.13.0
2025-06-30 20:36:18,495:INFO:   category_encoders: 2.7.0
2025-06-30 20:36:18,495:INFO:            lightgbm: 4.6.0
2025-06-30 20:36:18,496:INFO:               numba: 0.61.2
2025-06-30 20:36:18,496:INFO:            requests: 2.32.4
2025-06-30 20:36:18,496:INFO:          matplotlib: 3.7.5
2025-06-30 20:36:18,496:INFO:          scikitplot: 0.3.7
2025-06-30 20:36:18,496:INFO:         yellowbrick: 1.5
2025-06-30 20:36:18,496:INFO:              plotly: 5.24.1
2025-06-30 20:36:18,496:INFO:    plotly-resampler: Not installed
2025-06-30 20:36:18,496:INFO:             kaleido: 1.0.0
2025-06-30 20:36:18,496:INFO:           schemdraw: 0.15
2025-06-30 20:36:18,496:INFO:         statsmodels: 0.14.4
2025-06-30 20:36:18,496:INFO:              sktime: 0.26.0
2025-06-30 20:36:18,496:INFO:               tbats: 1.1.3
2025-06-30 20:36:18,496:INFO:            pmdarima: 2.0.4
2025-06-30 20:36:18,496:INFO:              psutil: 7.0.0
2025-06-30 20:36:18,496:INFO:          markupsafe: 3.0.2
2025-06-30 20:36:18,496:INFO:             pickle5: Not installed
2025-06-30 20:36:18,496:INFO:         cloudpickle: 3.1.1
2025-06-30 20:36:18,496:INFO:         deprecation: 2.1.0
2025-06-30 20:36:18,496:INFO:              xxhash: 3.5.0
2025-06-30 20:36:18,496:INFO:           wurlitzer: Not installed
2025-06-30 20:36:18,496:INFO:PyCaret optional dependencies:
2025-06-30 20:36:18,516:INFO:                shap: Not installed
2025-06-30 20:36:18,516:INFO:           interpret: Not installed
2025-06-30 20:36:18,516:INFO:                umap: Not installed
2025-06-30 20:36:18,516:INFO:     ydata_profiling: Not installed
2025-06-30 20:36:18,516:INFO:  explainerdashboard: Not installed
2025-06-30 20:36:18,516:INFO:             autoviz: Not installed
2025-06-30 20:36:18,516:INFO:           fairlearn: Not installed
2025-06-30 20:36:18,516:INFO:          deepchecks: Not installed
2025-06-30 20:36:18,516:INFO:             xgboost: Not installed
2025-06-30 20:36:18,516:INFO:            catboost: Not installed
2025-06-30 20:36:18,516:INFO:              kmodes: Not installed
2025-06-30 20:36:18,516:INFO:             mlxtend: Not installed
2025-06-30 20:36:18,516:INFO:       statsforecast: Not installed
2025-06-30 20:36:18,516:INFO:        tune_sklearn: Not installed
2025-06-30 20:36:18,516:INFO:                 ray: Not installed
2025-06-30 20:36:18,516:INFO:            hyperopt: Not installed
2025-06-30 20:36:18,516:INFO:              optuna: Not installed
2025-06-30 20:36:18,516:INFO:               skopt: Not installed
2025-06-30 20:36:18,516:INFO:              mlflow: Not installed
2025-06-30 20:36:18,516:INFO:              gradio: Not installed
2025-06-30 20:36:18,516:INFO:             fastapi: Not installed
2025-06-30 20:36:18,516:INFO:             uvicorn: Not installed
2025-06-30 20:36:18,516:INFO:              m2cgen: Not installed
2025-06-30 20:36:18,516:INFO:           evidently: Not installed
2025-06-30 20:36:18,516:INFO:               fugue: Not installed
2025-06-30 20:36:18,516:INFO:           streamlit: Not installed
2025-06-30 20:36:18,516:INFO:             prophet: Not installed
2025-06-30 20:36:18,517:INFO:None
2025-06-30 20:36:18,517:INFO:Set up data.
2025-06-30 20:36:18,565:INFO:Set up folding strategy.
2025-06-30 20:36:18,565:INFO:Set up train/test split.
2025-06-30 20:36:18,682:INFO:Set up index.
2025-06-30 20:36:18,683:INFO:Assigning column types.
2025-06-30 20:36:18,693:INFO:Engine successfully changes for model 'lr' to 'sklearn'.
2025-06-30 20:36:18,737:INFO:Engine for model 'knn' has not been set explicitly, hence returning None.
2025-06-30 20:36:18,748:INFO:Engine for model 'rbfsvm' has not been set explicitly, hence returning None.
2025-06-30 20:36:18,803:WARNING:
'xgboost' is a soft dependency and not included in the pycaret installation. Please run: `pip install xgboost` to install.
Alternately, you can install this by running `pip install pycaret[models]`
2025-06-30 20:36:18,803:WARNING:
'catboost' is a soft dependency and not included in the pycaret installation. Please run: `pip install catboost` to install.
Alternately, you can install this by running `pip install pycaret[models]`
2025-06-30 20:36:18,843:INFO:Engine for model 'knn' has not been set explicitly, hence returning None.
2025-06-30 20:36:18,844:INFO:Engine for model 'rbfsvm' has not been set explicitly, hence returning None.
2025-06-30 20:36:18,871:WARNING:
'xgboost' is a soft dependency and not included in the pycaret installation. Please run: `pip install xgboost` to install.
Alternately, you can install this by running `pip install pycaret[models]`
2025-06-30 20:36:18,871:WARNING:
'catboost' is a soft dependency and not included in the pycaret installation. Please run: `pip install catboost` to install.
Alternately, you can install this by running `pip install pycaret[models]`
2025-06-30 20:36:18,871:INFO:Engine successfully changes for model 'knn' to 'sklearn'.
2025-06-30 20:36:18,916:INFO:Engine for model 'rbfsvm' has not been set explicitly, hence returning None.
2025-06-30 20:36:18,945:WARNING:
'xgboost' is a soft dependency and not included in the pycaret installation. Please run: `pip install xgboost` to install.
Alternately, you can install this by running `pip install pycaret[models]`
2025-06-30 20:36:18,945:WARNING:
'catboost' is a soft dependency and not included in the pycaret installation. Please run: `pip install catboost` to install.
Alternately, you can install this by running `pip install pycaret[models]`
2025-06-30 20:36:18,991:INFO:Engine for model 'rbfsvm' has not been set explicitly, hence returning None.
2025-06-30 20:36:19,013:WARNING:
'xgboost' is a soft dependency and not included in the pycaret installation. Please run: `pip install xgboost` to install.
Alternately, you can install this by running `pip install pycaret[models]`
2025-06-30 20:36:19,013:WARNING:
'catboost' is a soft dependency and not included in the pycaret installation. Please run: `pip install catboost` to install.
Alternately, you can install this by running `pip install pycaret[models]`
2025-06-30 20:36:19,016:INFO:Engine successfully changes for model 'rbfsvm' to 'sklearn'.
2025-06-30 20:36:19,095:WARNING:
'xgboost' is a soft dependency and not included in the pycaret installation. Please run: `pip install xgboost` to install.
Alternately, you can install this by running `pip install pycaret[models]`
2025-06-30 20:36:19,095:WARNING:
'catboost' is a soft dependency and not included in the pycaret installation. Please run: `pip install catboost` to install.
Alternately, you can install this by running `pip install pycaret[models]`
2025-06-30 20:36:19,170:WARNING:
'xgboost' is a soft dependency and not included in the pycaret installation. Please run: `pip install xgboost` to install.
Alternately, you can install this by running `pip install pycaret[models]`
2025-06-30 20:36:19,171:WARNING:
'catboost' is a soft dependency and not included in the pycaret installation. Please run: `pip install catboost` to install.
Alternately, you can install this by running `pip install pycaret[models]`
2025-06-30 20:36:19,181:INFO:Preparing preprocessing pipeline...
2025-06-30 20:36:19,183:INFO:Set up label encoding.
2025-06-30 20:36:19,183:INFO:Set up simple imputation.
2025-06-30 20:36:19,191:INFO:Set up encoding of ordinal features.
2025-06-30 20:36:19,196:INFO:Set up encoding of categorical features.
2025-06-30 20:36:19,198:INFO:Set up column name cleaning.
2025-06-30 20:36:19,870:INFO:Finished creating preprocessing pipeline.
2025-06-30 20:36:19,888:INFO:Pipeline: Pipeline(memory=FastMemory(location=C:\Users\fares\AppData\Local\Temp\joblib),
         steps=[('label_encoding',
                 TransformerWrapperWithInverse(exclude=None, include=None,
                                               transformer=LabelEncoder())),
                ('numerical_imputer',
                 TransformerWrapper(exclude=None,
                                    include=['age', 'duration', 'campaign',
                                             'pdays', 'previous',
                                             'emp.var.rate', 'cons.price.idx',
                                             'cons.conf.idx', 'euri...
                                    transformer=OneHotEncoder(cols=['job',
                                                                    'marital',
                                                                    'education',
                                                                    'default',
                                                                    'housing',
                                                                    'loan',
                                                                    'month',
                                                                    'day_of_week',
                                                                    'poutcome'],
                                                              drop_invariant=False,
                                                              handle_missing='return_nan',
                                                              handle_unknown='value',
                                                              return_df=True,
                                                              use_cat_names=True,
                                                              verbose=0))),
                ('clean_column_names',
                 TransformerWrapper(exclude=None, include=None,
                                    transformer=CleanColumnNames(match='[\\]\\[\\,\\{\\}\\"\\:]+')))],
         verbose=False)
2025-06-30 20:36:19,889:INFO:Creating final display dataframe.
2025-06-30 20:36:20,517:INFO:Setup _display_container:                     Description             Value
0                    Session id              4943
1                        Target                 y
2                   Target type            Binary
3                Target mapping     no: 0, yes: 1
4           Original data shape       (41188, 21)
5        Transformed data shape       (41188, 63)
6   Transformed train set shape       (28831, 63)
7    Transformed test set shape       (12357, 63)
8              Numeric features                10
9          Categorical features                10
10                   Preprocess              True
11              Imputation type            simple
12           Numeric imputation              mean
13       Categorical imputation              mode
14     Maximum one-hot encoding                25
15              Encoding method              None
16               Fold Generator   StratifiedKFold
17                  Fold Number                10
18                     CPU Jobs                -1
19                      Use GPU             False
20               Log Experiment             False
21              Experiment Name  clf-default-name
22                          USI              dc00
2025-06-30 20:36:20,604:WARNING:
'xgboost' is a soft dependency and not included in the pycaret installation. Please run: `pip install xgboost` to install.
Alternately, you can install this by running `pip install pycaret[models]`
2025-06-30 20:36:20,604:WARNING:
'catboost' is a soft dependency and not included in the pycaret installation. Please run: `pip install catboost` to install.
Alternately, you can install this by running `pip install pycaret[models]`
2025-06-30 20:36:20,671:WARNING:
'xgboost' is a soft dependency and not included in the pycaret installation. Please run: `pip install xgboost` to install.
Alternately, you can install this by running `pip install pycaret[models]`
2025-06-30 20:36:20,672:WARNING:
'catboost' is a soft dependency and not included in the pycaret installation. Please run: `pip install catboost` to install.
Alternately, you can install this by running `pip install pycaret[models]`
2025-06-30 20:36:20,673:INFO:setup() successfully completed in 2.57s...............
2025-06-30 21:07:35,569:INFO:PyCaret ClassificationExperiment
2025-06-30 21:07:35,569:INFO:Logging name: clf-default-name
2025-06-30 21:07:35,569:INFO:ML Usecase: MLUsecase.CLASSIFICATION
2025-06-30 21:07:35,569:INFO:version 3.3.2
2025-06-30 21:07:35,569:INFO:Initializing setup()
2025-06-30 21:07:35,569:INFO:self.USI: d755
2025-06-30 21:07:35,569:INFO:self._variable_keys: {'y_test', 'is_multiclass', 'idx', 'data', 'fix_imbalance', 'memory', 'gpu_param', 'X', '_available_plots', 'seed', 'y', 'logging_param', 'html_param', 'exp_id', 'gpu_n_jobs_param', 'fold_generator', 'y_train', 'X_test', 'log_plots_param', 'fold_groups_param', 'pipeline', '_ml_usecase', 'X_train', 'n_jobs_param', 'exp_name_log', 'target_param', 'USI', 'fold_shuffle_param'}
2025-06-30 21:07:35,570:INFO:Checking environment
2025-06-30 21:07:35,570:INFO:python_version: 3.11.13
2025-06-30 21:07:35,570:INFO:python_build: ('main', 'Jun  5 2025 13:03:15')
2025-06-30 21:07:35,570:INFO:machine: AMD64
2025-06-30 21:07:35,570:INFO:platform: Windows-10-10.0.26120-SP0
2025-06-30 21:07:35,577:INFO:Memory: svmem(total=16415322112, available=2538455040, percent=84.5, used=13876867072, free=2538455040)
2025-06-30 21:07:35,578:INFO:Physical Core: 8
2025-06-30 21:07:35,578:INFO:Logical Core: 16
2025-06-30 21:07:35,578:INFO:Checking libraries
2025-06-30 21:07:35,578:INFO:System:
2025-06-30 21:07:35,578:INFO:    python: 3.11.13 | packaged by Anaconda, Inc. | (main, Jun  5 2025, 13:03:15) [MSC v.1929 64 bit (AMD64)]
2025-06-30 21:07:35,578:INFO:executable: C:\Users\fares\anaconda3\envs\pycaret-env\python.exe
2025-06-30 21:07:35,578:INFO:   machine: Windows-10-10.0.26120-SP0
2025-06-30 21:07:35,578:INFO:PyCaret required dependencies:
2025-06-30 21:07:35,578:INFO:                 pip: 25.1
2025-06-30 21:07:35,578:INFO:          setuptools: 72.1.0
2025-06-30 21:07:35,578:INFO:             pycaret: 3.3.2
2025-06-30 21:07:35,578:INFO:             IPython: 9.3.0
2025-06-30 21:07:35,578:INFO:          ipywidgets: 8.1.7
2025-06-30 21:07:35,578:INFO:                tqdm: 4.67.1
2025-06-30 21:07:35,578:INFO:               numpy: 1.26.4
2025-06-30 21:07:35,578:INFO:              pandas: 2.1.4
2025-06-30 21:07:35,578:INFO:              jinja2: 3.1.6
2025-06-30 21:07:35,578:INFO:               scipy: 1.10.1
2025-06-30 21:07:35,578:INFO:              joblib: 1.3.2
2025-06-30 21:07:35,578:INFO:             sklearn: 1.4.2
2025-06-30 21:07:35,578:INFO:                pyod: 2.0.5
2025-06-30 21:07:35,578:INFO:            imblearn: 0.13.0
2025-06-30 21:07:35,578:INFO:   category_encoders: 2.7.0
2025-06-30 21:07:35,578:INFO:            lightgbm: 4.6.0
2025-06-30 21:07:35,578:INFO:               numba: 0.61.2
2025-06-30 21:07:35,578:INFO:            requests: 2.32.4
2025-06-30 21:07:35,578:INFO:          matplotlib: 3.7.5
2025-06-30 21:07:35,578:INFO:          scikitplot: 0.3.7
2025-06-30 21:07:35,578:INFO:         yellowbrick: 1.5
2025-06-30 21:07:35,578:INFO:              plotly: 5.24.1
2025-06-30 21:07:35,578:INFO:    plotly-resampler: Not installed
2025-06-30 21:07:35,578:INFO:             kaleido: 1.0.0
2025-06-30 21:07:35,578:INFO:           schemdraw: 0.15
2025-06-30 21:07:35,578:INFO:         statsmodels: 0.14.4
2025-06-30 21:07:35,579:INFO:              sktime: 0.26.0
2025-06-30 21:07:35,579:INFO:               tbats: 1.1.3
2025-06-30 21:07:35,579:INFO:            pmdarima: 2.0.4
2025-06-30 21:07:35,579:INFO:              psutil: 7.0.0
2025-06-30 21:07:35,579:INFO:          markupsafe: 3.0.2
2025-06-30 21:07:35,579:INFO:             pickle5: Not installed
2025-06-30 21:07:35,579:INFO:         cloudpickle: 3.1.1
2025-06-30 21:07:35,579:INFO:         deprecation: 2.1.0
2025-06-30 21:07:35,579:INFO:              xxhash: 3.5.0
2025-06-30 21:07:35,579:INFO:           wurlitzer: Not installed
2025-06-30 21:07:35,579:INFO:PyCaret optional dependencies:
2025-06-30 21:07:35,579:INFO:                shap: Not installed
2025-06-30 21:07:35,579:INFO:           interpret: Not installed
2025-06-30 21:07:35,579:INFO:                umap: Not installed
2025-06-30 21:07:35,579:INFO:     ydata_profiling: Not installed
2025-06-30 21:07:35,579:INFO:  explainerdashboard: Not installed
2025-06-30 21:07:35,579:INFO:             autoviz: Not installed
2025-06-30 21:07:35,579:INFO:           fairlearn: Not installed
2025-06-30 21:07:35,579:INFO:          deepchecks: Not installed
2025-06-30 21:07:35,579:INFO:             xgboost: Not installed
2025-06-30 21:07:35,579:INFO:            catboost: Not installed
2025-06-30 21:07:35,579:INFO:              kmodes: Not installed
2025-06-30 21:07:35,579:INFO:             mlxtend: Not installed
2025-06-30 21:07:35,579:INFO:       statsforecast: Not installed
2025-06-30 21:07:35,579:INFO:        tune_sklearn: Not installed
2025-06-30 21:07:35,579:INFO:                 ray: Not installed
2025-06-30 21:07:35,579:INFO:            hyperopt: Not installed
2025-06-30 21:07:35,579:INFO:              optuna: Not installed
2025-06-30 21:07:35,579:INFO:               skopt: Not installed
2025-06-30 21:07:35,579:INFO:              mlflow: Not installed
2025-06-30 21:07:35,579:INFO:              gradio: Not installed
2025-06-30 21:07:35,579:INFO:             fastapi: Not installed
2025-06-30 21:07:35,579:INFO:             uvicorn: Not installed
2025-06-30 21:07:35,579:INFO:              m2cgen: Not installed
2025-06-30 21:07:35,579:INFO:           evidently: Not installed
2025-06-30 21:07:35,579:INFO:               fugue: Not installed
2025-06-30 21:07:35,579:INFO:           streamlit: Not installed
2025-06-30 21:07:35,579:INFO:             prophet: Not installed
2025-06-30 21:07:35,579:INFO:None
2025-06-30 21:07:35,580:INFO:Set up data.
2025-06-30 21:07:35,626:INFO:Set up folding strategy.
2025-06-30 21:07:35,626:INFO:Set up train/test split.
2025-06-30 21:07:35,661:INFO:Set up index.
2025-06-30 21:07:35,661:INFO:Assigning column types.
2025-06-30 21:07:35,671:INFO:Engine successfully changes for model 'lr' to 'sklearn'.
2025-06-30 21:07:35,710:INFO:Engine for model 'knn' has not been set explicitly, hence returning None.
2025-06-30 21:07:35,711:INFO:Engine for model 'rbfsvm' has not been set explicitly, hence returning None.
2025-06-30 21:07:35,734:WARNING:
'xgboost' is a soft dependency and not included in the pycaret installation. Please run: `pip install xgboost` to install.
Alternately, you can install this by running `pip install pycaret[models]`
2025-06-30 21:07:35,735:WARNING:
'catboost' is a soft dependency and not included in the pycaret installation. Please run: `pip install catboost` to install.
Alternately, you can install this by running `pip install pycaret[models]`
2025-06-30 21:07:35,772:INFO:Engine for model 'knn' has not been set explicitly, hence returning None.
2025-06-30 21:07:35,773:INFO:Engine for model 'rbfsvm' has not been set explicitly, hence returning None.
2025-06-30 21:07:35,796:WARNING:
'xgboost' is a soft dependency and not included in the pycaret installation. Please run: `pip install xgboost` to install.
Alternately, you can install this by running `pip install pycaret[models]`
2025-06-30 21:07:35,797:WARNING:
'catboost' is a soft dependency and not included in the pycaret installation. Please run: `pip install catboost` to install.
Alternately, you can install this by running `pip install pycaret[models]`
2025-06-30 21:07:35,797:INFO:Engine successfully changes for model 'knn' to 'sklearn'.
2025-06-30 21:07:35,833:INFO:Engine for model 'rbfsvm' has not been set explicitly, hence returning None.
2025-06-30 21:07:35,856:WARNING:
'xgboost' is a soft dependency and not included in the pycaret installation. Please run: `pip install xgboost` to install.
Alternately, you can install this by running `pip install pycaret[models]`
2025-06-30 21:07:35,856:WARNING:
'catboost' is a soft dependency and not included in the pycaret installation. Please run: `pip install catboost` to install.
Alternately, you can install this by running `pip install pycaret[models]`
2025-06-30 21:07:35,890:INFO:Engine for model 'rbfsvm' has not been set explicitly, hence returning None.
2025-06-30 21:07:35,910:WARNING:
'xgboost' is a soft dependency and not included in the pycaret installation. Please run: `pip install xgboost` to install.
Alternately, you can install this by running `pip install pycaret[models]`
2025-06-30 21:07:35,910:WARNING:
'catboost' is a soft dependency and not included in the pycaret installation. Please run: `pip install catboost` to install.
Alternately, you can install this by running `pip install pycaret[models]`
2025-06-30 21:07:35,911:INFO:Engine successfully changes for model 'rbfsvm' to 'sklearn'.
2025-06-30 21:07:35,966:WARNING:
'xgboost' is a soft dependency and not included in the pycaret installation. Please run: `pip install xgboost` to install.
Alternately, you can install this by running `pip install pycaret[models]`
2025-06-30 21:07:35,966:WARNING:
'catboost' is a soft dependency and not included in the pycaret installation. Please run: `pip install catboost` to install.
Alternately, you can install this by running `pip install pycaret[models]`
2025-06-30 21:07:36,018:WARNING:
'xgboost' is a soft dependency and not included in the pycaret installation. Please run: `pip install xgboost` to install.
Alternately, you can install this by running `pip install pycaret[models]`
2025-06-30 21:07:36,019:WARNING:
'catboost' is a soft dependency and not included in the pycaret installation. Please run: `pip install catboost` to install.
Alternately, you can install this by running `pip install pycaret[models]`
2025-06-30 21:07:36,020:INFO:Preparing preprocessing pipeline...
2025-06-30 21:07:36,022:INFO:Set up label encoding.
2025-06-30 21:07:36,022:INFO:Set up simple imputation.
2025-06-30 21:07:36,030:INFO:Set up encoding of ordinal features.
2025-06-30 21:07:36,033:INFO:Set up encoding of categorical features.
2025-06-30 21:07:36,034:INFO:Set up column name cleaning.
2025-06-30 21:07:36,724:INFO:Finished creating preprocessing pipeline.
2025-06-30 21:07:36,739:INFO:Pipeline: Pipeline(memory=FastMemory(location=C:\Users\fares\AppData\Local\Temp\joblib),
         steps=[('label_encoding',
                 TransformerWrapperWithInverse(exclude=None, include=None,
                                               transformer=LabelEncoder())),
                ('numerical_imputer',
                 TransformerWrapper(exclude=None,
                                    include=['age', 'duration', 'campaign',
                                             'pdays', 'previous',
                                             'emp.var.rate', 'cons.price.idx',
                                             'cons.conf.idx', 'euri...
                                    transformer=OneHotEncoder(cols=['job',
                                                                    'marital',
                                                                    'education',
                                                                    'default',
                                                                    'housing',
                                                                    'loan',
                                                                    'month',
                                                                    'day_of_week',
                                                                    'poutcome'],
                                                              drop_invariant=False,
                                                              handle_missing='return_nan',
                                                              handle_unknown='value',
                                                              return_df=True,
                                                              use_cat_names=True,
                                                              verbose=0))),
                ('clean_column_names',
                 TransformerWrapper(exclude=None, include=None,
                                    transformer=CleanColumnNames(match='[\\]\\[\\,\\{\\}\\"\\:]+')))],
         verbose=False)
2025-06-30 21:07:36,740:INFO:Creating final display dataframe.
2025-06-30 21:07:37,306:INFO:Setup _display_container:                     Description             Value
0                    Session id               123
1                        Target                 y
2                   Target type            Binary
3                Target mapping     no: 0, yes: 1
4           Original data shape       (41183, 21)
5        Transformed data shape       (41183, 63)
6   Transformed train set shape       (28828, 63)
7    Transformed test set shape       (12355, 63)
8              Numeric features                10
9          Categorical features                10
10                   Preprocess              True
11              Imputation type            simple
12           Numeric imputation              mean
13       Categorical imputation              mode
14     Maximum one-hot encoding                25
15              Encoding method              None
16               Fold Generator   StratifiedKFold
17                  Fold Number                10
18                     CPU Jobs                -1
19                      Use GPU             False
20               Log Experiment             False
21              Experiment Name  clf-default-name
22                          USI              d755
2025-06-30 21:07:37,370:WARNING:
'xgboost' is a soft dependency and not included in the pycaret installation. Please run: `pip install xgboost` to install.
Alternately, you can install this by running `pip install pycaret[models]`
2025-06-30 21:07:37,371:WARNING:
'catboost' is a soft dependency and not included in the pycaret installation. Please run: `pip install catboost` to install.
Alternately, you can install this by running `pip install pycaret[models]`
2025-06-30 21:07:37,424:WARNING:
'xgboost' is a soft dependency and not included in the pycaret installation. Please run: `pip install xgboost` to install.
Alternately, you can install this by running `pip install pycaret[models]`
2025-06-30 21:07:37,424:WARNING:
'catboost' is a soft dependency and not included in the pycaret installation. Please run: `pip install catboost` to install.
Alternately, you can install this by running `pip install pycaret[models]`
2025-06-30 21:07:37,425:INFO:setup() successfully completed in 1.86s...............
2025-06-30 21:27:32,890:INFO:Initializing compare_models()
2025-06-30 21:27:32,890:INFO:compare_models(self=<pycaret.classification.oop.ClassificationExperiment object at 0x0000025F39F14910>, include=None, exclude=None, fold=None, round=4, cross_validation=True, sort=Accuracy, n_select=1, budget_time=None, turbo=True, errors=ignore, fit_kwargs=None, groups=None, experiment_custom_tags=None, probability_threshold=None, verbose=True, parallel=None, caller_params={'self': <pycaret.classification.oop.ClassificationExperiment object at 0x0000025F39F14910>, 'include': None, 'exclude': None, 'fold': None, 'round': 4, 'cross_validation': True, 'sort': 'Accuracy', 'n_select': 1, 'budget_time': None, 'turbo': True, 'errors': 'ignore', 'fit_kwargs': None, 'groups': None, 'experiment_custom_tags': None, 'probability_threshold': None, 'engine': None, 'verbose': True, 'parallel': None, '__class__': <class 'pycaret.classification.oop.ClassificationExperiment'>})
2025-06-30 21:27:32,890:INFO:Checking exceptions
2025-06-30 21:27:32,901:INFO:Preparing display monitor
2025-06-30 21:27:32,929:INFO:Initializing Logistic Regression
2025-06-30 21:27:32,929:INFO:Total runtime is 0.0 minutes
2025-06-30 21:27:32,933:INFO:SubProcess create_model() called ==================================
2025-06-30 21:27:32,933:INFO:Initializing create_model()
2025-06-30 21:27:32,933:INFO:create_model(self=<pycaret.classification.oop.ClassificationExperiment object at 0x0000025F39F14910>, estimator=lr, fold=StratifiedKFold(n_splits=10, random_state=None, shuffle=False), round=4, cross_validation=True, predict=True, fit_kwargs={}, groups=None, refit=False, probability_threshold=None, experiment_custom_tags=None, verbose=False, system=False, add_to_model_list=True, metrics=None, display=<pycaret.internal.display.display.CommonDisplay object at 0x0000025F39F00590>, model_only=True, return_train_score=False, error_score=0.0, kwargs={})
2025-06-30 21:27:32,933:INFO:Checking exceptions
2025-06-30 21:27:32,933:INFO:Importing libraries
2025-06-30 21:27:32,933:INFO:Copying training dataset
2025-06-30 21:27:32,955:INFO:Defining folds
2025-06-30 21:27:32,955:INFO:Declaring metric variables
2025-06-30 21:27:32,959:INFO:Importing untrained model
2025-06-30 21:27:32,964:INFO:Logistic Regression Imported successfully
2025-06-30 21:27:32,972:INFO:Starting cross validation
2025-06-30 21:27:32,975:INFO:Cross validating with StratifiedKFold(n_splits=10, random_state=None, shuffle=False), n_jobs=-1
2025-06-30 21:28:31,202:WARNING:C:\Users\fares\anaconda3\envs\pycaret-env\Lib\site-packages\sklearn\linear_model\_logistic.py:469: ConvergenceWarning: lbfgs failed to converge (status=1):
STOP: TOTAL NO. of ITERATIONS REACHED LIMIT.

Increase the number of iterations (max_iter) or scale the data as shown in:
    https://scikit-learn.org/stable/modules/preprocessing.html
Please also refer to the documentation for alternative solver options:
    https://scikit-learn.org/stable/modules/linear_model.html#logistic-regression
  n_iter_i = _check_optimize_result(

2025-06-30 21:28:31,407:WARNING:C:\Users\fares\anaconda3\envs\pycaret-env\Lib\site-packages\sklearn\metrics\_classification.py:1561: UserWarning: Note that pos_label (set to 'yes') is ignored when average != 'binary' (got 'weighted'). You may use labels=[pos_label] to specify a single positive class.
  warnings.warn(

2025-06-30 21:28:31,433:WARNING:C:\Users\fares\anaconda3\envs\pycaret-env\Lib\site-packages\sklearn\metrics\_classification.py:1561: UserWarning: Note that pos_label (set to 'yes') is ignored when average != 'binary' (got 'weighted'). You may use labels=[pos_label] to specify a single positive class.
  warnings.warn(

2025-06-30 21:28:31,459:WARNING:C:\Users\fares\anaconda3\envs\pycaret-env\Lib\site-packages\sklearn\metrics\_classification.py:1561: UserWarning: Note that pos_label (set to 'yes') is ignored when average != 'binary' (got 'weighted'). You may use labels=[pos_label] to specify a single positive class.
  warnings.warn(

2025-06-30 21:28:31,461:WARNING:C:\Users\fares\anaconda3\envs\pycaret-env\Lib\site-packages\sklearn\linear_model\_logistic.py:469: ConvergenceWarning: lbfgs failed to converge (status=1):
STOP: TOTAL NO. of ITERATIONS REACHED LIMIT.

Increase the number of iterations (max_iter) or scale the data as shown in:
    https://scikit-learn.org/stable/modules/preprocessing.html
Please also refer to the documentation for alternative solver options:
    https://scikit-learn.org/stable/modules/linear_model.html#logistic-regression
  n_iter_i = _check_optimize_result(

2025-06-30 21:28:31,488:WARNING:C:\Users\fares\anaconda3\envs\pycaret-env\Lib\site-packages\sklearn\linear_model\_logistic.py:469: ConvergenceWarning: lbfgs failed to converge (status=1):
STOP: TOTAL NO. of ITERATIONS REACHED LIMIT.

Increase the number of iterations (max_iter) or scale the data as shown in:
    https://scikit-learn.org/stable/modules/preprocessing.html
Please also refer to the documentation for alternative solver options:
    https://scikit-learn.org/stable/modules/linear_model.html#logistic-regression
  n_iter_i = _check_optimize_result(

2025-06-30 21:28:31,489:WARNING:C:\Users\fares\anaconda3\envs\pycaret-env\Lib\site-packages\sklearn\linear_model\_logistic.py:469: ConvergenceWarning: lbfgs failed to converge (status=1):
STOP: TOTAL NO. of ITERATIONS REACHED LIMIT.

Increase the number of iterations (max_iter) or scale the data as shown in:
    https://scikit-learn.org/stable/modules/preprocessing.html
Please also refer to the documentation for alternative solver options:
    https://scikit-learn.org/stable/modules/linear_model.html#logistic-regression
  n_iter_i = _check_optimize_result(

2025-06-30 21:28:31,498:WARNING:C:\Users\fares\anaconda3\envs\pycaret-env\Lib\site-packages\sklearn\linear_model\_logistic.py:469: ConvergenceWarning: lbfgs failed to converge (status=1):
STOP: TOTAL NO. of ITERATIONS REACHED LIMIT.

Increase the number of iterations (max_iter) or scale the data as shown in:
    https://scikit-learn.org/stable/modules/preprocessing.html
Please also refer to the documentation for alternative solver options:
    https://scikit-learn.org/stable/modules/linear_model.html#logistic-regression
  n_iter_i = _check_optimize_result(

2025-06-30 21:28:31,566:WARNING:C:\Users\fares\anaconda3\envs\pycaret-env\Lib\site-packages\sklearn\linear_model\_logistic.py:469: ConvergenceWarning: lbfgs failed to converge (status=1):
STOP: TOTAL NO. of ITERATIONS REACHED LIMIT.

Increase the number of iterations (max_iter) or scale the data as shown in:
    https://scikit-learn.org/stable/modules/preprocessing.html
Please also refer to the documentation for alternative solver options:
    https://scikit-learn.org/stable/modules/linear_model.html#logistic-regression
  n_iter_i = _check_optimize_result(

2025-06-30 21:28:31,577:WARNING:C:\Users\fares\anaconda3\envs\pycaret-env\Lib\site-packages\sklearn\linear_model\_logistic.py:469: ConvergenceWarning: lbfgs failed to converge (status=1):
STOP: TOTAL NO. of ITERATIONS REACHED LIMIT.

Increase the number of iterations (max_iter) or scale the data as shown in:
    https://scikit-learn.org/stable/modules/preprocessing.html
Please also refer to the documentation for alternative solver options:
    https://scikit-learn.org/stable/modules/linear_model.html#logistic-regression
  n_iter_i = _check_optimize_result(

2025-06-30 21:28:31,617:WARNING:C:\Users\fares\anaconda3\envs\pycaret-env\Lib\site-packages\sklearn\metrics\_classification.py:1561: UserWarning: Note that pos_label (set to 'yes') is ignored when average != 'binary' (got 'weighted'). You may use labels=[pos_label] to specify a single positive class.
  warnings.warn(

2025-06-30 21:28:31,625:WARNING:C:\Users\fares\anaconda3\envs\pycaret-env\Lib\site-packages\sklearn\linear_model\_logistic.py:469: ConvergenceWarning: lbfgs failed to converge (status=1):
STOP: TOTAL NO. of ITERATIONS REACHED LIMIT.

Increase the number of iterations (max_iter) or scale the data as shown in:
    https://scikit-learn.org/stable/modules/preprocessing.html
Please also refer to the documentation for alternative solver options:
    https://scikit-learn.org/stable/modules/linear_model.html#logistic-regression
  n_iter_i = _check_optimize_result(

2025-06-30 21:28:31,630:WARNING:C:\Users\fares\anaconda3\envs\pycaret-env\Lib\site-packages\sklearn\metrics\_classification.py:1561: UserWarning: Note that pos_label (set to 'yes') is ignored when average != 'binary' (got 'weighted'). You may use labels=[pos_label] to specify a single positive class.
  warnings.warn(

2025-06-30 21:28:31,636:WARNING:C:\Users\fares\anaconda3\envs\pycaret-env\Lib\site-packages\sklearn\metrics\_classification.py:1561: UserWarning: Note that pos_label (set to 'yes') is ignored when average != 'binary' (got 'weighted'). You may use labels=[pos_label] to specify a single positive class.
  warnings.warn(

2025-06-30 21:28:31,637:WARNING:C:\Users\fares\anaconda3\envs\pycaret-env\Lib\site-packages\sklearn\linear_model\_logistic.py:469: ConvergenceWarning: lbfgs failed to converge (status=1):
STOP: TOTAL NO. of ITERATIONS REACHED LIMIT.

Increase the number of iterations (max_iter) or scale the data as shown in:
    https://scikit-learn.org/stable/modules/preprocessing.html
Please also refer to the documentation for alternative solver options:
    https://scikit-learn.org/stable/modules/linear_model.html#logistic-regression
  n_iter_i = _check_optimize_result(

2025-06-30 21:28:31,640:WARNING:C:\Users\fares\anaconda3\envs\pycaret-env\Lib\site-packages\sklearn\metrics\_classification.py:1561: UserWarning: Note that pos_label (set to 'yes') is ignored when average != 'binary' (got 'weighted'). You may use labels=[pos_label] to specify a single positive class.
  warnings.warn(

2025-06-30 21:28:31,644:WARNING:C:\Users\fares\anaconda3\envs\pycaret-env\Lib\site-packages\sklearn\metrics\_classification.py:1561: UserWarning: Note that pos_label (set to 'yes') is ignored when average != 'binary' (got 'weighted'). You may use labels=[pos_label] to specify a single positive class.
  warnings.warn(

2025-06-30 21:28:31,652:WARNING:C:\Users\fares\anaconda3\envs\pycaret-env\Lib\site-packages\sklearn\metrics\_classification.py:1561: UserWarning: Note that pos_label (set to 'yes') is ignored when average != 'binary' (got 'weighted'). You may use labels=[pos_label] to specify a single positive class.
  warnings.warn(

2025-06-30 21:28:31,661:WARNING:C:\Users\fares\anaconda3\envs\pycaret-env\Lib\site-packages\sklearn\metrics\_classification.py:1561: UserWarning: Note that pos_label (set to 'yes') is ignored when average != 'binary' (got 'weighted'). You may use labels=[pos_label] to specify a single positive class.
  warnings.warn(

2025-06-30 21:28:31,664:WARNING:C:\Users\fares\anaconda3\envs\pycaret-env\Lib\site-packages\sklearn\metrics\_classification.py:1561: UserWarning: Note that pos_label (set to 'yes') is ignored when average != 'binary' (got 'weighted'). You may use labels=[pos_label] to specify a single positive class.
  warnings.warn(

2025-06-30 21:28:31,664:WARNING:C:\Users\fares\anaconda3\envs\pycaret-env\Lib\site-packages\sklearn\metrics\_classification.py:1561: UserWarning: Note that pos_label (set to 'yes') is ignored when average != 'binary' (got 'weighted'). You may use labels=[pos_label] to specify a single positive class.
  warnings.warn(

2025-06-30 21:28:31,675:WARNING:C:\Users\fares\anaconda3\envs\pycaret-env\Lib\site-packages\sklearn\metrics\_classification.py:1561: UserWarning: Note that pos_label (set to 'yes') is ignored when average != 'binary' (got 'weighted'). You may use labels=[pos_label] to specify a single positive class.
  warnings.warn(

2025-06-30 21:28:31,687:WARNING:C:\Users\fares\anaconda3\envs\pycaret-env\Lib\site-packages\sklearn\metrics\_classification.py:1561: UserWarning: Note that pos_label (set to 'yes') is ignored when average != 'binary' (got 'weighted'). You may use labels=[pos_label] to specify a single positive class.
  warnings.warn(

2025-06-30 21:28:31,687:WARNING:C:\Users\fares\anaconda3\envs\pycaret-env\Lib\site-packages\sklearn\metrics\_classification.py:1561: UserWarning: Note that pos_label (set to 'yes') is ignored when average != 'binary' (got 'weighted'). You may use labels=[pos_label] to specify a single positive class.
  warnings.warn(

2025-06-30 21:28:31,689:WARNING:C:\Users\fares\anaconda3\envs\pycaret-env\Lib\site-packages\sklearn\metrics\_classification.py:1561: UserWarning: Note that pos_label (set to 'yes') is ignored when average != 'binary' (got 'weighted'). You may use labels=[pos_label] to specify a single positive class.
  warnings.warn(

2025-06-30 21:28:31,693:WARNING:C:\Users\fares\anaconda3\envs\pycaret-env\Lib\site-packages\sklearn\metrics\_classification.py:1561: UserWarning: Note that pos_label (set to 'yes') is ignored when average != 'binary' (got 'weighted'). You may use labels=[pos_label] to specify a single positive class.
  warnings.warn(

2025-06-30 21:28:31,708:WARNING:C:\Users\fares\anaconda3\envs\pycaret-env\Lib\site-packages\sklearn\metrics\_classification.py:1561: UserWarning: Note that pos_label (set to 'yes') is ignored when average != 'binary' (got 'weighted'). You may use labels=[pos_label] to specify a single positive class.
  warnings.warn(

2025-06-30 21:28:31,718:WARNING:C:\Users\fares\anaconda3\envs\pycaret-env\Lib\site-packages\sklearn\metrics\_classification.py:1561: UserWarning: Note that pos_label (set to 'yes') is ignored when average != 'binary' (got 'weighted'). You may use labels=[pos_label] to specify a single positive class.
  warnings.warn(

2025-06-30 21:28:31,726:WARNING:C:\Users\fares\anaconda3\envs\pycaret-env\Lib\site-packages\sklearn\linear_model\_logistic.py:469: ConvergenceWarning: lbfgs failed to converge (status=1):
STOP: TOTAL NO. of ITERATIONS REACHED LIMIT.

Increase the number of iterations (max_iter) or scale the data as shown in:
    https://scikit-learn.org/stable/modules/preprocessing.html
Please also refer to the documentation for alternative solver options:
    https://scikit-learn.org/stable/modules/linear_model.html#logistic-regression
  n_iter_i = _check_optimize_result(

2025-06-30 21:28:31,729:WARNING:C:\Users\fares\anaconda3\envs\pycaret-env\Lib\site-packages\sklearn\metrics\_classification.py:1561: UserWarning: Note that pos_label (set to 'yes') is ignored when average != 'binary' (got 'weighted'). You may use labels=[pos_label] to specify a single positive class.
  warnings.warn(

2025-06-30 21:28:31,730:WARNING:C:\Users\fares\anaconda3\envs\pycaret-env\Lib\site-packages\sklearn\metrics\_classification.py:1561: UserWarning: Note that pos_label (set to 'yes') is ignored when average != 'binary' (got 'weighted'). You may use labels=[pos_label] to specify a single positive class.
  warnings.warn(

2025-06-30 21:28:31,738:WARNING:C:\Users\fares\anaconda3\envs\pycaret-env\Lib\site-packages\sklearn\metrics\_classification.py:1561: UserWarning: Note that pos_label (set to 'yes') is ignored when average != 'binary' (got 'weighted'). You may use labels=[pos_label] to specify a single positive class.
  warnings.warn(

2025-06-30 21:28:31,739:WARNING:C:\Users\fares\anaconda3\envs\pycaret-env\Lib\site-packages\sklearn\metrics\_classification.py:1561: UserWarning: Note that pos_label (set to 'yes') is ignored when average != 'binary' (got 'weighted'). You may use labels=[pos_label] to specify a single positive class.
  warnings.warn(

2025-06-30 21:28:31,753:WARNING:C:\Users\fares\anaconda3\envs\pycaret-env\Lib\site-packages\sklearn\metrics\_classification.py:1561: UserWarning: Note that pos_label (set to 'yes') is ignored when average != 'binary' (got 'weighted'). You may use labels=[pos_label] to specify a single positive class.
  warnings.warn(

2025-06-30 21:28:31,762:WARNING:C:\Users\fares\anaconda3\envs\pycaret-env\Lib\site-packages\sklearn\metrics\_classification.py:1561: UserWarning: Note that pos_label (set to 'yes') is ignored when average != 'binary' (got 'weighted'). You may use labels=[pos_label] to specify a single positive class.
  warnings.warn(

2025-06-30 21:28:31,773:WARNING:C:\Users\fares\anaconda3\envs\pycaret-env\Lib\site-packages\sklearn\metrics\_classification.py:1561: UserWarning: Note that pos_label (set to 'yes') is ignored when average != 'binary' (got 'weighted'). You may use labels=[pos_label] to specify a single positive class.
  warnings.warn(

2025-06-30 21:28:31,785:WARNING:C:\Users\fares\anaconda3\envs\pycaret-env\Lib\site-packages\sklearn\metrics\_classification.py:1561: UserWarning: Note that pos_label (set to 'yes') is ignored when average != 'binary' (got 'weighted'). You may use labels=[pos_label] to specify a single positive class.
  warnings.warn(

2025-06-30 21:28:31,834:WARNING:C:\Users\fares\anaconda3\envs\pycaret-env\Lib\site-packages\sklearn\metrics\_classification.py:1561: UserWarning: Note that pos_label (set to 'yes') is ignored when average != 'binary' (got 'weighted'). You may use labels=[pos_label] to specify a single positive class.
  warnings.warn(

2025-06-30 21:28:31,850:WARNING:C:\Users\fares\anaconda3\envs\pycaret-env\Lib\site-packages\sklearn\metrics\_classification.py:1561: UserWarning: Note that pos_label (set to 'yes') is ignored when average != 'binary' (got 'weighted'). You may use labels=[pos_label] to specify a single positive class.
  warnings.warn(

2025-06-30 21:28:31,866:WARNING:C:\Users\fares\anaconda3\envs\pycaret-env\Lib\site-packages\sklearn\metrics\_classification.py:1561: UserWarning: Note that pos_label (set to 'yes') is ignored when average != 'binary' (got 'weighted'). You may use labels=[pos_label] to specify a single positive class.
  warnings.warn(

2025-06-30 21:28:31,893:INFO:Calculating mean and std
2025-06-30 21:28:31,895:INFO:Creating metrics dataframe
2025-06-30 21:28:31,898:INFO:Uploading results into container
2025-06-30 21:28:31,898:INFO:Uploading model into container now
2025-06-30 21:28:31,899:INFO:_master_model_container: 1
2025-06-30 21:28:31,901:INFO:_display_container: 2
2025-06-30 21:28:31,901:INFO:LogisticRegression(C=1.0, class_weight=None, dual=False, fit_intercept=True,
                   intercept_scaling=1, l1_ratio=None, max_iter=1000,
                   multi_class='auto', n_jobs=None, penalty='l2',
                   random_state=123, solver='lbfgs', tol=0.0001, verbose=0,
                   warm_start=False)
2025-06-30 21:28:31,901:INFO:create_model() successfully completed......................................
2025-06-30 21:28:32,165:INFO:SubProcess create_model() end ==================================
2025-06-30 21:28:32,165:INFO:Creating metrics dataframe
2025-06-30 21:28:32,171:INFO:Initializing K Neighbors Classifier
2025-06-30 21:28:32,171:INFO:Total runtime is 0.9873703042666118 minutes
2025-06-30 21:28:32,173:INFO:SubProcess create_model() called ==================================
2025-06-30 21:28:32,173:INFO:Initializing create_model()
2025-06-30 21:28:32,173:INFO:create_model(self=<pycaret.classification.oop.ClassificationExperiment object at 0x0000025F39F14910>, estimator=knn, fold=StratifiedKFold(n_splits=10, random_state=None, shuffle=False), round=4, cross_validation=True, predict=True, fit_kwargs={}, groups=None, refit=False, probability_threshold=None, experiment_custom_tags=None, verbose=False, system=False, add_to_model_list=True, metrics=None, display=<pycaret.internal.display.display.CommonDisplay object at 0x0000025F39F00590>, model_only=True, return_train_score=False, error_score=0.0, kwargs={})
2025-06-30 21:28:32,173:INFO:Checking exceptions
2025-06-30 21:28:32,173:INFO:Importing libraries
2025-06-30 21:28:32,174:INFO:Copying training dataset
2025-06-30 21:28:32,196:INFO:Defining folds
2025-06-30 21:28:32,197:INFO:Declaring metric variables
2025-06-30 21:28:32,200:INFO:Importing untrained model
2025-06-30 21:28:32,203:INFO:K Neighbors Classifier Imported successfully
2025-06-30 21:28:32,207:INFO:Starting cross validation
2025-06-30 21:28:32,209:INFO:Cross validating with StratifiedKFold(n_splits=10, random_state=None, shuffle=False), n_jobs=-1
2025-06-30 21:28:34,301:WARNING:C:\Users\fares\anaconda3\envs\pycaret-env\Lib\site-packages\sklearn\metrics\_classification.py:1561: UserWarning: Note that pos_label (set to 'yes') is ignored when average != 'binary' (got 'weighted'). You may use labels=[pos_label] to specify a single positive class.
  warnings.warn(

2025-06-30 21:28:34,324:WARNING:C:\Users\fares\anaconda3\envs\pycaret-env\Lib\site-packages\sklearn\metrics\_classification.py:1561: UserWarning: Note that pos_label (set to 'yes') is ignored when average != 'binary' (got 'weighted'). You may use labels=[pos_label] to specify a single positive class.
  warnings.warn(

2025-06-30 21:28:34,338:WARNING:C:\Users\fares\anaconda3\envs\pycaret-env\Lib\site-packages\sklearn\metrics\_classification.py:1561: UserWarning: Note that pos_label (set to 'yes') is ignored when average != 'binary' (got 'weighted'). You may use labels=[pos_label] to specify a single positive class.
  warnings.warn(

2025-06-30 21:28:34,338:WARNING:C:\Users\fares\anaconda3\envs\pycaret-env\Lib\site-packages\sklearn\metrics\_classification.py:1561: UserWarning: Note that pos_label (set to 'yes') is ignored when average != 'binary' (got 'weighted'). You may use labels=[pos_label] to specify a single positive class.
  warnings.warn(

2025-06-30 21:28:34,347:WARNING:C:\Users\fares\anaconda3\envs\pycaret-env\Lib\site-packages\sklearn\metrics\_classification.py:1561: UserWarning: Note that pos_label (set to 'yes') is ignored when average != 'binary' (got 'weighted'). You may use labels=[pos_label] to specify a single positive class.
  warnings.warn(

2025-06-30 21:28:34,350:WARNING:C:\Users\fares\anaconda3\envs\pycaret-env\Lib\site-packages\sklearn\metrics\_classification.py:1561: UserWarning: Note that pos_label (set to 'yes') is ignored when average != 'binary' (got 'weighted'). You may use labels=[pos_label] to specify a single positive class.
  warnings.warn(

2025-06-30 21:28:34,357:WARNING:C:\Users\fares\anaconda3\envs\pycaret-env\Lib\site-packages\sklearn\metrics\_classification.py:1561: UserWarning: Note that pos_label (set to 'yes') is ignored when average != 'binary' (got 'weighted'). You may use labels=[pos_label] to specify a single positive class.
  warnings.warn(

2025-06-30 21:28:34,361:WARNING:C:\Users\fares\anaconda3\envs\pycaret-env\Lib\site-packages\sklearn\metrics\_classification.py:1561: UserWarning: Note that pos_label (set to 'yes') is ignored when average != 'binary' (got 'weighted'). You may use labels=[pos_label] to specify a single positive class.
  warnings.warn(

2025-06-30 21:28:34,374:WARNING:C:\Users\fares\anaconda3\envs\pycaret-env\Lib\site-packages\sklearn\metrics\_classification.py:1561: UserWarning: Note that pos_label (set to 'yes') is ignored when average != 'binary' (got 'weighted'). You may use labels=[pos_label] to specify a single positive class.
  warnings.warn(

2025-06-30 21:28:34,378:WARNING:C:\Users\fares\anaconda3\envs\pycaret-env\Lib\site-packages\sklearn\metrics\_classification.py:1561: UserWarning: Note that pos_label (set to 'yes') is ignored when average != 'binary' (got 'weighted'). You may use labels=[pos_label] to specify a single positive class.
  warnings.warn(

2025-06-30 21:28:34,385:WARNING:C:\Users\fares\anaconda3\envs\pycaret-env\Lib\site-packages\sklearn\metrics\_classification.py:1561: UserWarning: Note that pos_label (set to 'yes') is ignored when average != 'binary' (got 'weighted'). You may use labels=[pos_label] to specify a single positive class.
  warnings.warn(

2025-06-30 21:28:34,393:WARNING:C:\Users\fares\anaconda3\envs\pycaret-env\Lib\site-packages\sklearn\metrics\_classification.py:1561: UserWarning: Note that pos_label (set to 'yes') is ignored when average != 'binary' (got 'weighted'). You may use labels=[pos_label] to specify a single positive class.
  warnings.warn(

2025-06-30 21:28:36,948:WARNING:C:\Users\fares\anaconda3\envs\pycaret-env\Lib\site-packages\sklearn\metrics\_classification.py:1561: UserWarning: Note that pos_label (set to 'yes') is ignored when average != 'binary' (got 'weighted'). You may use labels=[pos_label] to specify a single positive class.
  warnings.warn(

2025-06-30 21:28:36,971:WARNING:C:\Users\fares\anaconda3\envs\pycaret-env\Lib\site-packages\sklearn\metrics\_classification.py:1561: UserWarning: Note that pos_label (set to 'yes') is ignored when average != 'binary' (got 'weighted'). You may use labels=[pos_label] to specify a single positive class.
  warnings.warn(

2025-06-30 21:28:36,997:WARNING:C:\Users\fares\anaconda3\envs\pycaret-env\Lib\site-packages\sklearn\metrics\_classification.py:1561: UserWarning: Note that pos_label (set to 'yes') is ignored when average != 'binary' (got 'weighted'). You may use labels=[pos_label] to specify a single positive class.
  warnings.warn(

2025-06-30 21:28:37,006:WARNING:C:\Users\fares\anaconda3\envs\pycaret-env\Lib\site-packages\sklearn\metrics\_classification.py:1561: UserWarning: Note that pos_label (set to 'yes') is ignored when average != 'binary' (got 'weighted'). You may use labels=[pos_label] to specify a single positive class.
  warnings.warn(

2025-06-30 21:28:37,008:WARNING:C:\Users\fares\anaconda3\envs\pycaret-env\Lib\site-packages\sklearn\metrics\_classification.py:1561: UserWarning: Note that pos_label (set to 'yes') is ignored when average != 'binary' (got 'weighted'). You may use labels=[pos_label] to specify a single positive class.
  warnings.warn(

2025-06-30 21:28:37,024:WARNING:C:\Users\fares\anaconda3\envs\pycaret-env\Lib\site-packages\sklearn\metrics\_classification.py:1561: UserWarning: Note that pos_label (set to 'yes') is ignored when average != 'binary' (got 'weighted'). You may use labels=[pos_label] to specify a single positive class.
  warnings.warn(

2025-06-30 21:28:37,028:WARNING:C:\Users\fares\anaconda3\envs\pycaret-env\Lib\site-packages\sklearn\metrics\_classification.py:1561: UserWarning: Note that pos_label (set to 'yes') is ignored when average != 'binary' (got 'weighted'). You may use labels=[pos_label] to specify a single positive class.
  warnings.warn(

2025-06-30 21:28:37,031:WARNING:C:\Users\fares\anaconda3\envs\pycaret-env\Lib\site-packages\sklearn\metrics\_classification.py:1561: UserWarning: Note that pos_label (set to 'yes') is ignored when average != 'binary' (got 'weighted'). You may use labels=[pos_label] to specify a single positive class.
  warnings.warn(

2025-06-30 21:28:37,043:WARNING:C:\Users\fares\anaconda3\envs\pycaret-env\Lib\site-packages\sklearn\metrics\_classification.py:1561: UserWarning: Note that pos_label (set to 'yes') is ignored when average != 'binary' (got 'weighted'). You may use labels=[pos_label] to specify a single positive class.
  warnings.warn(

2025-06-30 21:28:37,045:WARNING:C:\Users\fares\anaconda3\envs\pycaret-env\Lib\site-packages\sklearn\metrics\_classification.py:1561: UserWarning: Note that pos_label (set to 'yes') is ignored when average != 'binary' (got 'weighted'). You may use labels=[pos_label] to specify a single positive class.
  warnings.warn(

2025-06-30 21:28:37,045:WARNING:C:\Users\fares\anaconda3\envs\pycaret-env\Lib\site-packages\sklearn\metrics\_classification.py:1561: UserWarning: Note that pos_label (set to 'yes') is ignored when average != 'binary' (got 'weighted'). You may use labels=[pos_label] to specify a single positive class.
  warnings.warn(

2025-06-30 21:28:37,048:WARNING:C:\Users\fares\anaconda3\envs\pycaret-env\Lib\site-packages\sklearn\metrics\_classification.py:1561: UserWarning: Note that pos_label (set to 'yes') is ignored when average != 'binary' (got 'weighted'). You may use labels=[pos_label] to specify a single positive class.
  warnings.warn(

2025-06-30 21:28:37,051:WARNING:C:\Users\fares\anaconda3\envs\pycaret-env\Lib\site-packages\sklearn\metrics\_classification.py:1561: UserWarning: Note that pos_label (set to 'yes') is ignored when average != 'binary' (got 'weighted'). You may use labels=[pos_label] to specify a single positive class.
  warnings.warn(

2025-06-30 21:28:37,064:WARNING:C:\Users\fares\anaconda3\envs\pycaret-env\Lib\site-packages\sklearn\metrics\_classification.py:1561: UserWarning: Note that pos_label (set to 'yes') is ignored when average != 'binary' (got 'weighted'). You may use labels=[pos_label] to specify a single positive class.
  warnings.warn(

2025-06-30 21:28:37,065:WARNING:C:\Users\fares\anaconda3\envs\pycaret-env\Lib\site-packages\sklearn\metrics\_classification.py:1561: UserWarning: Note that pos_label (set to 'yes') is ignored when average != 'binary' (got 'weighted'). You may use labels=[pos_label] to specify a single positive class.
  warnings.warn(

2025-06-30 21:28:37,066:WARNING:C:\Users\fares\anaconda3\envs\pycaret-env\Lib\site-packages\sklearn\metrics\_classification.py:1561: UserWarning: Note that pos_label (set to 'yes') is ignored when average != 'binary' (got 'weighted'). You may use labels=[pos_label] to specify a single positive class.
  warnings.warn(

2025-06-30 21:28:37,084:WARNING:C:\Users\fares\anaconda3\envs\pycaret-env\Lib\site-packages\sklearn\metrics\_classification.py:1561: UserWarning: Note that pos_label (set to 'yes') is ignored when average != 'binary' (got 'weighted'). You may use labels=[pos_label] to specify a single positive class.
  warnings.warn(

2025-06-30 21:28:37,088:WARNING:C:\Users\fares\anaconda3\envs\pycaret-env\Lib\site-packages\sklearn\metrics\_classification.py:1561: UserWarning: Note that pos_label (set to 'yes') is ignored when average != 'binary' (got 'weighted'). You may use labels=[pos_label] to specify a single positive class.
  warnings.warn(

2025-06-30 21:28:37,122:INFO:Calculating mean and std
2025-06-30 21:28:37,124:INFO:Creating metrics dataframe
2025-06-30 21:28:37,127:INFO:Uploading results into container
2025-06-30 21:28:37,127:INFO:Uploading model into container now
2025-06-30 21:28:37,127:INFO:_master_model_container: 2
2025-06-30 21:28:37,129:INFO:_display_container: 2
2025-06-30 21:28:37,129:INFO:KNeighborsClassifier(algorithm='auto', leaf_size=30, metric='minkowski',
                     metric_params=None, n_jobs=-1, n_neighbors=5, p=2,
                     weights='uniform')
2025-06-30 21:28:37,129:INFO:create_model() successfully completed......................................
2025-06-30 21:28:37,243:INFO:SubProcess create_model() end ==================================
2025-06-30 21:28:37,243:INFO:Creating metrics dataframe
2025-06-30 21:28:37,250:INFO:Initializing Naive Bayes
2025-06-30 21:28:37,250:INFO:Total runtime is 1.0720203399658204 minutes
2025-06-30 21:28:37,251:INFO:SubProcess create_model() called ==================================
2025-06-30 21:28:37,251:INFO:Initializing create_model()
2025-06-30 21:28:37,251:INFO:create_model(self=<pycaret.classification.oop.ClassificationExperiment object at 0x0000025F39F14910>, estimator=nb, fold=StratifiedKFold(n_splits=10, random_state=None, shuffle=False), round=4, cross_validation=True, predict=True, fit_kwargs={}, groups=None, refit=False, probability_threshold=None, experiment_custom_tags=None, verbose=False, system=False, add_to_model_list=True, metrics=None, display=<pycaret.internal.display.display.CommonDisplay object at 0x0000025F39F00590>, model_only=True, return_train_score=False, error_score=0.0, kwargs={})
2025-06-30 21:28:37,252:INFO:Checking exceptions
2025-06-30 21:28:37,252:INFO:Importing libraries
2025-06-30 21:28:37,252:INFO:Copying training dataset
2025-06-30 21:28:37,270:INFO:Defining folds
2025-06-30 21:28:37,271:INFO:Declaring metric variables
2025-06-30 21:28:37,274:INFO:Importing untrained model
2025-06-30 21:28:37,278:INFO:Naive Bayes Imported successfully
2025-06-30 21:28:37,284:INFO:Starting cross validation
2025-06-30 21:28:37,288:INFO:Cross validating with StratifiedKFold(n_splits=10, random_state=None, shuffle=False), n_jobs=-1
2025-06-30 21:28:38,583:WARNING:C:\Users\fares\anaconda3\envs\pycaret-env\Lib\site-packages\sklearn\metrics\_classification.py:1561: UserWarning: Note that pos_label (set to 'yes') is ignored when average != 'binary' (got 'weighted'). You may use labels=[pos_label] to specify a single positive class.
  warnings.warn(

2025-06-30 21:28:38,583:WARNING:C:\Users\fares\anaconda3\envs\pycaret-env\Lib\site-packages\sklearn\metrics\_classification.py:1561: UserWarning: Note that pos_label (set to 'yes') is ignored when average != 'binary' (got 'weighted'). You may use labels=[pos_label] to specify a single positive class.
  warnings.warn(

2025-06-30 21:28:38,586:WARNING:C:\Users\fares\anaconda3\envs\pycaret-env\Lib\site-packages\sklearn\metrics\_classification.py:1561: UserWarning: Note that pos_label (set to 'yes') is ignored when average != 'binary' (got 'weighted'). You may use labels=[pos_label] to specify a single positive class.
  warnings.warn(

2025-06-30 21:28:38,586:WARNING:C:\Users\fares\anaconda3\envs\pycaret-env\Lib\site-packages\sklearn\metrics\_classification.py:1561: UserWarning: Note that pos_label (set to 'yes') is ignored when average != 'binary' (got 'weighted'). You may use labels=[pos_label] to specify a single positive class.
  warnings.warn(

2025-06-30 21:28:38,587:WARNING:C:\Users\fares\anaconda3\envs\pycaret-env\Lib\site-packages\sklearn\metrics\_classification.py:1561: UserWarning: Note that pos_label (set to 'yes') is ignored when average != 'binary' (got 'weighted'). You may use labels=[pos_label] to specify a single positive class.
  warnings.warn(

2025-06-30 21:28:38,587:WARNING:C:\Users\fares\anaconda3\envs\pycaret-env\Lib\site-packages\sklearn\metrics\_classification.py:1561: UserWarning: Note that pos_label (set to 'yes') is ignored when average != 'binary' (got 'weighted'). You may use labels=[pos_label] to specify a single positive class.
  warnings.warn(

2025-06-30 21:28:38,596:WARNING:C:\Users\fares\anaconda3\envs\pycaret-env\Lib\site-packages\sklearn\metrics\_classification.py:1561: UserWarning: Note that pos_label (set to 'yes') is ignored when average != 'binary' (got 'weighted'). You may use labels=[pos_label] to specify a single positive class.
  warnings.warn(

2025-06-30 21:28:38,597:WARNING:C:\Users\fares\anaconda3\envs\pycaret-env\Lib\site-packages\sklearn\metrics\_classification.py:1561: UserWarning: Note that pos_label (set to 'yes') is ignored when average != 'binary' (got 'weighted'). You may use labels=[pos_label] to specify a single positive class.
  warnings.warn(

2025-06-30 21:28:38,597:WARNING:C:\Users\fares\anaconda3\envs\pycaret-env\Lib\site-packages\sklearn\metrics\_classification.py:1561: UserWarning: Note that pos_label (set to 'yes') is ignored when average != 'binary' (got 'weighted'). You may use labels=[pos_label] to specify a single positive class.
  warnings.warn(

2025-06-30 21:28:38,601:WARNING:C:\Users\fares\anaconda3\envs\pycaret-env\Lib\site-packages\sklearn\metrics\_classification.py:1561: UserWarning: Note that pos_label (set to 'yes') is ignored when average != 'binary' (got 'weighted'). You may use labels=[pos_label] to specify a single positive class.
  warnings.warn(

2025-06-30 21:28:38,606:WARNING:C:\Users\fares\anaconda3\envs\pycaret-env\Lib\site-packages\sklearn\metrics\_classification.py:1561: UserWarning: Note that pos_label (set to 'yes') is ignored when average != 'binary' (got 'weighted'). You may use labels=[pos_label] to specify a single positive class.
  warnings.warn(

2025-06-30 21:28:38,610:WARNING:C:\Users\fares\anaconda3\envs\pycaret-env\Lib\site-packages\sklearn\metrics\_classification.py:1561: UserWarning: Note that pos_label (set to 'yes') is ignored when average != 'binary' (got 'weighted'). You may use labels=[pos_label] to specify a single positive class.
  warnings.warn(

2025-06-30 21:28:38,611:WARNING:C:\Users\fares\anaconda3\envs\pycaret-env\Lib\site-packages\sklearn\metrics\_classification.py:1561: UserWarning: Note that pos_label (set to 'yes') is ignored when average != 'binary' (got 'weighted'). You may use labels=[pos_label] to specify a single positive class.
  warnings.warn(

2025-06-30 21:28:38,611:WARNING:C:\Users\fares\anaconda3\envs\pycaret-env\Lib\site-packages\sklearn\metrics\_classification.py:1561: UserWarning: Note that pos_label (set to 'yes') is ignored when average != 'binary' (got 'weighted'). You may use labels=[pos_label] to specify a single positive class.
  warnings.warn(

2025-06-30 21:28:38,612:WARNING:C:\Users\fares\anaconda3\envs\pycaret-env\Lib\site-packages\sklearn\metrics\_classification.py:1561: UserWarning: Note that pos_label (set to 'yes') is ignored when average != 'binary' (got 'weighted'). You may use labels=[pos_label] to specify a single positive class.
  warnings.warn(

2025-06-30 21:28:38,619:WARNING:C:\Users\fares\anaconda3\envs\pycaret-env\Lib\site-packages\sklearn\metrics\_classification.py:1561: UserWarning: Note that pos_label (set to 'yes') is ignored when average != 'binary' (got 'weighted'). You may use labels=[pos_label] to specify a single positive class.
  warnings.warn(

2025-06-30 21:28:38,620:WARNING:C:\Users\fares\anaconda3\envs\pycaret-env\Lib\site-packages\sklearn\metrics\_classification.py:1561: UserWarning: Note that pos_label (set to 'yes') is ignored when average != 'binary' (got 'weighted'). You may use labels=[pos_label] to specify a single positive class.
  warnings.warn(

2025-06-30 21:28:38,620:WARNING:C:\Users\fares\anaconda3\envs\pycaret-env\Lib\site-packages\sklearn\metrics\_classification.py:1561: UserWarning: Note that pos_label (set to 'yes') is ignored when average != 'binary' (got 'weighted'). You may use labels=[pos_label] to specify a single positive class.
  warnings.warn(

2025-06-30 21:28:38,622:WARNING:C:\Users\fares\anaconda3\envs\pycaret-env\Lib\site-packages\sklearn\metrics\_classification.py:1561: UserWarning: Note that pos_label (set to 'yes') is ignored when average != 'binary' (got 'weighted'). You may use labels=[pos_label] to specify a single positive class.
  warnings.warn(

2025-06-30 21:28:38,629:WARNING:C:\Users\fares\anaconda3\envs\pycaret-env\Lib\site-packages\sklearn\metrics\_classification.py:1561: UserWarning: Note that pos_label (set to 'yes') is ignored when average != 'binary' (got 'weighted'). You may use labels=[pos_label] to specify a single positive class.
  warnings.warn(

2025-06-30 21:28:38,630:WARNING:C:\Users\fares\anaconda3\envs\pycaret-env\Lib\site-packages\sklearn\metrics\_classification.py:1561: UserWarning: Note that pos_label (set to 'yes') is ignored when average != 'binary' (got 'weighted'). You may use labels=[pos_label] to specify a single positive class.
  warnings.warn(

2025-06-30 21:28:38,634:WARNING:C:\Users\fares\anaconda3\envs\pycaret-env\Lib\site-packages\sklearn\metrics\_classification.py:1561: UserWarning: Note that pos_label (set to 'yes') is ignored when average != 'binary' (got 'weighted'). You may use labels=[pos_label] to specify a single positive class.
  warnings.warn(

2025-06-30 21:28:38,635:WARNING:C:\Users\fares\anaconda3\envs\pycaret-env\Lib\site-packages\sklearn\metrics\_classification.py:1561: UserWarning: Note that pos_label (set to 'yes') is ignored when average != 'binary' (got 'weighted'). You may use labels=[pos_label] to specify a single positive class.
  warnings.warn(

2025-06-30 21:28:38,636:WARNING:C:\Users\fares\anaconda3\envs\pycaret-env\Lib\site-packages\sklearn\metrics\_classification.py:1561: UserWarning: Note that pos_label (set to 'yes') is ignored when average != 'binary' (got 'weighted'). You may use labels=[pos_label] to specify a single positive class.
  warnings.warn(

2025-06-30 21:28:38,637:WARNING:C:\Users\fares\anaconda3\envs\pycaret-env\Lib\site-packages\sklearn\metrics\_classification.py:1561: UserWarning: Note that pos_label (set to 'yes') is ignored when average != 'binary' (got 'weighted'). You may use labels=[pos_label] to specify a single positive class.
  warnings.warn(

2025-06-30 21:28:38,641:WARNING:C:\Users\fares\anaconda3\envs\pycaret-env\Lib\site-packages\sklearn\metrics\_classification.py:1561: UserWarning: Note that pos_label (set to 'yes') is ignored when average != 'binary' (got 'weighted'). You may use labels=[pos_label] to specify a single positive class.
  warnings.warn(

2025-06-30 21:28:38,646:WARNING:C:\Users\fares\anaconda3\envs\pycaret-env\Lib\site-packages\sklearn\metrics\_classification.py:1561: UserWarning: Note that pos_label (set to 'yes') is ignored when average != 'binary' (got 'weighted'). You may use labels=[pos_label] to specify a single positive class.
  warnings.warn(

2025-06-30 21:28:38,647:WARNING:C:\Users\fares\anaconda3\envs\pycaret-env\Lib\site-packages\sklearn\metrics\_classification.py:1561: UserWarning: Note that pos_label (set to 'yes') is ignored when average != 'binary' (got 'weighted'). You may use labels=[pos_label] to specify a single positive class.
  warnings.warn(

2025-06-30 21:28:38,650:WARNING:C:\Users\fares\anaconda3\envs\pycaret-env\Lib\site-packages\sklearn\metrics\_classification.py:1561: UserWarning: Note that pos_label (set to 'yes') is ignored when average != 'binary' (got 'weighted'). You may use labels=[pos_label] to specify a single positive class.
  warnings.warn(

2025-06-30 21:28:38,686:INFO:Calculating mean and std
2025-06-30 21:28:38,687:INFO:Creating metrics dataframe
2025-06-30 21:28:38,690:INFO:Uploading results into container
2025-06-30 21:28:38,691:INFO:Uploading model into container now
2025-06-30 21:28:38,691:INFO:_master_model_container: 3
2025-06-30 21:28:38,691:INFO:_display_container: 2
2025-06-30 21:28:38,691:INFO:GaussianNB(priors=None, var_smoothing=1e-09)
2025-06-30 21:28:38,691:INFO:create_model() successfully completed......................................
2025-06-30 21:28:38,795:INFO:SubProcess create_model() end ==================================
2025-06-30 21:28:38,795:INFO:Creating metrics dataframe
2025-06-30 21:28:38,806:INFO:Initializing Decision Tree Classifier
2025-06-30 21:28:38,807:INFO:Total runtime is 1.0979507247606914 minutes
2025-06-30 21:28:38,815:INFO:SubProcess create_model() called ==================================
2025-06-30 21:28:38,815:INFO:Initializing create_model()
2025-06-30 21:28:38,815:INFO:create_model(self=<pycaret.classification.oop.ClassificationExperiment object at 0x0000025F39F14910>, estimator=dt, fold=StratifiedKFold(n_splits=10, random_state=None, shuffle=False), round=4, cross_validation=True, predict=True, fit_kwargs={}, groups=None, refit=False, probability_threshold=None, experiment_custom_tags=None, verbose=False, system=False, add_to_model_list=True, metrics=None, display=<pycaret.internal.display.display.CommonDisplay object at 0x0000025F39F00590>, model_only=True, return_train_score=False, error_score=0.0, kwargs={})
2025-06-30 21:28:38,815:INFO:Checking exceptions
2025-06-30 21:28:38,815:INFO:Importing libraries
2025-06-30 21:28:38,816:INFO:Copying training dataset
2025-06-30 21:28:38,838:INFO:Defining folds
2025-06-30 21:28:38,838:INFO:Declaring metric variables
2025-06-30 21:28:38,842:INFO:Importing untrained model
2025-06-30 21:28:38,847:INFO:Decision Tree Classifier Imported successfully
2025-06-30 21:28:38,855:INFO:Starting cross validation
2025-06-30 21:28:38,861:INFO:Cross validating with StratifiedKFold(n_splits=10, random_state=None, shuffle=False), n_jobs=-1
2025-06-30 21:28:40,371:WARNING:C:\Users\fares\anaconda3\envs\pycaret-env\Lib\site-packages\sklearn\metrics\_classification.py:1561: UserWarning: Note that pos_label (set to 'yes') is ignored when average != 'binary' (got 'weighted'). You may use labels=[pos_label] to specify a single positive class.
  warnings.warn(

2025-06-30 21:28:40,373:WARNING:C:\Users\fares\anaconda3\envs\pycaret-env\Lib\site-packages\sklearn\metrics\_classification.py:1561: UserWarning: Note that pos_label (set to 'yes') is ignored when average != 'binary' (got 'weighted'). You may use labels=[pos_label] to specify a single positive class.
  warnings.warn(

2025-06-30 21:28:40,396:WARNING:C:\Users\fares\anaconda3\envs\pycaret-env\Lib\site-packages\sklearn\metrics\_classification.py:1561: UserWarning: Note that pos_label (set to 'yes') is ignored when average != 'binary' (got 'weighted'). You may use labels=[pos_label] to specify a single positive class.
  warnings.warn(

2025-06-30 21:28:40,401:WARNING:C:\Users\fares\anaconda3\envs\pycaret-env\Lib\site-packages\sklearn\metrics\_classification.py:1561: UserWarning: Note that pos_label (set to 'yes') is ignored when average != 'binary' (got 'weighted'). You may use labels=[pos_label] to specify a single positive class.
  warnings.warn(

2025-06-30 21:28:40,406:WARNING:C:\Users\fares\anaconda3\envs\pycaret-env\Lib\site-packages\sklearn\metrics\_classification.py:1561: UserWarning: Note that pos_label (set to 'yes') is ignored when average != 'binary' (got 'weighted'). You may use labels=[pos_label] to specify a single positive class.
  warnings.warn(

2025-06-30 21:28:40,415:WARNING:C:\Users\fares\anaconda3\envs\pycaret-env\Lib\site-packages\sklearn\metrics\_classification.py:1561: UserWarning: Note that pos_label (set to 'yes') is ignored when average != 'binary' (got 'weighted'). You may use labels=[pos_label] to specify a single positive class.
  warnings.warn(

2025-06-30 21:28:40,418:WARNING:C:\Users\fares\anaconda3\envs\pycaret-env\Lib\site-packages\sklearn\metrics\_classification.py:1561: UserWarning: Note that pos_label (set to 'yes') is ignored when average != 'binary' (got 'weighted'). You may use labels=[pos_label] to specify a single positive class.
  warnings.warn(

2025-06-30 21:28:40,420:WARNING:C:\Users\fares\anaconda3\envs\pycaret-env\Lib\site-packages\sklearn\metrics\_classification.py:1561: UserWarning: Note that pos_label (set to 'yes') is ignored when average != 'binary' (got 'weighted'). You may use labels=[pos_label] to specify a single positive class.
  warnings.warn(

2025-06-30 21:28:40,421:WARNING:C:\Users\fares\anaconda3\envs\pycaret-env\Lib\site-packages\sklearn\metrics\_classification.py:1561: UserWarning: Note that pos_label (set to 'yes') is ignored when average != 'binary' (got 'weighted'). You may use labels=[pos_label] to specify a single positive class.
  warnings.warn(

2025-06-30 21:28:40,424:WARNING:C:\Users\fares\anaconda3\envs\pycaret-env\Lib\site-packages\sklearn\metrics\_classification.py:1561: UserWarning: Note that pos_label (set to 'yes') is ignored when average != 'binary' (got 'weighted'). You may use labels=[pos_label] to specify a single positive class.
  warnings.warn(

2025-06-30 21:28:40,425:WARNING:C:\Users\fares\anaconda3\envs\pycaret-env\Lib\site-packages\sklearn\metrics\_classification.py:1561: UserWarning: Note that pos_label (set to 'yes') is ignored when average != 'binary' (got 'weighted'). You may use labels=[pos_label] to specify a single positive class.
  warnings.warn(

2025-06-30 21:28:40,431:WARNING:C:\Users\fares\anaconda3\envs\pycaret-env\Lib\site-packages\sklearn\metrics\_classification.py:1561: UserWarning: Note that pos_label (set to 'yes') is ignored when average != 'binary' (got 'weighted'). You may use labels=[pos_label] to specify a single positive class.
  warnings.warn(

2025-06-30 21:28:40,437:WARNING:C:\Users\fares\anaconda3\envs\pycaret-env\Lib\site-packages\sklearn\metrics\_classification.py:1561: UserWarning: Note that pos_label (set to 'yes') is ignored when average != 'binary' (got 'weighted'). You may use labels=[pos_label] to specify a single positive class.
  warnings.warn(

2025-06-30 21:28:40,439:WARNING:C:\Users\fares\anaconda3\envs\pycaret-env\Lib\site-packages\sklearn\metrics\_classification.py:1561: UserWarning: Note that pos_label (set to 'yes') is ignored when average != 'binary' (got 'weighted'). You may use labels=[pos_label] to specify a single positive class.
  warnings.warn(

2025-06-30 21:28:40,442:WARNING:C:\Users\fares\anaconda3\envs\pycaret-env\Lib\site-packages\sklearn\metrics\_classification.py:1561: UserWarning: Note that pos_label (set to 'yes') is ignored when average != 'binary' (got 'weighted'). You may use labels=[pos_label] to specify a single positive class.
  warnings.warn(

2025-06-30 21:28:40,442:WARNING:C:\Users\fares\anaconda3\envs\pycaret-env\Lib\site-packages\sklearn\metrics\_classification.py:1561: UserWarning: Note that pos_label (set to 'yes') is ignored when average != 'binary' (got 'weighted'). You may use labels=[pos_label] to specify a single positive class.
  warnings.warn(

2025-06-30 21:28:40,444:WARNING:C:\Users\fares\anaconda3\envs\pycaret-env\Lib\site-packages\sklearn\metrics\_classification.py:1561: UserWarning: Note that pos_label (set to 'yes') is ignored when average != 'binary' (got 'weighted'). You may use labels=[pos_label] to specify a single positive class.
  warnings.warn(

2025-06-30 21:28:40,447:WARNING:C:\Users\fares\anaconda3\envs\pycaret-env\Lib\site-packages\sklearn\metrics\_classification.py:1561: UserWarning: Note that pos_label (set to 'yes') is ignored when average != 'binary' (got 'weighted'). You may use labels=[pos_label] to specify a single positive class.
  warnings.warn(

2025-06-30 21:28:40,451:WARNING:C:\Users\fares\anaconda3\envs\pycaret-env\Lib\site-packages\sklearn\metrics\_classification.py:1561: UserWarning: Note that pos_label (set to 'yes') is ignored when average != 'binary' (got 'weighted'). You may use labels=[pos_label] to specify a single positive class.
  warnings.warn(

2025-06-30 21:28:40,453:WARNING:C:\Users\fares\anaconda3\envs\pycaret-env\Lib\site-packages\sklearn\metrics\_classification.py:1561: UserWarning: Note that pos_label (set to 'yes') is ignored when average != 'binary' (got 'weighted'). You may use labels=[pos_label] to specify a single positive class.
  warnings.warn(

2025-06-30 21:28:40,458:WARNING:C:\Users\fares\anaconda3\envs\pycaret-env\Lib\site-packages\sklearn\metrics\_classification.py:1561: UserWarning: Note that pos_label (set to 'yes') is ignored when average != 'binary' (got 'weighted'). You may use labels=[pos_label] to specify a single positive class.
  warnings.warn(

2025-06-30 21:28:40,459:WARNING:C:\Users\fares\anaconda3\envs\pycaret-env\Lib\site-packages\sklearn\metrics\_classification.py:1561: UserWarning: Note that pos_label (set to 'yes') is ignored when average != 'binary' (got 'weighted'). You may use labels=[pos_label] to specify a single positive class.
  warnings.warn(

2025-06-30 21:28:40,462:WARNING:C:\Users\fares\anaconda3\envs\pycaret-env\Lib\site-packages\sklearn\metrics\_classification.py:1561: UserWarning: Note that pos_label (set to 'yes') is ignored when average != 'binary' (got 'weighted'). You may use labels=[pos_label] to specify a single positive class.
  warnings.warn(

2025-06-30 21:28:40,463:WARNING:C:\Users\fares\anaconda3\envs\pycaret-env\Lib\site-packages\sklearn\metrics\_classification.py:1561: UserWarning: Note that pos_label (set to 'yes') is ignored when average != 'binary' (got 'weighted'). You may use labels=[pos_label] to specify a single positive class.
  warnings.warn(

2025-06-30 21:28:40,465:WARNING:C:\Users\fares\anaconda3\envs\pycaret-env\Lib\site-packages\sklearn\metrics\_classification.py:1561: UserWarning: Note that pos_label (set to 'yes') is ignored when average != 'binary' (got 'weighted'). You may use labels=[pos_label] to specify a single positive class.
  warnings.warn(

2025-06-30 21:28:40,465:WARNING:C:\Users\fares\anaconda3\envs\pycaret-env\Lib\site-packages\sklearn\metrics\_classification.py:1561: UserWarning: Note that pos_label (set to 'yes') is ignored when average != 'binary' (got 'weighted'). You may use labels=[pos_label] to specify a single positive class.
  warnings.warn(

2025-06-30 21:28:40,470:WARNING:C:\Users\fares\anaconda3\envs\pycaret-env\Lib\site-packages\sklearn\metrics\_classification.py:1561: UserWarning: Note that pos_label (set to 'yes') is ignored when average != 'binary' (got 'weighted'). You may use labels=[pos_label] to specify a single positive class.
  warnings.warn(

2025-06-30 21:28:40,483:WARNING:C:\Users\fares\anaconda3\envs\pycaret-env\Lib\site-packages\sklearn\metrics\_classification.py:1561: UserWarning: Note that pos_label (set to 'yes') is ignored when average != 'binary' (got 'weighted'). You may use labels=[pos_label] to specify a single positive class.
  warnings.warn(

2025-06-30 21:28:40,486:WARNING:C:\Users\fares\anaconda3\envs\pycaret-env\Lib\site-packages\sklearn\metrics\_classification.py:1561: UserWarning: Note that pos_label (set to 'yes') is ignored when average != 'binary' (got 'weighted'). You may use labels=[pos_label] to specify a single positive class.
  warnings.warn(

2025-06-30 21:28:40,489:WARNING:C:\Users\fares\anaconda3\envs\pycaret-env\Lib\site-packages\sklearn\metrics\_classification.py:1561: UserWarning: Note that pos_label (set to 'yes') is ignored when average != 'binary' (got 'weighted'). You may use labels=[pos_label] to specify a single positive class.
  warnings.warn(

2025-06-30 21:28:40,524:INFO:Calculating mean and std
2025-06-30 21:28:40,525:INFO:Creating metrics dataframe
2025-06-30 21:28:40,526:INFO:Uploading results into container
2025-06-30 21:28:40,527:INFO:Uploading model into container now
2025-06-30 21:28:40,527:INFO:_master_model_container: 4
2025-06-30 21:28:40,527:INFO:_display_container: 2
2025-06-30 21:28:40,528:INFO:DecisionTreeClassifier(ccp_alpha=0.0, class_weight=None, criterion='gini',
                       max_depth=None, max_features=None, max_leaf_nodes=None,
                       min_impurity_decrease=0.0, min_samples_leaf=1,
                       min_samples_split=2, min_weight_fraction_leaf=0.0,
                       monotonic_cst=None, random_state=123, splitter='best')
2025-06-30 21:28:40,528:INFO:create_model() successfully completed......................................
2025-06-30 21:28:40,618:INFO:SubProcess create_model() end ==================================
2025-06-30 21:28:40,618:INFO:Creating metrics dataframe
2025-06-30 21:28:40,625:INFO:Initializing SVM - Linear Kernel
2025-06-30 21:28:40,626:INFO:Total runtime is 1.1282841126124066 minutes
2025-06-30 21:28:40,628:INFO:SubProcess create_model() called ==================================
2025-06-30 21:28:40,628:INFO:Initializing create_model()
2025-06-30 21:28:40,628:INFO:create_model(self=<pycaret.classification.oop.ClassificationExperiment object at 0x0000025F39F14910>, estimator=svm, fold=StratifiedKFold(n_splits=10, random_state=None, shuffle=False), round=4, cross_validation=True, predict=True, fit_kwargs={}, groups=None, refit=False, probability_threshold=None, experiment_custom_tags=None, verbose=False, system=False, add_to_model_list=True, metrics=None, display=<pycaret.internal.display.display.CommonDisplay object at 0x0000025F39F00590>, model_only=True, return_train_score=False, error_score=0.0, kwargs={})
2025-06-30 21:28:40,628:INFO:Checking exceptions
2025-06-30 21:28:40,628:INFO:Importing libraries
2025-06-30 21:28:40,628:INFO:Copying training dataset
2025-06-30 21:28:40,645:INFO:Defining folds
2025-06-30 21:28:40,645:INFO:Declaring metric variables
2025-06-30 21:28:40,648:INFO:Importing untrained model
2025-06-30 21:28:40,651:INFO:SVM - Linear Kernel Imported successfully
2025-06-30 21:28:40,655:INFO:Starting cross validation
2025-06-30 21:28:40,658:INFO:Cross validating with StratifiedKFold(n_splits=10, random_state=None, shuffle=False), n_jobs=-1
2025-06-30 21:28:43,459:WARNING:C:\Users\fares\anaconda3\envs\pycaret-env\Lib\site-packages\sklearn\metrics\_classification.py:1561: UserWarning: Note that pos_label (set to 'yes') is ignored when average != 'binary' (got 'weighted'). You may use labels=[pos_label] to specify a single positive class.
  warnings.warn(

2025-06-30 21:28:43,481:WARNING:C:\Users\fares\anaconda3\envs\pycaret-env\Lib\site-packages\sklearn\metrics\_classification.py:1561: UserWarning: Note that pos_label (set to 'yes') is ignored when average != 'binary' (got 'weighted'). You may use labels=[pos_label] to specify a single positive class.
  warnings.warn(

2025-06-30 21:28:43,508:WARNING:C:\Users\fares\anaconda3\envs\pycaret-env\Lib\site-packages\sklearn\metrics\_classification.py:1561: UserWarning: Note that pos_label (set to 'yes') is ignored when average != 'binary' (got 'weighted'). You may use labels=[pos_label] to specify a single positive class.
  warnings.warn(

2025-06-30 21:28:43,861:WARNING:C:\Users\fares\anaconda3\envs\pycaret-env\Lib\site-packages\sklearn\metrics\_classification.py:1561: UserWarning: Note that pos_label (set to 'yes') is ignored when average != 'binary' (got 'weighted'). You may use labels=[pos_label] to specify a single positive class.
  warnings.warn(

2025-06-30 21:28:43,885:WARNING:C:\Users\fares\anaconda3\envs\pycaret-env\Lib\site-packages\sklearn\metrics\_classification.py:1561: UserWarning: Note that pos_label (set to 'yes') is ignored when average != 'binary' (got 'weighted'). You may use labels=[pos_label] to specify a single positive class.
  warnings.warn(

2025-06-30 21:28:43,909:WARNING:C:\Users\fares\anaconda3\envs\pycaret-env\Lib\site-packages\sklearn\metrics\_classification.py:1561: UserWarning: Note that pos_label (set to 'yes') is ignored when average != 'binary' (got 'weighted'). You may use labels=[pos_label] to specify a single positive class.
  warnings.warn(

2025-06-30 21:28:43,928:WARNING:C:\Users\fares\anaconda3\envs\pycaret-env\Lib\site-packages\sklearn\metrics\_classification.py:1561: UserWarning: Note that pos_label (set to 'yes') is ignored when average != 'binary' (got 'weighted'). You may use labels=[pos_label] to specify a single positive class.
  warnings.warn(

2025-06-30 21:28:43,950:WARNING:C:\Users\fares\anaconda3\envs\pycaret-env\Lib\site-packages\sklearn\metrics\_classification.py:1561: UserWarning: Note that pos_label (set to 'yes') is ignored when average != 'binary' (got 'weighted'). You may use labels=[pos_label] to specify a single positive class.
  warnings.warn(

2025-06-30 21:28:43,972:WARNING:C:\Users\fares\anaconda3\envs\pycaret-env\Lib\site-packages\sklearn\metrics\_classification.py:1561: UserWarning: Note that pos_label (set to 'yes') is ignored when average != 'binary' (got 'weighted'). You may use labels=[pos_label] to specify a single positive class.
  warnings.warn(

2025-06-30 21:28:44,018:WARNING:C:\Users\fares\anaconda3\envs\pycaret-env\Lib\site-packages\sklearn\metrics\_classification.py:1561: UserWarning: Note that pos_label (set to 'yes') is ignored when average != 'binary' (got 'weighted'). You may use labels=[pos_label] to specify a single positive class.
  warnings.warn(

2025-06-30 21:28:44,037:WARNING:C:\Users\fares\anaconda3\envs\pycaret-env\Lib\site-packages\sklearn\metrics\_classification.py:1561: UserWarning: Note that pos_label (set to 'yes') is ignored when average != 'binary' (got 'weighted'). You may use labels=[pos_label] to specify a single positive class.
  warnings.warn(

2025-06-30 21:28:44,059:WARNING:C:\Users\fares\anaconda3\envs\pycaret-env\Lib\site-packages\sklearn\metrics\_classification.py:1561: UserWarning: Note that pos_label (set to 'yes') is ignored when average != 'binary' (got 'weighted'). You may use labels=[pos_label] to specify a single positive class.
  warnings.warn(

2025-06-30 21:28:44,096:WARNING:C:\Users\fares\anaconda3\envs\pycaret-env\Lib\site-packages\sklearn\metrics\_classification.py:1561: UserWarning: Note that pos_label (set to 'yes') is ignored when average != 'binary' (got 'weighted'). You may use labels=[pos_label] to specify a single positive class.
  warnings.warn(

2025-06-30 21:28:44,119:WARNING:C:\Users\fares\anaconda3\envs\pycaret-env\Lib\site-packages\sklearn\metrics\_classification.py:1561: UserWarning: Note that pos_label (set to 'yes') is ignored when average != 'binary' (got 'weighted'). You may use labels=[pos_label] to specify a single positive class.
  warnings.warn(

2025-06-30 21:28:44,141:WARNING:C:\Users\fares\anaconda3\envs\pycaret-env\Lib\site-packages\sklearn\metrics\_classification.py:1561: UserWarning: Note that pos_label (set to 'yes') is ignored when average != 'binary' (got 'weighted'). You may use labels=[pos_label] to specify a single positive class.
  warnings.warn(

2025-06-30 21:28:44,343:WARNING:C:\Users\fares\anaconda3\envs\pycaret-env\Lib\site-packages\sklearn\metrics\_classification.py:1561: UserWarning: Note that pos_label (set to 'yes') is ignored when average != 'binary' (got 'weighted'). You may use labels=[pos_label] to specify a single positive class.
  warnings.warn(

2025-06-30 21:28:44,360:WARNING:C:\Users\fares\anaconda3\envs\pycaret-env\Lib\site-packages\sklearn\metrics\_classification.py:1561: UserWarning: Note that pos_label (set to 'yes') is ignored when average != 'binary' (got 'weighted'). You may use labels=[pos_label] to specify a single positive class.
  warnings.warn(

2025-06-30 21:28:44,381:WARNING:C:\Users\fares\anaconda3\envs\pycaret-env\Lib\site-packages\sklearn\metrics\_classification.py:1561: UserWarning: Note that pos_label (set to 'yes') is ignored when average != 'binary' (got 'weighted'). You may use labels=[pos_label] to specify a single positive class.
  warnings.warn(

2025-06-30 21:28:44,410:WARNING:C:\Users\fares\anaconda3\envs\pycaret-env\Lib\site-packages\sklearn\metrics\_classification.py:1561: UserWarning: Note that pos_label (set to 'yes') is ignored when average != 'binary' (got 'weighted'). You may use labels=[pos_label] to specify a single positive class.
  warnings.warn(

2025-06-30 21:28:44,433:WARNING:C:\Users\fares\anaconda3\envs\pycaret-env\Lib\site-packages\sklearn\metrics\_classification.py:1561: UserWarning: Note that pos_label (set to 'yes') is ignored when average != 'binary' (got 'weighted'). You may use labels=[pos_label] to specify a single positive class.
  warnings.warn(

2025-06-30 21:28:44,451:WARNING:C:\Users\fares\anaconda3\envs\pycaret-env\Lib\site-packages\sklearn\metrics\_classification.py:1561: UserWarning: Note that pos_label (set to 'yes') is ignored when average != 'binary' (got 'weighted'). You may use labels=[pos_label] to specify a single positive class.
  warnings.warn(

2025-06-30 21:28:44,558:WARNING:C:\Users\fares\anaconda3\envs\pycaret-env\Lib\site-packages\sklearn\metrics\_classification.py:1561: UserWarning: Note that pos_label (set to 'yes') is ignored when average != 'binary' (got 'weighted'). You may use labels=[pos_label] to specify a single positive class.
  warnings.warn(

2025-06-30 21:28:44,577:WARNING:C:\Users\fares\anaconda3\envs\pycaret-env\Lib\site-packages\sklearn\metrics\_classification.py:1561: UserWarning: Note that pos_label (set to 'yes') is ignored when average != 'binary' (got 'weighted'). You may use labels=[pos_label] to specify a single positive class.
  warnings.warn(

2025-06-30 21:28:44,599:WARNING:C:\Users\fares\anaconda3\envs\pycaret-env\Lib\site-packages\sklearn\metrics\_classification.py:1561: UserWarning: Note that pos_label (set to 'yes') is ignored when average != 'binary' (got 'weighted'). You may use labels=[pos_label] to specify a single positive class.
  warnings.warn(

2025-06-30 21:28:44,606:WARNING:C:\Users\fares\anaconda3\envs\pycaret-env\Lib\site-packages\sklearn\metrics\_classification.py:1561: UserWarning: Note that pos_label (set to 'yes') is ignored when average != 'binary' (got 'weighted'). You may use labels=[pos_label] to specify a single positive class.
  warnings.warn(

2025-06-30 21:28:44,621:WARNING:C:\Users\fares\anaconda3\envs\pycaret-env\Lib\site-packages\sklearn\metrics\_classification.py:1561: UserWarning: Note that pos_label (set to 'yes') is ignored when average != 'binary' (got 'weighted'). You may use labels=[pos_label] to specify a single positive class.
  warnings.warn(

2025-06-30 21:28:44,641:WARNING:C:\Users\fares\anaconda3\envs\pycaret-env\Lib\site-packages\sklearn\metrics\_classification.py:1561: UserWarning: Note that pos_label (set to 'yes') is ignored when average != 'binary' (got 'weighted'). You may use labels=[pos_label] to specify a single positive class.
  warnings.warn(

2025-06-30 21:28:44,733:WARNING:C:\Users\fares\anaconda3\envs\pycaret-env\Lib\site-packages\sklearn\metrics\_classification.py:1561: UserWarning: Note that pos_label (set to 'yes') is ignored when average != 'binary' (got 'weighted'). You may use labels=[pos_label] to specify a single positive class.
  warnings.warn(

2025-06-30 21:28:44,748:WARNING:C:\Users\fares\anaconda3\envs\pycaret-env\Lib\site-packages\sklearn\metrics\_classification.py:1561: UserWarning: Note that pos_label (set to 'yes') is ignored when average != 'binary' (got 'weighted'). You may use labels=[pos_label] to specify a single positive class.
  warnings.warn(

2025-06-30 21:28:44,761:WARNING:C:\Users\fares\anaconda3\envs\pycaret-env\Lib\site-packages\sklearn\metrics\_classification.py:1561: UserWarning: Note that pos_label (set to 'yes') is ignored when average != 'binary' (got 'weighted'). You may use labels=[pos_label] to specify a single positive class.
  warnings.warn(

2025-06-30 21:28:44,788:INFO:Calculating mean and std
2025-06-30 21:28:44,789:INFO:Creating metrics dataframe
2025-06-30 21:28:44,792:INFO:Uploading results into container
2025-06-30 21:28:44,792:INFO:Uploading model into container now
2025-06-30 21:28:44,793:INFO:_master_model_container: 5
2025-06-30 21:28:44,793:INFO:_display_container: 2
2025-06-30 21:28:44,793:INFO:SGDClassifier(alpha=0.0001, average=False, class_weight=None,
              early_stopping=False, epsilon=0.1, eta0=0.001, fit_intercept=True,
              l1_ratio=0.15, learning_rate='optimal', loss='hinge',
              max_iter=1000, n_iter_no_change=5, n_jobs=-1, penalty='l2',
              power_t=0.5, random_state=123, shuffle=True, tol=0.001,
              validation_fraction=0.1, verbose=0, warm_start=False)
2025-06-30 21:28:44,793:INFO:create_model() successfully completed......................................
2025-06-30 21:28:44,883:INFO:SubProcess create_model() end ==================================
2025-06-30 21:28:44,883:INFO:Creating metrics dataframe
2025-06-30 21:28:44,888:INFO:Initializing Ridge Classifier
2025-06-30 21:28:44,888:INFO:Total runtime is 1.1993287285168968 minutes
2025-06-30 21:28:44,892:INFO:SubProcess create_model() called ==================================
2025-06-30 21:28:44,892:INFO:Initializing create_model()
2025-06-30 21:28:44,892:INFO:create_model(self=<pycaret.classification.oop.ClassificationExperiment object at 0x0000025F39F14910>, estimator=ridge, fold=StratifiedKFold(n_splits=10, random_state=None, shuffle=False), round=4, cross_validation=True, predict=True, fit_kwargs={}, groups=None, refit=False, probability_threshold=None, experiment_custom_tags=None, verbose=False, system=False, add_to_model_list=True, metrics=None, display=<pycaret.internal.display.display.CommonDisplay object at 0x0000025F39F00590>, model_only=True, return_train_score=False, error_score=0.0, kwargs={})
2025-06-30 21:28:44,892:INFO:Checking exceptions
2025-06-30 21:28:44,892:INFO:Importing libraries
2025-06-30 21:28:44,892:INFO:Copying training dataset
2025-06-30 21:28:44,909:INFO:Defining folds
2025-06-30 21:28:44,909:INFO:Declaring metric variables
2025-06-30 21:28:44,911:INFO:Importing untrained model
2025-06-30 21:28:44,915:INFO:Ridge Classifier Imported successfully
2025-06-30 21:28:44,920:INFO:Starting cross validation
2025-06-30 21:28:44,923:INFO:Cross validating with StratifiedKFold(n_splits=10, random_state=None, shuffle=False), n_jobs=-1
2025-06-30 21:28:45,960:WARNING:C:\Users\fares\anaconda3\envs\pycaret-env\Lib\site-packages\sklearn\metrics\_classification.py:1561: UserWarning: Note that pos_label (set to 'yes') is ignored when average != 'binary' (got 'weighted'). You may use labels=[pos_label] to specify a single positive class.
  warnings.warn(

2025-06-30 21:28:45,964:WARNING:C:\Users\fares\anaconda3\envs\pycaret-env\Lib\site-packages\sklearn\metrics\_classification.py:1561: UserWarning: Note that pos_label (set to 'yes') is ignored when average != 'binary' (got 'weighted'). You may use labels=[pos_label] to specify a single positive class.
  warnings.warn(

2025-06-30 21:28:45,972:WARNING:C:\Users\fares\anaconda3\envs\pycaret-env\Lib\site-packages\sklearn\metrics\_classification.py:1561: UserWarning: Note that pos_label (set to 'yes') is ignored when average != 'binary' (got 'weighted'). You may use labels=[pos_label] to specify a single positive class.
  warnings.warn(

2025-06-30 21:28:45,972:WARNING:C:\Users\fares\anaconda3\envs\pycaret-env\Lib\site-packages\sklearn\metrics\_classification.py:1561: UserWarning: Note that pos_label (set to 'yes') is ignored when average != 'binary' (got 'weighted'). You may use labels=[pos_label] to specify a single positive class.
  warnings.warn(

2025-06-30 21:28:45,973:WARNING:C:\Users\fares\anaconda3\envs\pycaret-env\Lib\site-packages\sklearn\metrics\_classification.py:1561: UserWarning: Note that pos_label (set to 'yes') is ignored when average != 'binary' (got 'weighted'). You may use labels=[pos_label] to specify a single positive class.
  warnings.warn(

2025-06-30 21:28:45,983:WARNING:C:\Users\fares\anaconda3\envs\pycaret-env\Lib\site-packages\sklearn\metrics\_classification.py:1561: UserWarning: Note that pos_label (set to 'yes') is ignored when average != 'binary' (got 'weighted'). You may use labels=[pos_label] to specify a single positive class.
  warnings.warn(

2025-06-30 21:28:45,983:WARNING:C:\Users\fares\anaconda3\envs\pycaret-env\Lib\site-packages\sklearn\metrics\_classification.py:1561: UserWarning: Note that pos_label (set to 'yes') is ignored when average != 'binary' (got 'weighted'). You may use labels=[pos_label] to specify a single positive class.
  warnings.warn(

2025-06-30 21:28:45,984:WARNING:C:\Users\fares\anaconda3\envs\pycaret-env\Lib\site-packages\sklearn\metrics\_classification.py:1561: UserWarning: Note that pos_label (set to 'yes') is ignored when average != 'binary' (got 'weighted'). You may use labels=[pos_label] to specify a single positive class.
  warnings.warn(

2025-06-30 21:28:45,984:WARNING:C:\Users\fares\anaconda3\envs\pycaret-env\Lib\site-packages\sklearn\metrics\_classification.py:1561: UserWarning: Note that pos_label (set to 'yes') is ignored when average != 'binary' (got 'weighted'). You may use labels=[pos_label] to specify a single positive class.
  warnings.warn(

2025-06-30 21:28:45,989:WARNING:C:\Users\fares\anaconda3\envs\pycaret-env\Lib\site-packages\sklearn\metrics\_classification.py:1561: UserWarning: Note that pos_label (set to 'yes') is ignored when average != 'binary' (got 'weighted'). You may use labels=[pos_label] to specify a single positive class.
  warnings.warn(

2025-06-30 21:28:45,992:WARNING:C:\Users\fares\anaconda3\envs\pycaret-env\Lib\site-packages\sklearn\metrics\_classification.py:1561: UserWarning: Note that pos_label (set to 'yes') is ignored when average != 'binary' (got 'weighted'). You may use labels=[pos_label] to specify a single positive class.
  warnings.warn(

2025-06-30 21:28:45,993:WARNING:C:\Users\fares\anaconda3\envs\pycaret-env\Lib\site-packages\sklearn\metrics\_classification.py:1561: UserWarning: Note that pos_label (set to 'yes') is ignored when average != 'binary' (got 'weighted'). You may use labels=[pos_label] to specify a single positive class.
  warnings.warn(

2025-06-30 21:28:45,994:WARNING:C:\Users\fares\anaconda3\envs\pycaret-env\Lib\site-packages\sklearn\metrics\_classification.py:1561: UserWarning: Note that pos_label (set to 'yes') is ignored when average != 'binary' (got 'weighted'). You may use labels=[pos_label] to specify a single positive class.
  warnings.warn(

2025-06-30 21:28:45,994:WARNING:C:\Users\fares\anaconda3\envs\pycaret-env\Lib\site-packages\sklearn\metrics\_classification.py:1561: UserWarning: Note that pos_label (set to 'yes') is ignored when average != 'binary' (got 'weighted'). You may use labels=[pos_label] to specify a single positive class.
  warnings.warn(

2025-06-30 21:28:45,997:WARNING:C:\Users\fares\anaconda3\envs\pycaret-env\Lib\site-packages\sklearn\metrics\_classification.py:1561: UserWarning: Note that pos_label (set to 'yes') is ignored when average != 'binary' (got 'weighted'). You may use labels=[pos_label] to specify a single positive class.
  warnings.warn(

2025-06-30 21:28:46,005:WARNING:C:\Users\fares\anaconda3\envs\pycaret-env\Lib\site-packages\sklearn\metrics\_classification.py:1561: UserWarning: Note that pos_label (set to 'yes') is ignored when average != 'binary' (got 'weighted'). You may use labels=[pos_label] to specify a single positive class.
  warnings.warn(

2025-06-30 21:28:46,006:WARNING:C:\Users\fares\anaconda3\envs\pycaret-env\Lib\site-packages\sklearn\metrics\_classification.py:1561: UserWarning: Note that pos_label (set to 'yes') is ignored when average != 'binary' (got 'weighted'). You may use labels=[pos_label] to specify a single positive class.
  warnings.warn(

2025-06-30 21:28:46,006:WARNING:C:\Users\fares\anaconda3\envs\pycaret-env\Lib\site-packages\sklearn\metrics\_classification.py:1561: UserWarning: Note that pos_label (set to 'yes') is ignored when average != 'binary' (got 'weighted'). You may use labels=[pos_label] to specify a single positive class.
  warnings.warn(

2025-06-30 21:28:46,009:WARNING:C:\Users\fares\anaconda3\envs\pycaret-env\Lib\site-packages\sklearn\metrics\_classification.py:1561: UserWarning: Note that pos_label (set to 'yes') is ignored when average != 'binary' (got 'weighted'). You may use labels=[pos_label] to specify a single positive class.
  warnings.warn(

2025-06-30 21:28:46,012:WARNING:C:\Users\fares\anaconda3\envs\pycaret-env\Lib\site-packages\sklearn\metrics\_classification.py:1561: UserWarning: Note that pos_label (set to 'yes') is ignored when average != 'binary' (got 'weighted'). You may use labels=[pos_label] to specify a single positive class.
  warnings.warn(

2025-06-30 21:28:46,012:WARNING:C:\Users\fares\anaconda3\envs\pycaret-env\Lib\site-packages\sklearn\metrics\_classification.py:1561: UserWarning: Note that pos_label (set to 'yes') is ignored when average != 'binary' (got 'weighted'). You may use labels=[pos_label] to specify a single positive class.
  warnings.warn(

2025-06-30 21:28:46,012:WARNING:C:\Users\fares\anaconda3\envs\pycaret-env\Lib\site-packages\sklearn\metrics\_classification.py:1561: UserWarning: Note that pos_label (set to 'yes') is ignored when average != 'binary' (got 'weighted'). You may use labels=[pos_label] to specify a single positive class.
  warnings.warn(

2025-06-30 21:28:46,016:WARNING:C:\Users\fares\anaconda3\envs\pycaret-env\Lib\site-packages\sklearn\metrics\_classification.py:1561: UserWarning: Note that pos_label (set to 'yes') is ignored when average != 'binary' (got 'weighted'). You may use labels=[pos_label] to specify a single positive class.
  warnings.warn(

2025-06-30 21:28:46,018:WARNING:C:\Users\fares\anaconda3\envs\pycaret-env\Lib\site-packages\sklearn\metrics\_classification.py:1561: UserWarning: Note that pos_label (set to 'yes') is ignored when average != 'binary' (got 'weighted'). You may use labels=[pos_label] to specify a single positive class.
  warnings.warn(

2025-06-30 21:28:46,019:WARNING:C:\Users\fares\anaconda3\envs\pycaret-env\Lib\site-packages\sklearn\metrics\_classification.py:1561: UserWarning: Note that pos_label (set to 'yes') is ignored when average != 'binary' (got 'weighted'). You may use labels=[pos_label] to specify a single positive class.
  warnings.warn(

2025-06-30 21:28:46,026:WARNING:C:\Users\fares\anaconda3\envs\pycaret-env\Lib\site-packages\sklearn\metrics\_classification.py:1561: UserWarning: Note that pos_label (set to 'yes') is ignored when average != 'binary' (got 'weighted'). You may use labels=[pos_label] to specify a single positive class.
  warnings.warn(

2025-06-30 21:28:46,028:WARNING:C:\Users\fares\anaconda3\envs\pycaret-env\Lib\site-packages\sklearn\metrics\_classification.py:1561: UserWarning: Note that pos_label (set to 'yes') is ignored when average != 'binary' (got 'weighted'). You may use labels=[pos_label] to specify a single positive class.
  warnings.warn(

2025-06-30 21:28:46,035:WARNING:C:\Users\fares\anaconda3\envs\pycaret-env\Lib\site-packages\sklearn\metrics\_classification.py:1561: UserWarning: Note that pos_label (set to 'yes') is ignored when average != 'binary' (got 'weighted'). You may use labels=[pos_label] to specify a single positive class.
  warnings.warn(

2025-06-30 21:28:46,036:WARNING:C:\Users\fares\anaconda3\envs\pycaret-env\Lib\site-packages\sklearn\metrics\_classification.py:1561: UserWarning: Note that pos_label (set to 'yes') is ignored when average != 'binary' (got 'weighted'). You may use labels=[pos_label] to specify a single positive class.
  warnings.warn(

2025-06-30 21:28:46,041:WARNING:C:\Users\fares\anaconda3\envs\pycaret-env\Lib\site-packages\sklearn\metrics\_classification.py:1561: UserWarning: Note that pos_label (set to 'yes') is ignored when average != 'binary' (got 'weighted'). You may use labels=[pos_label] to specify a single positive class.
  warnings.warn(

2025-06-30 21:28:46,078:INFO:Calculating mean and std
2025-06-30 21:28:46,079:INFO:Creating metrics dataframe
2025-06-30 21:28:46,081:INFO:Uploading results into container
2025-06-30 21:28:46,082:INFO:Uploading model into container now
2025-06-30 21:28:46,082:INFO:_master_model_container: 6
2025-06-30 21:28:46,082:INFO:_display_container: 2
2025-06-30 21:28:46,082:INFO:RidgeClassifier(alpha=1.0, class_weight=None, copy_X=True, fit_intercept=True,
                max_iter=None, positive=False, random_state=123, solver='auto',
                tol=0.0001)
2025-06-30 21:28:46,082:INFO:create_model() successfully completed......................................
2025-06-30 21:28:46,172:INFO:SubProcess create_model() end ==================================
2025-06-30 21:28:46,172:INFO:Creating metrics dataframe
2025-06-30 21:28:46,177:INFO:Initializing Random Forest Classifier
2025-06-30 21:28:46,177:INFO:Total runtime is 1.2208072662353517 minutes
2025-06-30 21:28:46,180:INFO:SubProcess create_model() called ==================================
2025-06-30 21:28:46,180:INFO:Initializing create_model()
2025-06-30 21:28:46,180:INFO:create_model(self=<pycaret.classification.oop.ClassificationExperiment object at 0x0000025F39F14910>, estimator=rf, fold=StratifiedKFold(n_splits=10, random_state=None, shuffle=False), round=4, cross_validation=True, predict=True, fit_kwargs={}, groups=None, refit=False, probability_threshold=None, experiment_custom_tags=None, verbose=False, system=False, add_to_model_list=True, metrics=None, display=<pycaret.internal.display.display.CommonDisplay object at 0x0000025F39F00590>, model_only=True, return_train_score=False, error_score=0.0, kwargs={})
2025-06-30 21:28:46,180:INFO:Checking exceptions
2025-06-30 21:28:46,180:INFO:Importing libraries
2025-06-30 21:28:46,181:INFO:Copying training dataset
2025-06-30 21:28:46,195:INFO:Defining folds
2025-06-30 21:28:46,195:INFO:Declaring metric variables
2025-06-30 21:28:46,198:INFO:Importing untrained model
2025-06-30 21:28:46,201:INFO:Random Forest Classifier Imported successfully
2025-06-30 21:28:46,205:INFO:Starting cross validation
2025-06-30 21:28:46,208:INFO:Cross validating with StratifiedKFold(n_splits=10, random_state=None, shuffle=False), n_jobs=-1
2025-06-30 21:28:49,571:WARNING:C:\Users\fares\anaconda3\envs\pycaret-env\Lib\site-packages\sklearn\metrics\_classification.py:1561: UserWarning: Note that pos_label (set to 'yes') is ignored when average != 'binary' (got 'weighted'). You may use labels=[pos_label] to specify a single positive class.
  warnings.warn(

2025-06-30 21:28:49,581:WARNING:C:\Users\fares\anaconda3\envs\pycaret-env\Lib\site-packages\sklearn\metrics\_classification.py:1561: UserWarning: Note that pos_label (set to 'yes') is ignored when average != 'binary' (got 'weighted'). You may use labels=[pos_label] to specify a single positive class.
  warnings.warn(

2025-06-30 21:28:49,591:WARNING:C:\Users\fares\anaconda3\envs\pycaret-env\Lib\site-packages\sklearn\metrics\_classification.py:1561: UserWarning: Note that pos_label (set to 'yes') is ignored when average != 'binary' (got 'weighted'). You may use labels=[pos_label] to specify a single positive class.
  warnings.warn(

2025-06-30 21:28:49,600:WARNING:C:\Users\fares\anaconda3\envs\pycaret-env\Lib\site-packages\sklearn\metrics\_classification.py:1561: UserWarning: Note that pos_label (set to 'yes') is ignored when average != 'binary' (got 'weighted'). You may use labels=[pos_label] to specify a single positive class.
  warnings.warn(

2025-06-30 21:28:49,606:WARNING:C:\Users\fares\anaconda3\envs\pycaret-env\Lib\site-packages\sklearn\metrics\_classification.py:1561: UserWarning: Note that pos_label (set to 'yes') is ignored when average != 'binary' (got 'weighted'). You may use labels=[pos_label] to specify a single positive class.
  warnings.warn(

2025-06-30 21:28:49,611:WARNING:C:\Users\fares\anaconda3\envs\pycaret-env\Lib\site-packages\sklearn\metrics\_classification.py:1561: UserWarning: Note that pos_label (set to 'yes') is ignored when average != 'binary' (got 'weighted'). You may use labels=[pos_label] to specify a single positive class.
  warnings.warn(

2025-06-30 21:28:49,611:WARNING:C:\Users\fares\anaconda3\envs\pycaret-env\Lib\site-packages\sklearn\metrics\_classification.py:1561: UserWarning: Note that pos_label (set to 'yes') is ignored when average != 'binary' (got 'weighted'). You may use labels=[pos_label] to specify a single positive class.
  warnings.warn(

2025-06-30 21:28:49,621:WARNING:C:\Users\fares\anaconda3\envs\pycaret-env\Lib\site-packages\sklearn\metrics\_classification.py:1561: UserWarning: Note that pos_label (set to 'yes') is ignored when average != 'binary' (got 'weighted'). You may use labels=[pos_label] to specify a single positive class.
  warnings.warn(

2025-06-30 21:28:49,629:WARNING:C:\Users\fares\anaconda3\envs\pycaret-env\Lib\site-packages\sklearn\metrics\_classification.py:1561: UserWarning: Note that pos_label (set to 'yes') is ignored when average != 'binary' (got 'weighted'). You may use labels=[pos_label] to specify a single positive class.
  warnings.warn(

2025-06-30 21:28:49,637:WARNING:C:\Users\fares\anaconda3\envs\pycaret-env\Lib\site-packages\sklearn\metrics\_classification.py:1561: UserWarning: Note that pos_label (set to 'yes') is ignored when average != 'binary' (got 'weighted'). You may use labels=[pos_label] to specify a single positive class.
  warnings.warn(

2025-06-30 21:28:49,641:WARNING:C:\Users\fares\anaconda3\envs\pycaret-env\Lib\site-packages\sklearn\metrics\_classification.py:1561: UserWarning: Note that pos_label (set to 'yes') is ignored when average != 'binary' (got 'weighted'). You may use labels=[pos_label] to specify a single positive class.
  warnings.warn(

2025-06-30 21:28:49,644:WARNING:C:\Users\fares\anaconda3\envs\pycaret-env\Lib\site-packages\sklearn\metrics\_classification.py:1561: UserWarning: Note that pos_label (set to 'yes') is ignored when average != 'binary' (got 'weighted'). You may use labels=[pos_label] to specify a single positive class.
  warnings.warn(

2025-06-30 21:28:49,653:WARNING:C:\Users\fares\anaconda3\envs\pycaret-env\Lib\site-packages\sklearn\metrics\_classification.py:1561: UserWarning: Note that pos_label (set to 'yes') is ignored when average != 'binary' (got 'weighted'). You may use labels=[pos_label] to specify a single positive class.
  warnings.warn(

2025-06-30 21:28:49,674:WARNING:C:\Users\fares\anaconda3\envs\pycaret-env\Lib\site-packages\sklearn\metrics\_classification.py:1561: UserWarning: Note that pos_label (set to 'yes') is ignored when average != 'binary' (got 'weighted'). You may use labels=[pos_label] to specify a single positive class.
  warnings.warn(

2025-06-30 21:28:49,678:WARNING:C:\Users\fares\anaconda3\envs\pycaret-env\Lib\site-packages\sklearn\metrics\_classification.py:1561: UserWarning: Note that pos_label (set to 'yes') is ignored when average != 'binary' (got 'weighted'). You may use labels=[pos_label] to specify a single positive class.
  warnings.warn(

2025-06-30 21:28:49,686:WARNING:C:\Users\fares\anaconda3\envs\pycaret-env\Lib\site-packages\sklearn\metrics\_classification.py:1561: UserWarning: Note that pos_label (set to 'yes') is ignored when average != 'binary' (got 'weighted'). You may use labels=[pos_label] to specify a single positive class.
  warnings.warn(

2025-06-30 21:28:49,689:WARNING:C:\Users\fares\anaconda3\envs\pycaret-env\Lib\site-packages\sklearn\metrics\_classification.py:1561: UserWarning: Note that pos_label (set to 'yes') is ignored when average != 'binary' (got 'weighted'). You may use labels=[pos_label] to specify a single positive class.
  warnings.warn(

2025-06-30 21:28:49,697:WARNING:C:\Users\fares\anaconda3\envs\pycaret-env\Lib\site-packages\sklearn\metrics\_classification.py:1561: UserWarning: Note that pos_label (set to 'yes') is ignored when average != 'binary' (got 'weighted'). You may use labels=[pos_label] to specify a single positive class.
  warnings.warn(

2025-06-30 21:28:49,705:WARNING:C:\Users\fares\anaconda3\envs\pycaret-env\Lib\site-packages\sklearn\metrics\_classification.py:1561: UserWarning: Note that pos_label (set to 'yes') is ignored when average != 'binary' (got 'weighted'). You may use labels=[pos_label] to specify a single positive class.
  warnings.warn(

2025-06-30 21:28:49,709:WARNING:C:\Users\fares\anaconda3\envs\pycaret-env\Lib\site-packages\sklearn\metrics\_classification.py:1561: UserWarning: Note that pos_label (set to 'yes') is ignored when average != 'binary' (got 'weighted'). You may use labels=[pos_label] to specify a single positive class.
  warnings.warn(

2025-06-30 21:28:49,712:WARNING:C:\Users\fares\anaconda3\envs\pycaret-env\Lib\site-packages\sklearn\metrics\_classification.py:1561: UserWarning: Note that pos_label (set to 'yes') is ignored when average != 'binary' (got 'weighted'). You may use labels=[pos_label] to specify a single positive class.
  warnings.warn(

2025-06-30 21:28:49,717:WARNING:C:\Users\fares\anaconda3\envs\pycaret-env\Lib\site-packages\sklearn\metrics\_classification.py:1561: UserWarning: Note that pos_label (set to 'yes') is ignored when average != 'binary' (got 'weighted'). You may use labels=[pos_label] to specify a single positive class.
  warnings.warn(

2025-06-30 21:28:49,720:WARNING:C:\Users\fares\anaconda3\envs\pycaret-env\Lib\site-packages\sklearn\metrics\_classification.py:1561: UserWarning: Note that pos_label (set to 'yes') is ignored when average != 'binary' (got 'weighted'). You may use labels=[pos_label] to specify a single positive class.
  warnings.warn(

2025-06-30 21:28:49,727:WARNING:C:\Users\fares\anaconda3\envs\pycaret-env\Lib\site-packages\sklearn\metrics\_classification.py:1561: UserWarning: Note that pos_label (set to 'yes') is ignored when average != 'binary' (got 'weighted'). You may use labels=[pos_label] to specify a single positive class.
  warnings.warn(

2025-06-30 21:28:49,728:WARNING:C:\Users\fares\anaconda3\envs\pycaret-env\Lib\site-packages\sklearn\metrics\_classification.py:1561: UserWarning: Note that pos_label (set to 'yes') is ignored when average != 'binary' (got 'weighted'). You may use labels=[pos_label] to specify a single positive class.
  warnings.warn(

2025-06-30 21:28:49,735:WARNING:C:\Users\fares\anaconda3\envs\pycaret-env\Lib\site-packages\sklearn\metrics\_classification.py:1561: UserWarning: Note that pos_label (set to 'yes') is ignored when average != 'binary' (got 'weighted'). You may use labels=[pos_label] to specify a single positive class.
  warnings.warn(

2025-06-30 21:28:49,738:WARNING:C:\Users\fares\anaconda3\envs\pycaret-env\Lib\site-packages\sklearn\metrics\_classification.py:1561: UserWarning: Note that pos_label (set to 'yes') is ignored when average != 'binary' (got 'weighted'). You may use labels=[pos_label] to specify a single positive class.
  warnings.warn(

2025-06-30 21:28:49,751:WARNING:C:\Users\fares\anaconda3\envs\pycaret-env\Lib\site-packages\sklearn\metrics\_classification.py:1561: UserWarning: Note that pos_label (set to 'yes') is ignored when average != 'binary' (got 'weighted'). You may use labels=[pos_label] to specify a single positive class.
  warnings.warn(

2025-06-30 21:28:49,758:WARNING:C:\Users\fares\anaconda3\envs\pycaret-env\Lib\site-packages\sklearn\metrics\_classification.py:1561: UserWarning: Note that pos_label (set to 'yes') is ignored when average != 'binary' (got 'weighted'). You may use labels=[pos_label] to specify a single positive class.
  warnings.warn(

2025-06-30 21:28:49,784:INFO:Calculating mean and std
2025-06-30 21:28:49,785:INFO:Creating metrics dataframe
2025-06-30 21:28:49,787:INFO:Uploading results into container
2025-06-30 21:28:49,787:INFO:Uploading model into container now
2025-06-30 21:28:49,788:INFO:_master_model_container: 7
2025-06-30 21:28:49,788:INFO:_display_container: 2
2025-06-30 21:28:49,788:INFO:RandomForestClassifier(bootstrap=True, ccp_alpha=0.0, class_weight=None,
                       criterion='gini', max_depth=None, max_features='sqrt',
                       max_leaf_nodes=None, max_samples=None,
                       min_impurity_decrease=0.0, min_samples_leaf=1,
                       min_samples_split=2, min_weight_fraction_leaf=0.0,
                       monotonic_cst=None, n_estimators=100, n_jobs=-1,
                       oob_score=False, random_state=123, verbose=0,
                       warm_start=False)
2025-06-30 21:28:49,788:INFO:create_model() successfully completed......................................
2025-06-30 21:28:49,879:INFO:SubProcess create_model() end ==================================
2025-06-30 21:28:49,879:INFO:Creating metrics dataframe
2025-06-30 21:28:49,884:INFO:Initializing Quadratic Discriminant Analysis
2025-06-30 21:28:49,885:INFO:Total runtime is 1.2825987855593366 minutes
2025-06-30 21:28:49,887:INFO:SubProcess create_model() called ==================================
2025-06-30 21:28:49,887:INFO:Initializing create_model()
2025-06-30 21:28:49,887:INFO:create_model(self=<pycaret.classification.oop.ClassificationExperiment object at 0x0000025F39F14910>, estimator=qda, fold=StratifiedKFold(n_splits=10, random_state=None, shuffle=False), round=4, cross_validation=True, predict=True, fit_kwargs={}, groups=None, refit=False, probability_threshold=None, experiment_custom_tags=None, verbose=False, system=False, add_to_model_list=True, metrics=None, display=<pycaret.internal.display.display.CommonDisplay object at 0x0000025F39F00590>, model_only=True, return_train_score=False, error_score=0.0, kwargs={})
2025-06-30 21:28:49,888:INFO:Checking exceptions
2025-06-30 21:28:49,888:INFO:Importing libraries
2025-06-30 21:28:49,888:INFO:Copying training dataset
2025-06-30 21:28:49,904:INFO:Defining folds
2025-06-30 21:28:49,904:INFO:Declaring metric variables
2025-06-30 21:28:49,907:INFO:Importing untrained model
2025-06-30 21:28:49,909:INFO:Quadratic Discriminant Analysis Imported successfully
2025-06-30 21:28:49,915:INFO:Starting cross validation
2025-06-30 21:28:49,917:INFO:Cross validating with StratifiedKFold(n_splits=10, random_state=None, shuffle=False), n_jobs=-1
2025-06-30 21:28:51,252:WARNING:C:\Users\fares\anaconda3\envs\pycaret-env\Lib\site-packages\sklearn\discriminant_analysis.py:935: UserWarning: Variables are collinear
  warnings.warn("Variables are collinear")

2025-06-30 21:28:51,253:WARNING:C:\Users\fares\anaconda3\envs\pycaret-env\Lib\site-packages\sklearn\discriminant_analysis.py:935: UserWarning: Variables are collinear
  warnings.warn("Variables are collinear")

2025-06-30 21:28:51,270:WARNING:C:\Users\fares\anaconda3\envs\pycaret-env\Lib\site-packages\sklearn\discriminant_analysis.py:935: UserWarning: Variables are collinear
  warnings.warn("Variables are collinear")

2025-06-30 21:28:51,315:WARNING:C:\Users\fares\anaconda3\envs\pycaret-env\Lib\site-packages\sklearn\discriminant_analysis.py:935: UserWarning: Variables are collinear
  warnings.warn("Variables are collinear")

2025-06-30 21:28:51,339:WARNING:C:\Users\fares\anaconda3\envs\pycaret-env\Lib\site-packages\sklearn\discriminant_analysis.py:935: UserWarning: Variables are collinear
  warnings.warn("Variables are collinear")

2025-06-30 21:28:51,349:WARNING:C:\Users\fares\anaconda3\envs\pycaret-env\Lib\site-packages\sklearn\discriminant_analysis.py:935: UserWarning: Variables are collinear
  warnings.warn("Variables are collinear")

2025-06-30 21:28:51,356:WARNING:C:\Users\fares\anaconda3\envs\pycaret-env\Lib\site-packages\sklearn\discriminant_analysis.py:935: UserWarning: Variables are collinear
  warnings.warn("Variables are collinear")

2025-06-30 21:28:51,374:WARNING:C:\Users\fares\anaconda3\envs\pycaret-env\Lib\site-packages\sklearn\discriminant_analysis.py:935: UserWarning: Variables are collinear
  warnings.warn("Variables are collinear")

2025-06-30 21:28:51,379:WARNING:C:\Users\fares\anaconda3\envs\pycaret-env\Lib\site-packages\sklearn\discriminant_analysis.py:935: UserWarning: Variables are collinear
  warnings.warn("Variables are collinear")

2025-06-30 21:28:51,379:WARNING:C:\Users\fares\anaconda3\envs\pycaret-env\Lib\site-packages\sklearn\discriminant_analysis.py:935: UserWarning: Variables are collinear
  warnings.warn("Variables are collinear")

2025-06-30 21:28:51,446:WARNING:C:\Users\fares\anaconda3\envs\pycaret-env\Lib\site-packages\sklearn\metrics\_classification.py:1561: UserWarning: Note that pos_label (set to 'yes') is ignored when average != 'binary' (got 'weighted'). You may use labels=[pos_label] to specify a single positive class.
  warnings.warn(

2025-06-30 21:28:51,449:WARNING:C:\Users\fares\anaconda3\envs\pycaret-env\Lib\site-packages\sklearn\metrics\_classification.py:1561: UserWarning: Note that pos_label (set to 'yes') is ignored when average != 'binary' (got 'weighted'). You may use labels=[pos_label] to specify a single positive class.
  warnings.warn(

2025-06-30 21:28:51,465:WARNING:C:\Users\fares\anaconda3\envs\pycaret-env\Lib\site-packages\sklearn\metrics\_classification.py:1561: UserWarning: Note that pos_label (set to 'yes') is ignored when average != 'binary' (got 'weighted'). You may use labels=[pos_label] to specify a single positive class.
  warnings.warn(

2025-06-30 21:28:51,465:WARNING:C:\Users\fares\anaconda3\envs\pycaret-env\Lib\site-packages\sklearn\metrics\_classification.py:1561: UserWarning: Note that pos_label (set to 'yes') is ignored when average != 'binary' (got 'weighted'). You may use labels=[pos_label] to specify a single positive class.
  warnings.warn(

2025-06-30 21:28:51,465:WARNING:C:\Users\fares\anaconda3\envs\pycaret-env\Lib\site-packages\sklearn\metrics\_classification.py:1561: UserWarning: Note that pos_label (set to 'yes') is ignored when average != 'binary' (got 'weighted'). You may use labels=[pos_label] to specify a single positive class.
  warnings.warn(

2025-06-30 21:28:51,471:WARNING:C:\Users\fares\anaconda3\envs\pycaret-env\Lib\site-packages\sklearn\metrics\_classification.py:1561: UserWarning: Note that pos_label (set to 'yes') is ignored when average != 'binary' (got 'weighted'). You may use labels=[pos_label] to specify a single positive class.
  warnings.warn(

2025-06-30 21:28:51,477:WARNING:C:\Users\fares\anaconda3\envs\pycaret-env\Lib\site-packages\sklearn\metrics\_classification.py:1561: UserWarning: Note that pos_label (set to 'yes') is ignored when average != 'binary' (got 'weighted'). You may use labels=[pos_label] to specify a single positive class.
  warnings.warn(

2025-06-30 21:28:51,478:WARNING:C:\Users\fares\anaconda3\envs\pycaret-env\Lib\site-packages\sklearn\metrics\_classification.py:1561: UserWarning: Note that pos_label (set to 'yes') is ignored when average != 'binary' (got 'weighted'). You may use labels=[pos_label] to specify a single positive class.
  warnings.warn(

2025-06-30 21:28:51,483:WARNING:C:\Users\fares\anaconda3\envs\pycaret-env\Lib\site-packages\sklearn\metrics\_classification.py:1561: UserWarning: Note that pos_label (set to 'yes') is ignored when average != 'binary' (got 'weighted'). You may use labels=[pos_label] to specify a single positive class.
  warnings.warn(

2025-06-30 21:28:51,486:WARNING:C:\Users\fares\anaconda3\envs\pycaret-env\Lib\site-packages\sklearn\metrics\_classification.py:1561: UserWarning: Note that pos_label (set to 'yes') is ignored when average != 'binary' (got 'weighted'). You may use labels=[pos_label] to specify a single positive class.
  warnings.warn(

2025-06-30 21:28:51,487:WARNING:C:\Users\fares\anaconda3\envs\pycaret-env\Lib\site-packages\sklearn\metrics\_classification.py:1561: UserWarning: Note that pos_label (set to 'yes') is ignored when average != 'binary' (got 'weighted'). You may use labels=[pos_label] to specify a single positive class.
  warnings.warn(

2025-06-30 21:28:51,488:WARNING:C:\Users\fares\anaconda3\envs\pycaret-env\Lib\site-packages\sklearn\metrics\_classification.py:1561: UserWarning: Note that pos_label (set to 'yes') is ignored when average != 'binary' (got 'weighted'). You may use labels=[pos_label] to specify a single positive class.
  warnings.warn(

2025-06-30 21:28:51,492:WARNING:C:\Users\fares\anaconda3\envs\pycaret-env\Lib\site-packages\sklearn\metrics\_classification.py:1561: UserWarning: Note that pos_label (set to 'yes') is ignored when average != 'binary' (got 'weighted'). You may use labels=[pos_label] to specify a single positive class.
  warnings.warn(

2025-06-30 21:28:51,495:WARNING:C:\Users\fares\anaconda3\envs\pycaret-env\Lib\site-packages\sklearn\metrics\_classification.py:1561: UserWarning: Note that pos_label (set to 'yes') is ignored when average != 'binary' (got 'weighted'). You may use labels=[pos_label] to specify a single positive class.
  warnings.warn(

2025-06-30 21:28:51,501:WARNING:C:\Users\fares\anaconda3\envs\pycaret-env\Lib\site-packages\sklearn\metrics\_classification.py:1561: UserWarning: Note that pos_label (set to 'yes') is ignored when average != 'binary' (got 'weighted'). You may use labels=[pos_label] to specify a single positive class.
  warnings.warn(

2025-06-30 21:28:51,502:WARNING:C:\Users\fares\anaconda3\envs\pycaret-env\Lib\site-packages\sklearn\metrics\_classification.py:1561: UserWarning: Note that pos_label (set to 'yes') is ignored when average != 'binary' (got 'weighted'). You may use labels=[pos_label] to specify a single positive class.
  warnings.warn(

2025-06-30 21:28:51,502:WARNING:C:\Users\fares\anaconda3\envs\pycaret-env\Lib\site-packages\sklearn\metrics\_classification.py:1561: UserWarning: Note that pos_label (set to 'yes') is ignored when average != 'binary' (got 'weighted'). You may use labels=[pos_label] to specify a single positive class.
  warnings.warn(

2025-06-30 21:28:51,504:WARNING:C:\Users\fares\anaconda3\envs\pycaret-env\Lib\site-packages\sklearn\metrics\_classification.py:1561: UserWarning: Note that pos_label (set to 'yes') is ignored when average != 'binary' (got 'weighted'). You may use labels=[pos_label] to specify a single positive class.
  warnings.warn(

2025-06-30 21:28:51,507:WARNING:C:\Users\fares\anaconda3\envs\pycaret-env\Lib\site-packages\sklearn\metrics\_classification.py:1561: UserWarning: Note that pos_label (set to 'yes') is ignored when average != 'binary' (got 'weighted'). You may use labels=[pos_label] to specify a single positive class.
  warnings.warn(

2025-06-30 21:28:51,509:WARNING:C:\Users\fares\anaconda3\envs\pycaret-env\Lib\site-packages\sklearn\metrics\_classification.py:1561: UserWarning: Note that pos_label (set to 'yes') is ignored when average != 'binary' (got 'weighted'). You may use labels=[pos_label] to specify a single positive class.
  warnings.warn(

2025-06-30 21:28:51,510:WARNING:C:\Users\fares\anaconda3\envs\pycaret-env\Lib\site-packages\sklearn\metrics\_classification.py:1561: UserWarning: Note that pos_label (set to 'yes') is ignored when average != 'binary' (got 'weighted'). You may use labels=[pos_label] to specify a single positive class.
  warnings.warn(

2025-06-30 21:28:51,518:WARNING:C:\Users\fares\anaconda3\envs\pycaret-env\Lib\site-packages\sklearn\metrics\_classification.py:1561: UserWarning: Note that pos_label (set to 'yes') is ignored when average != 'binary' (got 'weighted'). You may use labels=[pos_label] to specify a single positive class.
  warnings.warn(

2025-06-30 21:28:51,522:WARNING:C:\Users\fares\anaconda3\envs\pycaret-env\Lib\site-packages\sklearn\metrics\_classification.py:1561: UserWarning: Note that pos_label (set to 'yes') is ignored when average != 'binary' (got 'weighted'). You may use labels=[pos_label] to specify a single positive class.
  warnings.warn(

2025-06-30 21:28:51,522:WARNING:C:\Users\fares\anaconda3\envs\pycaret-env\Lib\site-packages\sklearn\metrics\_classification.py:1561: UserWarning: Note that pos_label (set to 'yes') is ignored when average != 'binary' (got 'weighted'). You may use labels=[pos_label] to specify a single positive class.
  warnings.warn(

2025-06-30 21:28:51,524:WARNING:C:\Users\fares\anaconda3\envs\pycaret-env\Lib\site-packages\sklearn\metrics\_classification.py:1561: UserWarning: Note that pos_label (set to 'yes') is ignored when average != 'binary' (got 'weighted'). You may use labels=[pos_label] to specify a single positive class.
  warnings.warn(

2025-06-30 21:28:51,525:WARNING:C:\Users\fares\anaconda3\envs\pycaret-env\Lib\site-packages\sklearn\metrics\_classification.py:1561: UserWarning: Note that pos_label (set to 'yes') is ignored when average != 'binary' (got 'weighted'). You may use labels=[pos_label] to specify a single positive class.
  warnings.warn(

2025-06-30 21:28:51,530:WARNING:C:\Users\fares\anaconda3\envs\pycaret-env\Lib\site-packages\sklearn\metrics\_classification.py:1561: UserWarning: Note that pos_label (set to 'yes') is ignored when average != 'binary' (got 'weighted'). You may use labels=[pos_label] to specify a single positive class.
  warnings.warn(

2025-06-30 21:28:51,541:WARNING:C:\Users\fares\anaconda3\envs\pycaret-env\Lib\site-packages\sklearn\metrics\_classification.py:1561: UserWarning: Note that pos_label (set to 'yes') is ignored when average != 'binary' (got 'weighted'). You may use labels=[pos_label] to specify a single positive class.
  warnings.warn(

2025-06-30 21:28:51,546:WARNING:C:\Users\fares\anaconda3\envs\pycaret-env\Lib\site-packages\sklearn\metrics\_classification.py:1561: UserWarning: Note that pos_label (set to 'yes') is ignored when average != 'binary' (got 'weighted'). You may use labels=[pos_label] to specify a single positive class.
  warnings.warn(

2025-06-30 21:28:51,552:WARNING:C:\Users\fares\anaconda3\envs\pycaret-env\Lib\site-packages\sklearn\metrics\_classification.py:1561: UserWarning: Note that pos_label (set to 'yes') is ignored when average != 'binary' (got 'weighted'). You may use labels=[pos_label] to specify a single positive class.
  warnings.warn(

2025-06-30 21:28:51,592:INFO:Calculating mean and std
2025-06-30 21:28:51,593:INFO:Creating metrics dataframe
2025-06-30 21:28:51,595:INFO:Uploading results into container
2025-06-30 21:28:51,596:INFO:Uploading model into container now
2025-06-30 21:28:51,596:INFO:_master_model_container: 8
2025-06-30 21:28:51,596:INFO:_display_container: 2
2025-06-30 21:28:51,596:INFO:QuadraticDiscriminantAnalysis(priors=None, reg_param=0.0,
                              store_covariance=False, tol=0.0001)
2025-06-30 21:28:51,597:INFO:create_model() successfully completed......................................
2025-06-30 21:28:51,697:INFO:SubProcess create_model() end ==================================
2025-06-30 21:28:51,697:INFO:Creating metrics dataframe
2025-06-30 21:28:51,704:INFO:Initializing Ada Boost Classifier
2025-06-30 21:28:51,704:INFO:Total runtime is 1.3129216551780702 minutes
2025-06-30 21:28:51,706:INFO:SubProcess create_model() called ==================================
2025-06-30 21:28:51,707:INFO:Initializing create_model()
2025-06-30 21:28:51,707:INFO:create_model(self=<pycaret.classification.oop.ClassificationExperiment object at 0x0000025F39F14910>, estimator=ada, fold=StratifiedKFold(n_splits=10, random_state=None, shuffle=False), round=4, cross_validation=True, predict=True, fit_kwargs={}, groups=None, refit=False, probability_threshold=None, experiment_custom_tags=None, verbose=False, system=False, add_to_model_list=True, metrics=None, display=<pycaret.internal.display.display.CommonDisplay object at 0x0000025F39F00590>, model_only=True, return_train_score=False, error_score=0.0, kwargs={})
2025-06-30 21:28:51,707:INFO:Checking exceptions
2025-06-30 21:28:51,707:INFO:Importing libraries
2025-06-30 21:28:51,707:INFO:Copying training dataset
2025-06-30 21:28:51,725:INFO:Defining folds
2025-06-30 21:28:51,725:INFO:Declaring metric variables
2025-06-30 21:28:51,728:INFO:Importing untrained model
2025-06-30 21:28:51,731:INFO:Ada Boost Classifier Imported successfully
2025-06-30 21:28:51,735:INFO:Starting cross validation
2025-06-30 21:28:51,737:INFO:Cross validating with StratifiedKFold(n_splits=10, random_state=None, shuffle=False), n_jobs=-1
2025-06-30 21:28:52,530:WARNING:C:\Users\fares\anaconda3\envs\pycaret-env\Lib\site-packages\sklearn\ensemble\_weight_boosting.py:519: FutureWarning: The SAMME.R algorithm (the default) is deprecated and will be removed in 1.6. Use the SAMME algorithm to circumvent this warning.
  warnings.warn(

2025-06-30 21:28:52,603:WARNING:C:\Users\fares\anaconda3\envs\pycaret-env\Lib\site-packages\sklearn\ensemble\_weight_boosting.py:519: FutureWarning: The SAMME.R algorithm (the default) is deprecated and will be removed in 1.6. Use the SAMME algorithm to circumvent this warning.
  warnings.warn(

2025-06-30 21:28:52,640:WARNING:C:\Users\fares\anaconda3\envs\pycaret-env\Lib\site-packages\sklearn\ensemble\_weight_boosting.py:519: FutureWarning: The SAMME.R algorithm (the default) is deprecated and will be removed in 1.6. Use the SAMME algorithm to circumvent this warning.
  warnings.warn(

2025-06-30 21:28:52,644:WARNING:C:\Users\fares\anaconda3\envs\pycaret-env\Lib\site-packages\sklearn\ensemble\_weight_boosting.py:519: FutureWarning: The SAMME.R algorithm (the default) is deprecated and will be removed in 1.6. Use the SAMME algorithm to circumvent this warning.
  warnings.warn(

2025-06-30 21:28:52,646:WARNING:C:\Users\fares\anaconda3\envs\pycaret-env\Lib\site-packages\sklearn\ensemble\_weight_boosting.py:519: FutureWarning: The SAMME.R algorithm (the default) is deprecated and will be removed in 1.6. Use the SAMME algorithm to circumvent this warning.
  warnings.warn(

2025-06-30 21:28:52,650:WARNING:C:\Users\fares\anaconda3\envs\pycaret-env\Lib\site-packages\sklearn\ensemble\_weight_boosting.py:519: FutureWarning: The SAMME.R algorithm (the default) is deprecated and will be removed in 1.6. Use the SAMME algorithm to circumvent this warning.
  warnings.warn(

2025-06-30 21:28:52,652:WARNING:C:\Users\fares\anaconda3\envs\pycaret-env\Lib\site-packages\sklearn\ensemble\_weight_boosting.py:519: FutureWarning: The SAMME.R algorithm (the default) is deprecated and will be removed in 1.6. Use the SAMME algorithm to circumvent this warning.
  warnings.warn(

2025-06-30 21:28:52,653:WARNING:C:\Users\fares\anaconda3\envs\pycaret-env\Lib\site-packages\sklearn\ensemble\_weight_boosting.py:519: FutureWarning: The SAMME.R algorithm (the default) is deprecated and will be removed in 1.6. Use the SAMME algorithm to circumvent this warning.
  warnings.warn(

2025-06-30 21:28:52,660:WARNING:C:\Users\fares\anaconda3\envs\pycaret-env\Lib\site-packages\sklearn\ensemble\_weight_boosting.py:519: FutureWarning: The SAMME.R algorithm (the default) is deprecated and will be removed in 1.6. Use the SAMME algorithm to circumvent this warning.
  warnings.warn(

2025-06-30 21:28:54,615:WARNING:C:\Users\fares\anaconda3\envs\pycaret-env\Lib\site-packages\sklearn\metrics\_classification.py:1561: UserWarning: Note that pos_label (set to 'yes') is ignored when average != 'binary' (got 'weighted'). You may use labels=[pos_label] to specify a single positive class.
  warnings.warn(

2025-06-30 21:28:54,634:WARNING:C:\Users\fares\anaconda3\envs\pycaret-env\Lib\site-packages\sklearn\metrics\_classification.py:1561: UserWarning: Note that pos_label (set to 'yes') is ignored when average != 'binary' (got 'weighted'). You may use labels=[pos_label] to specify a single positive class.
  warnings.warn(

2025-06-30 21:28:54,638:WARNING:C:\Users\fares\anaconda3\envs\pycaret-env\Lib\site-packages\sklearn\metrics\_classification.py:1561: UserWarning: Note that pos_label (set to 'yes') is ignored when average != 'binary' (got 'weighted'). You may use labels=[pos_label] to specify a single positive class.
  warnings.warn(

2025-06-30 21:28:54,638:WARNING:C:\Users\fares\anaconda3\envs\pycaret-env\Lib\site-packages\sklearn\metrics\_classification.py:1561: UserWarning: Note that pos_label (set to 'yes') is ignored when average != 'binary' (got 'weighted'). You may use labels=[pos_label] to specify a single positive class.
  warnings.warn(

2025-06-30 21:28:54,639:WARNING:C:\Users\fares\anaconda3\envs\pycaret-env\Lib\site-packages\sklearn\metrics\_classification.py:1561: UserWarning: Note that pos_label (set to 'yes') is ignored when average != 'binary' (got 'weighted'). You may use labels=[pos_label] to specify a single positive class.
  warnings.warn(

2025-06-30 21:28:54,651:WARNING:C:\Users\fares\anaconda3\envs\pycaret-env\Lib\site-packages\sklearn\metrics\_classification.py:1561: UserWarning: Note that pos_label (set to 'yes') is ignored when average != 'binary' (got 'weighted'). You may use labels=[pos_label] to specify a single positive class.
  warnings.warn(

2025-06-30 21:28:54,651:WARNING:C:\Users\fares\anaconda3\envs\pycaret-env\Lib\site-packages\sklearn\metrics\_classification.py:1561: UserWarning: Note that pos_label (set to 'yes') is ignored when average != 'binary' (got 'weighted'). You may use labels=[pos_label] to specify a single positive class.
  warnings.warn(

2025-06-30 21:28:54,652:WARNING:C:\Users\fares\anaconda3\envs\pycaret-env\Lib\site-packages\sklearn\metrics\_classification.py:1561: UserWarning: Note that pos_label (set to 'yes') is ignored when average != 'binary' (got 'weighted'). You may use labels=[pos_label] to specify a single positive class.
  warnings.warn(

2025-06-30 21:28:54,653:WARNING:C:\Users\fares\anaconda3\envs\pycaret-env\Lib\site-packages\sklearn\metrics\_classification.py:1561: UserWarning: Note that pos_label (set to 'yes') is ignored when average != 'binary' (got 'weighted'). You may use labels=[pos_label] to specify a single positive class.
  warnings.warn(

2025-06-30 21:28:54,653:WARNING:C:\Users\fares\anaconda3\envs\pycaret-env\Lib\site-packages\sklearn\metrics\_classification.py:1561: UserWarning: Note that pos_label (set to 'yes') is ignored when average != 'binary' (got 'weighted'). You may use labels=[pos_label] to specify a single positive class.
  warnings.warn(

2025-06-30 21:28:54,656:WARNING:C:\Users\fares\anaconda3\envs\pycaret-env\Lib\site-packages\sklearn\metrics\_classification.py:1561: UserWarning: Note that pos_label (set to 'yes') is ignored when average != 'binary' (got 'weighted'). You may use labels=[pos_label] to specify a single positive class.
  warnings.warn(

2025-06-30 21:28:54,660:WARNING:C:\Users\fares\anaconda3\envs\pycaret-env\Lib\site-packages\sklearn\metrics\_classification.py:1561: UserWarning: Note that pos_label (set to 'yes') is ignored when average != 'binary' (got 'weighted'). You may use labels=[pos_label] to specify a single positive class.
  warnings.warn(

2025-06-30 21:28:54,660:WARNING:C:\Users\fares\anaconda3\envs\pycaret-env\Lib\site-packages\sklearn\metrics\_classification.py:1561: UserWarning: Note that pos_label (set to 'yes') is ignored when average != 'binary' (got 'weighted'). You may use labels=[pos_label] to specify a single positive class.
  warnings.warn(

2025-06-30 21:28:54,664:WARNING:C:\Users\fares\anaconda3\envs\pycaret-env\Lib\site-packages\sklearn\metrics\_classification.py:1561: UserWarning: Note that pos_label (set to 'yes') is ignored when average != 'binary' (got 'weighted'). You may use labels=[pos_label] to specify a single positive class.
  warnings.warn(

2025-06-30 21:28:54,667:WARNING:C:\Users\fares\anaconda3\envs\pycaret-env\Lib\site-packages\sklearn\metrics\_classification.py:1561: UserWarning: Note that pos_label (set to 'yes') is ignored when average != 'binary' (got 'weighted'). You may use labels=[pos_label] to specify a single positive class.
  warnings.warn(

2025-06-30 21:28:54,667:WARNING:C:\Users\fares\anaconda3\envs\pycaret-env\Lib\site-packages\sklearn\metrics\_classification.py:1561: UserWarning: Note that pos_label (set to 'yes') is ignored when average != 'binary' (got 'weighted'). You may use labels=[pos_label] to specify a single positive class.
  warnings.warn(

2025-06-30 21:28:54,670:WARNING:C:\Users\fares\anaconda3\envs\pycaret-env\Lib\site-packages\sklearn\metrics\_classification.py:1561: UserWarning: Note that pos_label (set to 'yes') is ignored when average != 'binary' (got 'weighted'). You may use labels=[pos_label] to specify a single positive class.
  warnings.warn(

2025-06-30 21:28:54,673:WARNING:C:\Users\fares\anaconda3\envs\pycaret-env\Lib\site-packages\sklearn\metrics\_classification.py:1561: UserWarning: Note that pos_label (set to 'yes') is ignored when average != 'binary' (got 'weighted'). You may use labels=[pos_label] to specify a single positive class.
  warnings.warn(

2025-06-30 21:28:54,676:WARNING:C:\Users\fares\anaconda3\envs\pycaret-env\Lib\site-packages\sklearn\metrics\_classification.py:1561: UserWarning: Note that pos_label (set to 'yes') is ignored when average != 'binary' (got 'weighted'). You may use labels=[pos_label] to specify a single positive class.
  warnings.warn(

2025-06-30 21:28:54,677:WARNING:C:\Users\fares\anaconda3\envs\pycaret-env\Lib\site-packages\sklearn\metrics\_classification.py:1561: UserWarning: Note that pos_label (set to 'yes') is ignored when average != 'binary' (got 'weighted'). You may use labels=[pos_label] to specify a single positive class.
  warnings.warn(

2025-06-30 21:28:54,679:WARNING:C:\Users\fares\anaconda3\envs\pycaret-env\Lib\site-packages\sklearn\metrics\_classification.py:1561: UserWarning: Note that pos_label (set to 'yes') is ignored when average != 'binary' (got 'weighted'). You may use labels=[pos_label] to specify a single positive class.
  warnings.warn(

2025-06-30 21:28:54,684:WARNING:C:\Users\fares\anaconda3\envs\pycaret-env\Lib\site-packages\sklearn\metrics\_classification.py:1561: UserWarning: Note that pos_label (set to 'yes') is ignored when average != 'binary' (got 'weighted'). You may use labels=[pos_label] to specify a single positive class.
  warnings.warn(

2025-06-30 21:28:54,690:WARNING:C:\Users\fares\anaconda3\envs\pycaret-env\Lib\site-packages\sklearn\metrics\_classification.py:1561: UserWarning: Note that pos_label (set to 'yes') is ignored when average != 'binary' (got 'weighted'). You may use labels=[pos_label] to specify a single positive class.
  warnings.warn(

2025-06-30 21:28:54,695:WARNING:C:\Users\fares\anaconda3\envs\pycaret-env\Lib\site-packages\sklearn\metrics\_classification.py:1561: UserWarning: Note that pos_label (set to 'yes') is ignored when average != 'binary' (got 'weighted'). You may use labels=[pos_label] to specify a single positive class.
  warnings.warn(

2025-06-30 21:28:54,696:WARNING:C:\Users\fares\anaconda3\envs\pycaret-env\Lib\site-packages\sklearn\metrics\_classification.py:1561: UserWarning: Note that pos_label (set to 'yes') is ignored when average != 'binary' (got 'weighted'). You may use labels=[pos_label] to specify a single positive class.
  warnings.warn(

2025-06-30 21:28:54,696:WARNING:C:\Users\fares\anaconda3\envs\pycaret-env\Lib\site-packages\sklearn\metrics\_classification.py:1561: UserWarning: Note that pos_label (set to 'yes') is ignored when average != 'binary' (got 'weighted'). You may use labels=[pos_label] to specify a single positive class.
  warnings.warn(

2025-06-30 21:28:54,699:WARNING:C:\Users\fares\anaconda3\envs\pycaret-env\Lib\site-packages\sklearn\metrics\_classification.py:1561: UserWarning: Note that pos_label (set to 'yes') is ignored when average != 'binary' (got 'weighted'). You may use labels=[pos_label] to specify a single positive class.
  warnings.warn(

2025-06-30 21:28:54,704:WARNING:C:\Users\fares\anaconda3\envs\pycaret-env\Lib\site-packages\sklearn\metrics\_classification.py:1561: UserWarning: Note that pos_label (set to 'yes') is ignored when average != 'binary' (got 'weighted'). You may use labels=[pos_label] to specify a single positive class.
  warnings.warn(

2025-06-30 21:28:54,709:WARNING:C:\Users\fares\anaconda3\envs\pycaret-env\Lib\site-packages\sklearn\metrics\_classification.py:1561: UserWarning: Note that pos_label (set to 'yes') is ignored when average != 'binary' (got 'weighted'). You may use labels=[pos_label] to specify a single positive class.
  warnings.warn(

2025-06-30 21:28:54,723:WARNING:C:\Users\fares\anaconda3\envs\pycaret-env\Lib\site-packages\sklearn\metrics\_classification.py:1561: UserWarning: Note that pos_label (set to 'yes') is ignored when average != 'binary' (got 'weighted'). You may use labels=[pos_label] to specify a single positive class.
  warnings.warn(

2025-06-30 21:28:54,752:INFO:Calculating mean and std
2025-06-30 21:28:54,753:INFO:Creating metrics dataframe
2025-06-30 21:28:54,754:INFO:Uploading results into container
2025-06-30 21:28:54,755:INFO:Uploading model into container now
2025-06-30 21:28:54,755:INFO:_master_model_container: 9
2025-06-30 21:28:54,755:INFO:_display_container: 2
2025-06-30 21:28:54,755:INFO:AdaBoostClassifier(algorithm='SAMME.R', estimator=None, learning_rate=1.0,
                   n_estimators=50, random_state=123)
2025-06-30 21:28:54,756:INFO:create_model() successfully completed......................................
2025-06-30 21:28:54,845:INFO:SubProcess create_model() end ==================================
2025-06-30 21:28:54,845:INFO:Creating metrics dataframe
2025-06-30 21:28:54,852:INFO:Initializing Gradient Boosting Classifier
2025-06-30 21:28:54,852:INFO:Total runtime is 1.365381189187368 minutes
2025-06-30 21:28:54,853:INFO:SubProcess create_model() called ==================================
2025-06-30 21:28:54,853:INFO:Initializing create_model()
2025-06-30 21:28:54,853:INFO:create_model(self=<pycaret.classification.oop.ClassificationExperiment object at 0x0000025F39F14910>, estimator=gbc, fold=StratifiedKFold(n_splits=10, random_state=None, shuffle=False), round=4, cross_validation=True, predict=True, fit_kwargs={}, groups=None, refit=False, probability_threshold=None, experiment_custom_tags=None, verbose=False, system=False, add_to_model_list=True, metrics=None, display=<pycaret.internal.display.display.CommonDisplay object at 0x0000025F39F00590>, model_only=True, return_train_score=False, error_score=0.0, kwargs={})
2025-06-30 21:28:54,853:INFO:Checking exceptions
2025-06-30 21:28:54,853:INFO:Importing libraries
2025-06-30 21:28:54,853:INFO:Copying training dataset
2025-06-30 21:28:54,872:INFO:Defining folds
2025-06-30 21:28:54,872:INFO:Declaring metric variables
2025-06-30 21:28:54,876:INFO:Importing untrained model
2025-06-30 21:28:54,879:INFO:Gradient Boosting Classifier Imported successfully
2025-06-30 21:28:54,883:INFO:Starting cross validation
2025-06-30 21:28:54,885:INFO:Cross validating with StratifiedKFold(n_splits=10, random_state=None, shuffle=False), n_jobs=-1
2025-06-30 21:29:00,929:WARNING:C:\Users\fares\anaconda3\envs\pycaret-env\Lib\site-packages\sklearn\metrics\_classification.py:1561: UserWarning: Note that pos_label (set to 'yes') is ignored when average != 'binary' (got 'weighted'). You may use labels=[pos_label] to specify a single positive class.
  warnings.warn(

2025-06-30 21:29:00,938:WARNING:C:\Users\fares\anaconda3\envs\pycaret-env\Lib\site-packages\sklearn\metrics\_classification.py:1561: UserWarning: Note that pos_label (set to 'yes') is ignored when average != 'binary' (got 'weighted'). You may use labels=[pos_label] to specify a single positive class.
  warnings.warn(

2025-06-30 21:29:00,951:WARNING:C:\Users\fares\anaconda3\envs\pycaret-env\Lib\site-packages\sklearn\metrics\_classification.py:1561: UserWarning: Note that pos_label (set to 'yes') is ignored when average != 'binary' (got 'weighted'). You may use labels=[pos_label] to specify a single positive class.
  warnings.warn(

2025-06-30 21:29:00,959:WARNING:C:\Users\fares\anaconda3\envs\pycaret-env\Lib\site-packages\sklearn\metrics\_classification.py:1561: UserWarning: Note that pos_label (set to 'yes') is ignored when average != 'binary' (got 'weighted'). You may use labels=[pos_label] to specify a single positive class.
  warnings.warn(

2025-06-30 21:29:00,960:WARNING:C:\Users\fares\anaconda3\envs\pycaret-env\Lib\site-packages\sklearn\metrics\_classification.py:1561: UserWarning: Note that pos_label (set to 'yes') is ignored when average != 'binary' (got 'weighted'). You may use labels=[pos_label] to specify a single positive class.
  warnings.warn(

2025-06-30 21:29:00,961:WARNING:C:\Users\fares\anaconda3\envs\pycaret-env\Lib\site-packages\sklearn\metrics\_classification.py:1561: UserWarning: Note that pos_label (set to 'yes') is ignored when average != 'binary' (got 'weighted'). You may use labels=[pos_label] to specify a single positive class.
  warnings.warn(

2025-06-30 21:29:00,972:WARNING:C:\Users\fares\anaconda3\envs\pycaret-env\Lib\site-packages\sklearn\metrics\_classification.py:1561: UserWarning: Note that pos_label (set to 'yes') is ignored when average != 'binary' (got 'weighted'). You may use labels=[pos_label] to specify a single positive class.
  warnings.warn(

2025-06-30 21:29:00,981:WARNING:C:\Users\fares\anaconda3\envs\pycaret-env\Lib\site-packages\sklearn\metrics\_classification.py:1561: UserWarning: Note that pos_label (set to 'yes') is ignored when average != 'binary' (got 'weighted'). You may use labels=[pos_label] to specify a single positive class.
  warnings.warn(

2025-06-30 21:29:00,982:WARNING:C:\Users\fares\anaconda3\envs\pycaret-env\Lib\site-packages\sklearn\metrics\_classification.py:1561: UserWarning: Note that pos_label (set to 'yes') is ignored when average != 'binary' (got 'weighted'). You may use labels=[pos_label] to specify a single positive class.
  warnings.warn(

2025-06-30 21:29:00,984:WARNING:C:\Users\fares\anaconda3\envs\pycaret-env\Lib\site-packages\sklearn\metrics\_classification.py:1561: UserWarning: Note that pos_label (set to 'yes') is ignored when average != 'binary' (got 'weighted'). You may use labels=[pos_label] to specify a single positive class.
  warnings.warn(

2025-06-30 21:29:00,991:WARNING:C:\Users\fares\anaconda3\envs\pycaret-env\Lib\site-packages\sklearn\metrics\_classification.py:1561: UserWarning: Note that pos_label (set to 'yes') is ignored when average != 'binary' (got 'weighted'). You may use labels=[pos_label] to specify a single positive class.
  warnings.warn(

2025-06-30 21:29:00,995:WARNING:C:\Users\fares\anaconda3\envs\pycaret-env\Lib\site-packages\sklearn\metrics\_classification.py:1561: UserWarning: Note that pos_label (set to 'yes') is ignored when average != 'binary' (got 'weighted'). You may use labels=[pos_label] to specify a single positive class.
  warnings.warn(

2025-06-30 21:29:00,999:WARNING:C:\Users\fares\anaconda3\envs\pycaret-env\Lib\site-packages\sklearn\metrics\_classification.py:1561: UserWarning: Note that pos_label (set to 'yes') is ignored when average != 'binary' (got 'weighted'). You may use labels=[pos_label] to specify a single positive class.
  warnings.warn(

2025-06-30 21:29:01,005:WARNING:C:\Users\fares\anaconda3\envs\pycaret-env\Lib\site-packages\sklearn\metrics\_classification.py:1561: UserWarning: Note that pos_label (set to 'yes') is ignored when average != 'binary' (got 'weighted'). You may use labels=[pos_label] to specify a single positive class.
  warnings.warn(

2025-06-30 21:29:01,005:WARNING:C:\Users\fares\anaconda3\envs\pycaret-env\Lib\site-packages\sklearn\metrics\_classification.py:1561: UserWarning: Note that pos_label (set to 'yes') is ignored when average != 'binary' (got 'weighted'). You may use labels=[pos_label] to specify a single positive class.
  warnings.warn(

2025-06-30 21:29:01,006:WARNING:C:\Users\fares\anaconda3\envs\pycaret-env\Lib\site-packages\sklearn\metrics\_classification.py:1561: UserWarning: Note that pos_label (set to 'yes') is ignored when average != 'binary' (got 'weighted'). You may use labels=[pos_label] to specify a single positive class.
  warnings.warn(

2025-06-30 21:29:01,006:WARNING:C:\Users\fares\anaconda3\envs\pycaret-env\Lib\site-packages\sklearn\metrics\_classification.py:1561: UserWarning: Note that pos_label (set to 'yes') is ignored when average != 'binary' (got 'weighted'). You may use labels=[pos_label] to specify a single positive class.
  warnings.warn(

2025-06-30 21:29:01,007:WARNING:C:\Users\fares\anaconda3\envs\pycaret-env\Lib\site-packages\sklearn\metrics\_classification.py:1561: UserWarning: Note that pos_label (set to 'yes') is ignored when average != 'binary' (got 'weighted'). You may use labels=[pos_label] to specify a single positive class.
  warnings.warn(

2025-06-30 21:29:01,016:WARNING:C:\Users\fares\anaconda3\envs\pycaret-env\Lib\site-packages\sklearn\metrics\_classification.py:1561: UserWarning: Note that pos_label (set to 'yes') is ignored when average != 'binary' (got 'weighted'). You may use labels=[pos_label] to specify a single positive class.
  warnings.warn(

2025-06-30 21:29:01,021:WARNING:C:\Users\fares\anaconda3\envs\pycaret-env\Lib\site-packages\sklearn\metrics\_classification.py:1561: UserWarning: Note that pos_label (set to 'yes') is ignored when average != 'binary' (got 'weighted'). You may use labels=[pos_label] to specify a single positive class.
  warnings.warn(

2025-06-30 21:29:01,024:WARNING:C:\Users\fares\anaconda3\envs\pycaret-env\Lib\site-packages\sklearn\metrics\_classification.py:1561: UserWarning: Note that pos_label (set to 'yes') is ignored when average != 'binary' (got 'weighted'). You may use labels=[pos_label] to specify a single positive class.
  warnings.warn(

2025-06-30 21:29:01,027:WARNING:C:\Users\fares\anaconda3\envs\pycaret-env\Lib\site-packages\sklearn\metrics\_classification.py:1561: UserWarning: Note that pos_label (set to 'yes') is ignored when average != 'binary' (got 'weighted'). You may use labels=[pos_label] to specify a single positive class.
  warnings.warn(

2025-06-30 21:29:01,027:WARNING:C:\Users\fares\anaconda3\envs\pycaret-env\Lib\site-packages\sklearn\metrics\_classification.py:1561: UserWarning: Note that pos_label (set to 'yes') is ignored when average != 'binary' (got 'weighted'). You may use labels=[pos_label] to specify a single positive class.
  warnings.warn(

2025-06-30 21:29:01,028:WARNING:C:\Users\fares\anaconda3\envs\pycaret-env\Lib\site-packages\sklearn\metrics\_classification.py:1561: UserWarning: Note that pos_label (set to 'yes') is ignored when average != 'binary' (got 'weighted'). You may use labels=[pos_label] to specify a single positive class.
  warnings.warn(

2025-06-30 21:29:01,029:WARNING:C:\Users\fares\anaconda3\envs\pycaret-env\Lib\site-packages\sklearn\metrics\_classification.py:1561: UserWarning: Note that pos_label (set to 'yes') is ignored when average != 'binary' (got 'weighted'). You may use labels=[pos_label] to specify a single positive class.
  warnings.warn(

2025-06-30 21:29:01,041:WARNING:C:\Users\fares\anaconda3\envs\pycaret-env\Lib\site-packages\sklearn\metrics\_classification.py:1561: UserWarning: Note that pos_label (set to 'yes') is ignored when average != 'binary' (got 'weighted'). You may use labels=[pos_label] to specify a single positive class.
  warnings.warn(

2025-06-30 21:29:01,044:WARNING:C:\Users\fares\anaconda3\envs\pycaret-env\Lib\site-packages\sklearn\metrics\_classification.py:1561: UserWarning: Note that pos_label (set to 'yes') is ignored when average != 'binary' (got 'weighted'). You may use labels=[pos_label] to specify a single positive class.
  warnings.warn(

2025-06-30 21:29:01,052:WARNING:C:\Users\fares\anaconda3\envs\pycaret-env\Lib\site-packages\sklearn\metrics\_classification.py:1561: UserWarning: Note that pos_label (set to 'yes') is ignored when average != 'binary' (got 'weighted'). You may use labels=[pos_label] to specify a single positive class.
  warnings.warn(

2025-06-30 21:29:01,053:WARNING:C:\Users\fares\anaconda3\envs\pycaret-env\Lib\site-packages\sklearn\metrics\_classification.py:1561: UserWarning: Note that pos_label (set to 'yes') is ignored when average != 'binary' (got 'weighted'). You may use labels=[pos_label] to specify a single positive class.
  warnings.warn(

2025-06-30 21:29:01,086:INFO:Calculating mean and std
2025-06-30 21:29:01,087:INFO:Creating metrics dataframe
2025-06-30 21:29:01,088:INFO:Uploading results into container
2025-06-30 21:29:01,089:INFO:Uploading model into container now
2025-06-30 21:29:01,089:INFO:_master_model_container: 10
2025-06-30 21:29:01,089:INFO:_display_container: 2
2025-06-30 21:29:01,090:INFO:GradientBoostingClassifier(ccp_alpha=0.0, criterion='friedman_mse', init=None,
                           learning_rate=0.1, loss='log_loss', max_depth=3,
                           max_features=None, max_leaf_nodes=None,
                           min_impurity_decrease=0.0, min_samples_leaf=1,
                           min_samples_split=2, min_weight_fraction_leaf=0.0,
                           n_estimators=100, n_iter_no_change=None,
                           random_state=123, subsample=1.0, tol=0.0001,
                           validation_fraction=0.1, verbose=0,
                           warm_start=False)
2025-06-30 21:29:01,090:INFO:create_model() successfully completed......................................
2025-06-30 21:29:01,180:INFO:SubProcess create_model() end ==================================
2025-06-30 21:29:01,180:INFO:Creating metrics dataframe
2025-06-30 21:29:01,187:INFO:Initializing Linear Discriminant Analysis
2025-06-30 21:29:01,187:INFO:Total runtime is 1.4709785064061485 minutes
2025-06-30 21:29:01,188:INFO:SubProcess create_model() called ==================================
2025-06-30 21:29:01,190:INFO:Initializing create_model()
2025-06-30 21:29:01,190:INFO:create_model(self=<pycaret.classification.oop.ClassificationExperiment object at 0x0000025F39F14910>, estimator=lda, fold=StratifiedKFold(n_splits=10, random_state=None, shuffle=False), round=4, cross_validation=True, predict=True, fit_kwargs={}, groups=None, refit=False, probability_threshold=None, experiment_custom_tags=None, verbose=False, system=False, add_to_model_list=True, metrics=None, display=<pycaret.internal.display.display.CommonDisplay object at 0x0000025F39F00590>, model_only=True, return_train_score=False, error_score=0.0, kwargs={})
2025-06-30 21:29:01,190:INFO:Checking exceptions
2025-06-30 21:29:01,190:INFO:Importing libraries
2025-06-30 21:29:01,190:INFO:Copying training dataset
2025-06-30 21:29:01,207:INFO:Defining folds
2025-06-30 21:29:01,207:INFO:Declaring metric variables
2025-06-30 21:29:01,210:INFO:Importing untrained model
2025-06-30 21:29:01,212:INFO:Linear Discriminant Analysis Imported successfully
2025-06-30 21:29:01,217:INFO:Starting cross validation
2025-06-30 21:29:01,219:INFO:Cross validating with StratifiedKFold(n_splits=10, random_state=None, shuffle=False), n_jobs=-1
2025-06-30 21:29:02,886:WARNING:C:\Users\fares\anaconda3\envs\pycaret-env\Lib\site-packages\sklearn\metrics\_classification.py:1561: UserWarning: Note that pos_label (set to 'yes') is ignored when average != 'binary' (got 'weighted'). You may use labels=[pos_label] to specify a single positive class.
  warnings.warn(

2025-06-30 21:29:02,888:WARNING:C:\Users\fares\anaconda3\envs\pycaret-env\Lib\site-packages\sklearn\metrics\_classification.py:1561: UserWarning: Note that pos_label (set to 'yes') is ignored when average != 'binary' (got 'weighted'). You may use labels=[pos_label] to specify a single positive class.
  warnings.warn(

2025-06-30 21:29:02,891:WARNING:C:\Users\fares\anaconda3\envs\pycaret-env\Lib\site-packages\sklearn\metrics\_classification.py:1561: UserWarning: Note that pos_label (set to 'yes') is ignored when average != 'binary' (got 'weighted'). You may use labels=[pos_label] to specify a single positive class.
  warnings.warn(

2025-06-30 21:29:02,902:WARNING:C:\Users\fares\anaconda3\envs\pycaret-env\Lib\site-packages\sklearn\metrics\_classification.py:1561: UserWarning: Note that pos_label (set to 'yes') is ignored when average != 'binary' (got 'weighted'). You may use labels=[pos_label] to specify a single positive class.
  warnings.warn(

2025-06-30 21:29:02,907:WARNING:C:\Users\fares\anaconda3\envs\pycaret-env\Lib\site-packages\sklearn\metrics\_classification.py:1561: UserWarning: Note that pos_label (set to 'yes') is ignored when average != 'binary' (got 'weighted'). You may use labels=[pos_label] to specify a single positive class.
  warnings.warn(

2025-06-30 21:29:02,908:WARNING:C:\Users\fares\anaconda3\envs\pycaret-env\Lib\site-packages\sklearn\metrics\_classification.py:1561: UserWarning: Note that pos_label (set to 'yes') is ignored when average != 'binary' (got 'weighted'). You may use labels=[pos_label] to specify a single positive class.
  warnings.warn(

2025-06-30 21:29:02,910:WARNING:C:\Users\fares\anaconda3\envs\pycaret-env\Lib\site-packages\sklearn\metrics\_classification.py:1561: UserWarning: Note that pos_label (set to 'yes') is ignored when average != 'binary' (got 'weighted'). You may use labels=[pos_label] to specify a single positive class.
  warnings.warn(

2025-06-30 21:29:02,912:WARNING:C:\Users\fares\anaconda3\envs\pycaret-env\Lib\site-packages\sklearn\metrics\_classification.py:1561: UserWarning: Note that pos_label (set to 'yes') is ignored when average != 'binary' (got 'weighted'). You may use labels=[pos_label] to specify a single positive class.
  warnings.warn(

2025-06-30 21:29:02,915:WARNING:C:\Users\fares\anaconda3\envs\pycaret-env\Lib\site-packages\sklearn\metrics\_classification.py:1561: UserWarning: Note that pos_label (set to 'yes') is ignored when average != 'binary' (got 'weighted'). You may use labels=[pos_label] to specify a single positive class.
  warnings.warn(

2025-06-30 21:29:02,924:WARNING:C:\Users\fares\anaconda3\envs\pycaret-env\Lib\site-packages\sklearn\metrics\_classification.py:1561: UserWarning: Note that pos_label (set to 'yes') is ignored when average != 'binary' (got 'weighted'). You may use labels=[pos_label] to specify a single positive class.
  warnings.warn(

2025-06-30 21:29:02,926:WARNING:C:\Users\fares\anaconda3\envs\pycaret-env\Lib\site-packages\sklearn\metrics\_classification.py:1561: UserWarning: Note that pos_label (set to 'yes') is ignored when average != 'binary' (got 'weighted'). You may use labels=[pos_label] to specify a single positive class.
  warnings.warn(

2025-06-30 21:29:02,927:WARNING:C:\Users\fares\anaconda3\envs\pycaret-env\Lib\site-packages\sklearn\metrics\_classification.py:1561: UserWarning: Note that pos_label (set to 'yes') is ignored when average != 'binary' (got 'weighted'). You may use labels=[pos_label] to specify a single positive class.
  warnings.warn(

2025-06-30 21:29:02,927:WARNING:C:\Users\fares\anaconda3\envs\pycaret-env\Lib\site-packages\sklearn\metrics\_classification.py:1561: UserWarning: Note that pos_label (set to 'yes') is ignored when average != 'binary' (got 'weighted'). You may use labels=[pos_label] to specify a single positive class.
  warnings.warn(

2025-06-30 21:29:02,927:WARNING:C:\Users\fares\anaconda3\envs\pycaret-env\Lib\site-packages\sklearn\metrics\_classification.py:1561: UserWarning: Note that pos_label (set to 'yes') is ignored when average != 'binary' (got 'weighted'). You may use labels=[pos_label] to specify a single positive class.
  warnings.warn(

2025-06-30 21:29:02,931:WARNING:C:\Users\fares\anaconda3\envs\pycaret-env\Lib\site-packages\sklearn\metrics\_classification.py:1561: UserWarning: Note that pos_label (set to 'yes') is ignored when average != 'binary' (got 'weighted'). You may use labels=[pos_label] to specify a single positive class.
  warnings.warn(

2025-06-30 21:29:02,931:WARNING:C:\Users\fares\anaconda3\envs\pycaret-env\Lib\site-packages\sklearn\metrics\_classification.py:1561: UserWarning: Note that pos_label (set to 'yes') is ignored when average != 'binary' (got 'weighted'). You may use labels=[pos_label] to specify a single positive class.
  warnings.warn(

2025-06-30 21:29:02,931:WARNING:C:\Users\fares\anaconda3\envs\pycaret-env\Lib\site-packages\sklearn\metrics\_classification.py:1561: UserWarning: Note that pos_label (set to 'yes') is ignored when average != 'binary' (got 'weighted'). You may use labels=[pos_label] to specify a single positive class.
  warnings.warn(

2025-06-30 21:29:02,934:WARNING:C:\Users\fares\anaconda3\envs\pycaret-env\Lib\site-packages\sklearn\metrics\_classification.py:1561: UserWarning: Note that pos_label (set to 'yes') is ignored when average != 'binary' (got 'weighted'). You may use labels=[pos_label] to specify a single positive class.
  warnings.warn(

2025-06-30 21:29:02,934:WARNING:C:\Users\fares\anaconda3\envs\pycaret-env\Lib\site-packages\sklearn\metrics\_classification.py:1561: UserWarning: Note that pos_label (set to 'yes') is ignored when average != 'binary' (got 'weighted'). You may use labels=[pos_label] to specify a single positive class.
  warnings.warn(

2025-06-30 21:29:02,942:WARNING:C:\Users\fares\anaconda3\envs\pycaret-env\Lib\site-packages\sklearn\metrics\_classification.py:1561: UserWarning: Note that pos_label (set to 'yes') is ignored when average != 'binary' (got 'weighted'). You may use labels=[pos_label] to specify a single positive class.
  warnings.warn(

2025-06-30 21:29:02,943:WARNING:C:\Users\fares\anaconda3\envs\pycaret-env\Lib\site-packages\sklearn\metrics\_classification.py:1561: UserWarning: Note that pos_label (set to 'yes') is ignored when average != 'binary' (got 'weighted'). You may use labels=[pos_label] to specify a single positive class.
  warnings.warn(

2025-06-30 21:29:02,946:WARNING:C:\Users\fares\anaconda3\envs\pycaret-env\Lib\site-packages\sklearn\metrics\_classification.py:1561: UserWarning: Note that pos_label (set to 'yes') is ignored when average != 'binary' (got 'weighted'). You may use labels=[pos_label] to specify a single positive class.
  warnings.warn(

2025-06-30 21:29:02,946:WARNING:C:\Users\fares\anaconda3\envs\pycaret-env\Lib\site-packages\sklearn\metrics\_classification.py:1561: UserWarning: Note that pos_label (set to 'yes') is ignored when average != 'binary' (got 'weighted'). You may use labels=[pos_label] to specify a single positive class.
  warnings.warn(

2025-06-30 21:29:02,952:WARNING:C:\Users\fares\anaconda3\envs\pycaret-env\Lib\site-packages\sklearn\metrics\_classification.py:1561: UserWarning: Note that pos_label (set to 'yes') is ignored when average != 'binary' (got 'weighted'). You may use labels=[pos_label] to specify a single positive class.
  warnings.warn(

2025-06-30 21:29:02,954:WARNING:C:\Users\fares\anaconda3\envs\pycaret-env\Lib\site-packages\sklearn\metrics\_classification.py:1561: UserWarning: Note that pos_label (set to 'yes') is ignored when average != 'binary' (got 'weighted'). You may use labels=[pos_label] to specify a single positive class.
  warnings.warn(

2025-06-30 21:29:02,957:WARNING:C:\Users\fares\anaconda3\envs\pycaret-env\Lib\site-packages\sklearn\metrics\_classification.py:1561: UserWarning: Note that pos_label (set to 'yes') is ignored when average != 'binary' (got 'weighted'). You may use labels=[pos_label] to specify a single positive class.
  warnings.warn(

2025-06-30 21:29:02,962:WARNING:C:\Users\fares\anaconda3\envs\pycaret-env\Lib\site-packages\sklearn\metrics\_classification.py:1561: UserWarning: Note that pos_label (set to 'yes') is ignored when average != 'binary' (got 'weighted'). You may use labels=[pos_label] to specify a single positive class.
  warnings.warn(

2025-06-30 21:29:02,965:WARNING:C:\Users\fares\anaconda3\envs\pycaret-env\Lib\site-packages\sklearn\metrics\_classification.py:1561: UserWarning: Note that pos_label (set to 'yes') is ignored when average != 'binary' (got 'weighted'). You may use labels=[pos_label] to specify a single positive class.
  warnings.warn(

2025-06-30 21:29:02,966:WARNING:C:\Users\fares\anaconda3\envs\pycaret-env\Lib\site-packages\sklearn\metrics\_classification.py:1561: UserWarning: Note that pos_label (set to 'yes') is ignored when average != 'binary' (got 'weighted'). You may use labels=[pos_label] to specify a single positive class.
  warnings.warn(

2025-06-30 21:29:02,977:WARNING:C:\Users\fares\anaconda3\envs\pycaret-env\Lib\site-packages\sklearn\metrics\_classification.py:1561: UserWarning: Note that pos_label (set to 'yes') is ignored when average != 'binary' (got 'weighted'). You may use labels=[pos_label] to specify a single positive class.
  warnings.warn(

2025-06-30 21:29:03,003:INFO:Calculating mean and std
2025-06-30 21:29:03,004:INFO:Creating metrics dataframe
2025-06-30 21:29:03,007:INFO:Uploading results into container
2025-06-30 21:29:03,008:INFO:Uploading model into container now
2025-06-30 21:29:03,008:INFO:_master_model_container: 11
2025-06-30 21:29:03,008:INFO:_display_container: 2
2025-06-30 21:29:03,009:INFO:LinearDiscriminantAnalysis(covariance_estimator=None, n_components=None,
                           priors=None, shrinkage=None, solver='svd',
                           store_covariance=False, tol=0.0001)
2025-06-30 21:29:03,010:INFO:create_model() successfully completed......................................
2025-06-30 21:29:03,119:INFO:SubProcess create_model() end ==================================
2025-06-30 21:29:03,119:INFO:Creating metrics dataframe
2025-06-30 21:29:03,126:INFO:Initializing Extra Trees Classifier
2025-06-30 21:29:03,126:INFO:Total runtime is 1.5032936453819277 minutes
2025-06-30 21:29:03,129:INFO:SubProcess create_model() called ==================================
2025-06-30 21:29:03,129:INFO:Initializing create_model()
2025-06-30 21:29:03,129:INFO:create_model(self=<pycaret.classification.oop.ClassificationExperiment object at 0x0000025F39F14910>, estimator=et, fold=StratifiedKFold(n_splits=10, random_state=None, shuffle=False), round=4, cross_validation=True, predict=True, fit_kwargs={}, groups=None, refit=False, probability_threshold=None, experiment_custom_tags=None, verbose=False, system=False, add_to_model_list=True, metrics=None, display=<pycaret.internal.display.display.CommonDisplay object at 0x0000025F39F00590>, model_only=True, return_train_score=False, error_score=0.0, kwargs={})
2025-06-30 21:29:03,129:INFO:Checking exceptions
2025-06-30 21:29:03,129:INFO:Importing libraries
2025-06-30 21:29:03,130:INFO:Copying training dataset
2025-06-30 21:29:03,146:INFO:Defining folds
2025-06-30 21:29:03,146:INFO:Declaring metric variables
2025-06-30 21:29:03,149:INFO:Importing untrained model
2025-06-30 21:29:03,151:INFO:Extra Trees Classifier Imported successfully
2025-06-30 21:29:03,155:INFO:Starting cross validation
2025-06-30 21:29:03,158:INFO:Cross validating with StratifiedKFold(n_splits=10, random_state=None, shuffle=False), n_jobs=-1
2025-06-30 21:29:07,497:WARNING:C:\Users\fares\anaconda3\envs\pycaret-env\Lib\site-packages\sklearn\metrics\_classification.py:1561: UserWarning: Note that pos_label (set to 'yes') is ignored when average != 'binary' (got 'weighted'). You may use labels=[pos_label] to specify a single positive class.
  warnings.warn(

2025-06-30 21:29:07,497:WARNING:C:\Users\fares\anaconda3\envs\pycaret-env\Lib\site-packages\sklearn\metrics\_classification.py:1561: UserWarning: Note that pos_label (set to 'yes') is ignored when average != 'binary' (got 'weighted'). You may use labels=[pos_label] to specify a single positive class.
  warnings.warn(

2025-06-30 21:29:07,530:WARNING:C:\Users\fares\anaconda3\envs\pycaret-env\Lib\site-packages\sklearn\metrics\_classification.py:1561: UserWarning: Note that pos_label (set to 'yes') is ignored when average != 'binary' (got 'weighted'). You may use labels=[pos_label] to specify a single positive class.
  warnings.warn(

2025-06-30 21:29:07,539:WARNING:C:\Users\fares\anaconda3\envs\pycaret-env\Lib\site-packages\sklearn\metrics\_classification.py:1561: UserWarning: Note that pos_label (set to 'yes') is ignored when average != 'binary' (got 'weighted'). You may use labels=[pos_label] to specify a single positive class.
  warnings.warn(

2025-06-30 21:29:07,567:WARNING:C:\Users\fares\anaconda3\envs\pycaret-env\Lib\site-packages\sklearn\metrics\_classification.py:1561: UserWarning: Note that pos_label (set to 'yes') is ignored when average != 'binary' (got 'weighted'). You may use labels=[pos_label] to specify a single positive class.
  warnings.warn(

2025-06-30 21:29:07,578:WARNING:C:\Users\fares\anaconda3\envs\pycaret-env\Lib\site-packages\sklearn\metrics\_classification.py:1561: UserWarning: Note that pos_label (set to 'yes') is ignored when average != 'binary' (got 'weighted'). You may use labels=[pos_label] to specify a single positive class.
  warnings.warn(

2025-06-30 21:29:07,619:WARNING:C:\Users\fares\anaconda3\envs\pycaret-env\Lib\site-packages\sklearn\metrics\_classification.py:1561: UserWarning: Note that pos_label (set to 'yes') is ignored when average != 'binary' (got 'weighted'). You may use labels=[pos_label] to specify a single positive class.
  warnings.warn(

2025-06-30 21:29:07,629:WARNING:C:\Users\fares\anaconda3\envs\pycaret-env\Lib\site-packages\sklearn\metrics\_classification.py:1561: UserWarning: Note that pos_label (set to 'yes') is ignored when average != 'binary' (got 'weighted'). You may use labels=[pos_label] to specify a single positive class.
  warnings.warn(

2025-06-30 21:29:07,634:WARNING:C:\Users\fares\anaconda3\envs\pycaret-env\Lib\site-packages\sklearn\metrics\_classification.py:1561: UserWarning: Note that pos_label (set to 'yes') is ignored when average != 'binary' (got 'weighted'). You may use labels=[pos_label] to specify a single positive class.
  warnings.warn(

2025-06-30 21:29:07,638:WARNING:C:\Users\fares\anaconda3\envs\pycaret-env\Lib\site-packages\sklearn\metrics\_classification.py:1561: UserWarning: Note that pos_label (set to 'yes') is ignored when average != 'binary' (got 'weighted'). You may use labels=[pos_label] to specify a single positive class.
  warnings.warn(

2025-06-30 21:29:07,640:WARNING:C:\Users\fares\anaconda3\envs\pycaret-env\Lib\site-packages\sklearn\metrics\_classification.py:1561: UserWarning: Note that pos_label (set to 'yes') is ignored when average != 'binary' (got 'weighted'). You may use labels=[pos_label] to specify a single positive class.
  warnings.warn(

2025-06-30 21:29:07,646:WARNING:C:\Users\fares\anaconda3\envs\pycaret-env\Lib\site-packages\sklearn\metrics\_classification.py:1561: UserWarning: Note that pos_label (set to 'yes') is ignored when average != 'binary' (got 'weighted'). You may use labels=[pos_label] to specify a single positive class.
  warnings.warn(

2025-06-30 21:29:07,654:WARNING:C:\Users\fares\anaconda3\envs\pycaret-env\Lib\site-packages\sklearn\metrics\_classification.py:1561: UserWarning: Note that pos_label (set to 'yes') is ignored when average != 'binary' (got 'weighted'). You may use labels=[pos_label] to specify a single positive class.
  warnings.warn(

2025-06-30 21:29:07,655:WARNING:C:\Users\fares\anaconda3\envs\pycaret-env\Lib\site-packages\sklearn\metrics\_classification.py:1561: UserWarning: Note that pos_label (set to 'yes') is ignored when average != 'binary' (got 'weighted'). You may use labels=[pos_label] to specify a single positive class.
  warnings.warn(

2025-06-30 21:29:07,655:WARNING:C:\Users\fares\anaconda3\envs\pycaret-env\Lib\site-packages\sklearn\metrics\_classification.py:1561: UserWarning: Note that pos_label (set to 'yes') is ignored when average != 'binary' (got 'weighted'). You may use labels=[pos_label] to specify a single positive class.
  warnings.warn(

2025-06-30 21:29:07,657:WARNING:C:\Users\fares\anaconda3\envs\pycaret-env\Lib\site-packages\sklearn\metrics\_classification.py:1561: UserWarning: Note that pos_label (set to 'yes') is ignored when average != 'binary' (got 'weighted'). You may use labels=[pos_label] to specify a single positive class.
  warnings.warn(

2025-06-30 21:29:07,658:WARNING:C:\Users\fares\anaconda3\envs\pycaret-env\Lib\site-packages\sklearn\metrics\_classification.py:1561: UserWarning: Note that pos_label (set to 'yes') is ignored when average != 'binary' (got 'weighted'). You may use labels=[pos_label] to specify a single positive class.
  warnings.warn(

2025-06-30 21:29:07,659:WARNING:C:\Users\fares\anaconda3\envs\pycaret-env\Lib\site-packages\sklearn\metrics\_classification.py:1561: UserWarning: Note that pos_label (set to 'yes') is ignored when average != 'binary' (got 'weighted'). You may use labels=[pos_label] to specify a single positive class.
  warnings.warn(

2025-06-30 21:29:07,659:WARNING:C:\Users\fares\anaconda3\envs\pycaret-env\Lib\site-packages\sklearn\metrics\_classification.py:1561: UserWarning: Note that pos_label (set to 'yes') is ignored when average != 'binary' (got 'weighted'). You may use labels=[pos_label] to specify a single positive class.
  warnings.warn(

2025-06-30 21:29:07,666:WARNING:C:\Users\fares\anaconda3\envs\pycaret-env\Lib\site-packages\sklearn\metrics\_classification.py:1561: UserWarning: Note that pos_label (set to 'yes') is ignored when average != 'binary' (got 'weighted'). You may use labels=[pos_label] to specify a single positive class.
  warnings.warn(

2025-06-30 21:29:07,677:WARNING:C:\Users\fares\anaconda3\envs\pycaret-env\Lib\site-packages\sklearn\metrics\_classification.py:1561: UserWarning: Note that pos_label (set to 'yes') is ignored when average != 'binary' (got 'weighted'). You may use labels=[pos_label] to specify a single positive class.
  warnings.warn(

2025-06-30 21:29:07,677:WARNING:C:\Users\fares\anaconda3\envs\pycaret-env\Lib\site-packages\sklearn\metrics\_classification.py:1561: UserWarning: Note that pos_label (set to 'yes') is ignored when average != 'binary' (got 'weighted'). You may use labels=[pos_label] to specify a single positive class.
  warnings.warn(

2025-06-30 21:29:07,677:WARNING:C:\Users\fares\anaconda3\envs\pycaret-env\Lib\site-packages\sklearn\metrics\_classification.py:1561: UserWarning: Note that pos_label (set to 'yes') is ignored when average != 'binary' (got 'weighted'). You may use labels=[pos_label] to specify a single positive class.
  warnings.warn(

2025-06-30 21:29:07,679:WARNING:C:\Users\fares\anaconda3\envs\pycaret-env\Lib\site-packages\sklearn\metrics\_classification.py:1561: UserWarning: Note that pos_label (set to 'yes') is ignored when average != 'binary' (got 'weighted'). You may use labels=[pos_label] to specify a single positive class.
  warnings.warn(

2025-06-30 21:29:07,682:WARNING:C:\Users\fares\anaconda3\envs\pycaret-env\Lib\site-packages\sklearn\metrics\_classification.py:1561: UserWarning: Note that pos_label (set to 'yes') is ignored when average != 'binary' (got 'weighted'). You may use labels=[pos_label] to specify a single positive class.
  warnings.warn(

2025-06-30 21:29:07,682:WARNING:C:\Users\fares\anaconda3\envs\pycaret-env\Lib\site-packages\sklearn\metrics\_classification.py:1561: UserWarning: Note that pos_label (set to 'yes') is ignored when average != 'binary' (got 'weighted'). You may use labels=[pos_label] to specify a single positive class.
  warnings.warn(

2025-06-30 21:29:07,683:WARNING:C:\Users\fares\anaconda3\envs\pycaret-env\Lib\site-packages\sklearn\metrics\_classification.py:1561: UserWarning: Note that pos_label (set to 'yes') is ignored when average != 'binary' (got 'weighted'). You may use labels=[pos_label] to specify a single positive class.
  warnings.warn(

2025-06-30 21:29:07,699:WARNING:C:\Users\fares\anaconda3\envs\pycaret-env\Lib\site-packages\sklearn\metrics\_classification.py:1561: UserWarning: Note that pos_label (set to 'yes') is ignored when average != 'binary' (got 'weighted'). You may use labels=[pos_label] to specify a single positive class.
  warnings.warn(

2025-06-30 21:29:07,701:WARNING:C:\Users\fares\anaconda3\envs\pycaret-env\Lib\site-packages\sklearn\metrics\_classification.py:1561: UserWarning: Note that pos_label (set to 'yes') is ignored when average != 'binary' (got 'weighted'). You may use labels=[pos_label] to specify a single positive class.
  warnings.warn(

2025-06-30 21:29:07,702:WARNING:C:\Users\fares\anaconda3\envs\pycaret-env\Lib\site-packages\sklearn\metrics\_classification.py:1561: UserWarning: Note that pos_label (set to 'yes') is ignored when average != 'binary' (got 'weighted'). You may use labels=[pos_label] to specify a single positive class.
  warnings.warn(

2025-06-30 21:29:07,737:INFO:Calculating mean and std
2025-06-30 21:29:07,738:INFO:Creating metrics dataframe
2025-06-30 21:29:07,741:INFO:Uploading results into container
2025-06-30 21:29:07,741:INFO:Uploading model into container now
2025-06-30 21:29:07,742:INFO:_master_model_container: 12
2025-06-30 21:29:07,742:INFO:_display_container: 2
2025-06-30 21:29:07,743:INFO:ExtraTreesClassifier(bootstrap=False, ccp_alpha=0.0, class_weight=None,
                     criterion='gini', max_depth=None, max_features='sqrt',
                     max_leaf_nodes=None, max_samples=None,
                     min_impurity_decrease=0.0, min_samples_leaf=1,
                     min_samples_split=2, min_weight_fraction_leaf=0.0,
                     monotonic_cst=None, n_estimators=100, n_jobs=-1,
                     oob_score=False, random_state=123, verbose=0,
                     warm_start=False)
2025-06-30 21:29:07,743:INFO:create_model() successfully completed......................................
2025-06-30 21:29:07,859:INFO:SubProcess create_model() end ==================================
2025-06-30 21:29:07,860:INFO:Creating metrics dataframe
2025-06-30 21:29:07,867:INFO:Initializing Light Gradient Boosting Machine
2025-06-30 21:29:07,867:INFO:Total runtime is 1.582309925556183 minutes
2025-06-30 21:29:07,870:INFO:SubProcess create_model() called ==================================
2025-06-30 21:29:07,871:INFO:Initializing create_model()
2025-06-30 21:29:07,871:INFO:create_model(self=<pycaret.classification.oop.ClassificationExperiment object at 0x0000025F39F14910>, estimator=lightgbm, fold=StratifiedKFold(n_splits=10, random_state=None, shuffle=False), round=4, cross_validation=True, predict=True, fit_kwargs={}, groups=None, refit=False, probability_threshold=None, experiment_custom_tags=None, verbose=False, system=False, add_to_model_list=True, metrics=None, display=<pycaret.internal.display.display.CommonDisplay object at 0x0000025F39F00590>, model_only=True, return_train_score=False, error_score=0.0, kwargs={})
2025-06-30 21:29:07,871:INFO:Checking exceptions
2025-06-30 21:29:07,871:INFO:Importing libraries
2025-06-30 21:29:07,871:INFO:Copying training dataset
2025-06-30 21:29:07,895:INFO:Defining folds
2025-06-30 21:29:07,895:INFO:Declaring metric variables
2025-06-30 21:29:07,898:INFO:Importing untrained model
2025-06-30 21:29:07,902:INFO:Light Gradient Boosting Machine Imported successfully
2025-06-30 21:29:07,910:INFO:Starting cross validation
2025-06-30 21:29:07,913:INFO:Cross validating with StratifiedKFold(n_splits=10, random_state=None, shuffle=False), n_jobs=-1
2025-06-30 21:29:10,006:WARNING:C:\Users\fares\anaconda3\envs\pycaret-env\Lib\site-packages\sklearn\metrics\_classification.py:1561: UserWarning: Note that pos_label (set to 'yes') is ignored when average != 'binary' (got 'weighted'). You may use labels=[pos_label] to specify a single positive class.
  warnings.warn(

2025-06-30 21:29:10,007:WARNING:C:\Users\fares\anaconda3\envs\pycaret-env\Lib\site-packages\sklearn\metrics\_classification.py:1561: UserWarning: Note that pos_label (set to 'yes') is ignored when average != 'binary' (got 'weighted'). You may use labels=[pos_label] to specify a single positive class.
  warnings.warn(

2025-06-30 21:29:10,011:WARNING:C:\Users\fares\anaconda3\envs\pycaret-env\Lib\site-packages\sklearn\metrics\_classification.py:1561: UserWarning: Note that pos_label (set to 'yes') is ignored when average != 'binary' (got 'weighted'). You may use labels=[pos_label] to specify a single positive class.
  warnings.warn(

2025-06-30 21:29:10,014:WARNING:C:\Users\fares\anaconda3\envs\pycaret-env\Lib\site-packages\sklearn\metrics\_classification.py:1561: UserWarning: Note that pos_label (set to 'yes') is ignored when average != 'binary' (got 'weighted'). You may use labels=[pos_label] to specify a single positive class.
  warnings.warn(

2025-06-30 21:29:10,028:WARNING:C:\Users\fares\anaconda3\envs\pycaret-env\Lib\site-packages\sklearn\metrics\_classification.py:1561: UserWarning: Note that pos_label (set to 'yes') is ignored when average != 'binary' (got 'weighted'). You may use labels=[pos_label] to specify a single positive class.
  warnings.warn(

2025-06-30 21:29:10,043:WARNING:C:\Users\fares\anaconda3\envs\pycaret-env\Lib\site-packages\sklearn\metrics\_classification.py:1561: UserWarning: Note that pos_label (set to 'yes') is ignored when average != 'binary' (got 'weighted'). You may use labels=[pos_label] to specify a single positive class.
  warnings.warn(

2025-06-30 21:29:10,045:WARNING:C:\Users\fares\anaconda3\envs\pycaret-env\Lib\site-packages\sklearn\metrics\_classification.py:1561: UserWarning: Note that pos_label (set to 'yes') is ignored when average != 'binary' (got 'weighted'). You may use labels=[pos_label] to specify a single positive class.
  warnings.warn(

2025-06-30 21:29:10,045:WARNING:C:\Users\fares\anaconda3\envs\pycaret-env\Lib\site-packages\sklearn\metrics\_classification.py:1561: UserWarning: Note that pos_label (set to 'yes') is ignored when average != 'binary' (got 'weighted'). You may use labels=[pos_label] to specify a single positive class.
  warnings.warn(

2025-06-30 21:29:10,048:WARNING:C:\Users\fares\anaconda3\envs\pycaret-env\Lib\site-packages\sklearn\metrics\_classification.py:1561: UserWarning: Note that pos_label (set to 'yes') is ignored when average != 'binary' (got 'weighted'). You may use labels=[pos_label] to specify a single positive class.
  warnings.warn(

2025-06-30 21:29:10,051:WARNING:C:\Users\fares\anaconda3\envs\pycaret-env\Lib\site-packages\sklearn\metrics\_classification.py:1561: UserWarning: Note that pos_label (set to 'yes') is ignored when average != 'binary' (got 'weighted'). You may use labels=[pos_label] to specify a single positive class.
  warnings.warn(

2025-06-30 21:29:10,068:WARNING:C:\Users\fares\anaconda3\envs\pycaret-env\Lib\site-packages\sklearn\metrics\_classification.py:1561: UserWarning: Note that pos_label (set to 'yes') is ignored when average != 'binary' (got 'weighted'). You may use labels=[pos_label] to specify a single positive class.
  warnings.warn(

2025-06-30 21:29:10,084:WARNING:C:\Users\fares\anaconda3\envs\pycaret-env\Lib\site-packages\sklearn\metrics\_classification.py:1561: UserWarning: Note that pos_label (set to 'yes') is ignored when average != 'binary' (got 'weighted'). You may use labels=[pos_label] to specify a single positive class.
  warnings.warn(

2025-06-30 21:29:10,085:WARNING:C:\Users\fares\anaconda3\envs\pycaret-env\Lib\site-packages\sklearn\metrics\_classification.py:1561: UserWarning: Note that pos_label (set to 'yes') is ignored when average != 'binary' (got 'weighted'). You may use labels=[pos_label] to specify a single positive class.
  warnings.warn(

2025-06-30 21:29:10,087:WARNING:C:\Users\fares\anaconda3\envs\pycaret-env\Lib\site-packages\sklearn\metrics\_classification.py:1561: UserWarning: Note that pos_label (set to 'yes') is ignored when average != 'binary' (got 'weighted'). You may use labels=[pos_label] to specify a single positive class.
  warnings.warn(

2025-06-30 21:29:10,089:WARNING:C:\Users\fares\anaconda3\envs\pycaret-env\Lib\site-packages\sklearn\metrics\_classification.py:1561: UserWarning: Note that pos_label (set to 'yes') is ignored when average != 'binary' (got 'weighted'). You may use labels=[pos_label] to specify a single positive class.
  warnings.warn(

2025-06-30 21:29:10,092:WARNING:C:\Users\fares\anaconda3\envs\pycaret-env\Lib\site-packages\sklearn\metrics\_classification.py:1561: UserWarning: Note that pos_label (set to 'yes') is ignored when average != 'binary' (got 'weighted'). You may use labels=[pos_label] to specify a single positive class.
  warnings.warn(

2025-06-30 21:29:10,110:WARNING:C:\Users\fares\anaconda3\envs\pycaret-env\Lib\site-packages\sklearn\metrics\_classification.py:1561: UserWarning: Note that pos_label (set to 'yes') is ignored when average != 'binary' (got 'weighted'). You may use labels=[pos_label] to specify a single positive class.
  warnings.warn(

2025-06-30 21:29:10,121:WARNING:C:\Users\fares\anaconda3\envs\pycaret-env\Lib\site-packages\sklearn\metrics\_classification.py:1561: UserWarning: Note that pos_label (set to 'yes') is ignored when average != 'binary' (got 'weighted'). You may use labels=[pos_label] to specify a single positive class.
  warnings.warn(

2025-06-30 21:29:10,178:WARNING:C:\Users\fares\anaconda3\envs\pycaret-env\Lib\site-packages\sklearn\metrics\_classification.py:1561: UserWarning: Note that pos_label (set to 'yes') is ignored when average != 'binary' (got 'weighted'). You may use labels=[pos_label] to specify a single positive class.
  warnings.warn(

2025-06-30 21:29:10,200:WARNING:C:\Users\fares\anaconda3\envs\pycaret-env\Lib\site-packages\sklearn\metrics\_classification.py:1561: UserWarning: Note that pos_label (set to 'yes') is ignored when average != 'binary' (got 'weighted'). You may use labels=[pos_label] to specify a single positive class.
  warnings.warn(

2025-06-30 21:29:10,222:WARNING:C:\Users\fares\anaconda3\envs\pycaret-env\Lib\site-packages\sklearn\metrics\_classification.py:1561: UserWarning: Note that pos_label (set to 'yes') is ignored when average != 'binary' (got 'weighted'). You may use labels=[pos_label] to specify a single positive class.
  warnings.warn(

2025-06-30 21:29:10,325:WARNING:C:\Users\fares\anaconda3\envs\pycaret-env\Lib\site-packages\sklearn\metrics\_classification.py:1561: UserWarning: Note that pos_label (set to 'yes') is ignored when average != 'binary' (got 'weighted'). You may use labels=[pos_label] to specify a single positive class.
  warnings.warn(

2025-06-30 21:29:10,328:WARNING:C:\Users\fares\anaconda3\envs\pycaret-env\Lib\site-packages\sklearn\metrics\_classification.py:1561: UserWarning: Note that pos_label (set to 'yes') is ignored when average != 'binary' (got 'weighted'). You may use labels=[pos_label] to specify a single positive class.
  warnings.warn(

2025-06-30 21:29:10,337:WARNING:C:\Users\fares\anaconda3\envs\pycaret-env\Lib\site-packages\sklearn\metrics\_classification.py:1561: UserWarning: Note that pos_label (set to 'yes') is ignored when average != 'binary' (got 'weighted'). You may use labels=[pos_label] to specify a single positive class.
  warnings.warn(

2025-06-30 21:29:10,347:WARNING:C:\Users\fares\anaconda3\envs\pycaret-env\Lib\site-packages\sklearn\metrics\_classification.py:1561: UserWarning: Note that pos_label (set to 'yes') is ignored when average != 'binary' (got 'weighted'). You may use labels=[pos_label] to specify a single positive class.
  warnings.warn(

2025-06-30 21:29:10,350:WARNING:C:\Users\fares\anaconda3\envs\pycaret-env\Lib\site-packages\sklearn\metrics\_classification.py:1561: UserWarning: Note that pos_label (set to 'yes') is ignored when average != 'binary' (got 'weighted'). You may use labels=[pos_label] to specify a single positive class.
  warnings.warn(

2025-06-30 21:29:10,359:WARNING:C:\Users\fares\anaconda3\envs\pycaret-env\Lib\site-packages\sklearn\metrics\_classification.py:1561: UserWarning: Note that pos_label (set to 'yes') is ignored when average != 'binary' (got 'weighted'). You may use labels=[pos_label] to specify a single positive class.
  warnings.warn(

2025-06-30 21:29:10,368:WARNING:C:\Users\fares\anaconda3\envs\pycaret-env\Lib\site-packages\sklearn\metrics\_classification.py:1561: UserWarning: Note that pos_label (set to 'yes') is ignored when average != 'binary' (got 'weighted'). You may use labels=[pos_label] to specify a single positive class.
  warnings.warn(

2025-06-30 21:29:10,373:WARNING:C:\Users\fares\anaconda3\envs\pycaret-env\Lib\site-packages\sklearn\metrics\_classification.py:1561: UserWarning: Note that pos_label (set to 'yes') is ignored when average != 'binary' (got 'weighted'). You may use labels=[pos_label] to specify a single positive class.
  warnings.warn(

2025-06-30 21:29:10,381:WARNING:C:\Users\fares\anaconda3\envs\pycaret-env\Lib\site-packages\sklearn\metrics\_classification.py:1561: UserWarning: Note that pos_label (set to 'yes') is ignored when average != 'binary' (got 'weighted'). You may use labels=[pos_label] to specify a single positive class.
  warnings.warn(

2025-06-30 21:29:10,417:INFO:Calculating mean and std
2025-06-30 21:29:10,418:INFO:Creating metrics dataframe
2025-06-30 21:29:10,420:INFO:Uploading results into container
2025-06-30 21:29:10,422:INFO:Uploading model into container now
2025-06-30 21:29:10,422:INFO:_master_model_container: 13
2025-06-30 21:29:10,422:INFO:_display_container: 2
2025-06-30 21:29:10,422:INFO:LGBMClassifier(boosting_type='gbdt', class_weight=None, colsample_bytree=1.0,
               importance_type='split', learning_rate=0.1, max_depth=-1,
               min_child_samples=20, min_child_weight=0.001, min_split_gain=0.0,
               n_estimators=100, n_jobs=-1, num_leaves=31, objective=None,
               random_state=123, reg_alpha=0.0, reg_lambda=0.0, subsample=1.0,
               subsample_for_bin=200000, subsample_freq=0)
2025-06-30 21:29:10,423:INFO:create_model() successfully completed......................................
2025-06-30 21:29:10,527:INFO:SubProcess create_model() end ==================================
2025-06-30 21:29:10,527:INFO:Creating metrics dataframe
2025-06-30 21:29:10,535:INFO:Initializing Dummy Classifier
2025-06-30 21:29:10,535:INFO:Total runtime is 1.6267698844273886 minutes
2025-06-30 21:29:10,537:INFO:SubProcess create_model() called ==================================
2025-06-30 21:29:10,537:INFO:Initializing create_model()
2025-06-30 21:29:10,537:INFO:create_model(self=<pycaret.classification.oop.ClassificationExperiment object at 0x0000025F39F14910>, estimator=dummy, fold=StratifiedKFold(n_splits=10, random_state=None, shuffle=False), round=4, cross_validation=True, predict=True, fit_kwargs={}, groups=None, refit=False, probability_threshold=None, experiment_custom_tags=None, verbose=False, system=False, add_to_model_list=True, metrics=None, display=<pycaret.internal.display.display.CommonDisplay object at 0x0000025F39F00590>, model_only=True, return_train_score=False, error_score=0.0, kwargs={})
2025-06-30 21:29:10,537:INFO:Checking exceptions
2025-06-30 21:29:10,538:INFO:Importing libraries
2025-06-30 21:29:10,538:INFO:Copying training dataset
2025-06-30 21:29:10,555:INFO:Defining folds
2025-06-30 21:29:10,555:INFO:Declaring metric variables
2025-06-30 21:29:10,558:INFO:Importing untrained model
2025-06-30 21:29:10,561:INFO:Dummy Classifier Imported successfully
2025-06-30 21:29:10,565:INFO:Starting cross validation
2025-06-30 21:29:10,568:INFO:Cross validating with StratifiedKFold(n_splits=10, random_state=None, shuffle=False), n_jobs=-1
2025-06-30 21:29:11,498:WARNING:C:\Users\fares\anaconda3\envs\pycaret-env\Lib\site-packages\sklearn\metrics\_classification.py:1561: UserWarning: Note that pos_label (set to 'yes') is ignored when average != 'binary' (got 'weighted'). You may use labels=[pos_label] to specify a single positive class.
  warnings.warn(

2025-06-30 21:29:11,519:WARNING:C:\Users\fares\anaconda3\envs\pycaret-env\Lib\site-packages\sklearn\metrics\_classification.py:1561: UserWarning: Note that pos_label (set to 'yes') is ignored when average != 'binary' (got 'weighted'). You may use labels=[pos_label] to specify a single positive class.
  warnings.warn(

2025-06-30 21:29:11,521:WARNING:C:\Users\fares\anaconda3\envs\pycaret-env\Lib\site-packages\sklearn\metrics\_classification.py:1561: UserWarning: Note that pos_label (set to 'yes') is ignored when average != 'binary' (got 'weighted'). You may use labels=[pos_label] to specify a single positive class.
  warnings.warn(

2025-06-30 21:29:11,528:WARNING:C:\Users\fares\anaconda3\envs\pycaret-env\Lib\site-packages\sklearn\metrics\_classification.py:1509: UndefinedMetricWarning: Precision is ill-defined and being set to 0.0 in labels with no predicted samples. Use `zero_division` parameter to control this behavior.
  _warn_prf(average, modifier, f"{metric.capitalize()} is", len(result))

2025-06-30 21:29:11,531:WARNING:C:\Users\fares\anaconda3\envs\pycaret-env\Lib\site-packages\sklearn\metrics\_classification.py:1561: UserWarning: Note that pos_label (set to 'yes') is ignored when average != 'binary' (got 'weighted'). You may use labels=[pos_label] to specify a single positive class.
  warnings.warn(

2025-06-30 21:29:11,533:WARNING:C:\Users\fares\anaconda3\envs\pycaret-env\Lib\site-packages\sklearn\metrics\_classification.py:1561: UserWarning: Note that pos_label (set to 'yes') is ignored when average != 'binary' (got 'weighted'). You may use labels=[pos_label] to specify a single positive class.
  warnings.warn(

2025-06-30 21:29:11,535:WARNING:C:\Users\fares\anaconda3\envs\pycaret-env\Lib\site-packages\sklearn\metrics\_classification.py:1561: UserWarning: Note that pos_label (set to 'yes') is ignored when average != 'binary' (got 'weighted'). You may use labels=[pos_label] to specify a single positive class.
  warnings.warn(

2025-06-30 21:29:11,540:WARNING:C:\Users\fares\anaconda3\envs\pycaret-env\Lib\site-packages\sklearn\metrics\_classification.py:1561: UserWarning: Note that pos_label (set to 'yes') is ignored when average != 'binary' (got 'weighted'). You may use labels=[pos_label] to specify a single positive class.
  warnings.warn(

2025-06-30 21:29:11,540:WARNING:C:\Users\fares\anaconda3\envs\pycaret-env\Lib\site-packages\sklearn\metrics\_classification.py:1561: UserWarning: Note that pos_label (set to 'yes') is ignored when average != 'binary' (got 'weighted'). You may use labels=[pos_label] to specify a single positive class.
  warnings.warn(

2025-06-30 21:29:11,540:WARNING:C:\Users\fares\anaconda3\envs\pycaret-env\Lib\site-packages\sklearn\metrics\_classification.py:1561: UserWarning: Note that pos_label (set to 'yes') is ignored when average != 'binary' (got 'weighted'). You may use labels=[pos_label] to specify a single positive class.
  warnings.warn(

2025-06-30 21:29:11,543:WARNING:C:\Users\fares\anaconda3\envs\pycaret-env\Lib\site-packages\sklearn\metrics\_classification.py:1561: UserWarning: Note that pos_label (set to 'yes') is ignored when average != 'binary' (got 'weighted'). You may use labels=[pos_label] to specify a single positive class.
  warnings.warn(

2025-06-30 21:29:11,543:WARNING:C:\Users\fares\anaconda3\envs\pycaret-env\Lib\site-packages\sklearn\metrics\_classification.py:1561: UserWarning: Note that pos_label (set to 'yes') is ignored when average != 'binary' (got 'weighted'). You may use labels=[pos_label] to specify a single positive class.
  warnings.warn(

2025-06-30 21:29:11,547:WARNING:C:\Users\fares\anaconda3\envs\pycaret-env\Lib\site-packages\sklearn\metrics\_classification.py:1561: UserWarning: Note that pos_label (set to 'yes') is ignored when average != 'binary' (got 'weighted'). You may use labels=[pos_label] to specify a single positive class.
  warnings.warn(

2025-06-30 21:29:11,551:WARNING:C:\Users\fares\anaconda3\envs\pycaret-env\Lib\site-packages\sklearn\metrics\_classification.py:1561: UserWarning: Note that pos_label (set to 'yes') is ignored when average != 'binary' (got 'weighted'). You may use labels=[pos_label] to specify a single positive class.
  warnings.warn(

2025-06-30 21:29:11,553:WARNING:C:\Users\fares\anaconda3\envs\pycaret-env\Lib\site-packages\sklearn\metrics\_classification.py:1561: UserWarning: Note that pos_label (set to 'yes') is ignored when average != 'binary' (got 'weighted'). You may use labels=[pos_label] to specify a single positive class.
  warnings.warn(

2025-06-30 21:29:11,555:WARNING:C:\Users\fares\anaconda3\envs\pycaret-env\Lib\site-packages\sklearn\metrics\_classification.py:1509: UndefinedMetricWarning: Precision is ill-defined and being set to 0.0 in labels with no predicted samples. Use `zero_division` parameter to control this behavior.
  _warn_prf(average, modifier, f"{metric.capitalize()} is", len(result))

2025-06-30 21:29:11,557:WARNING:C:\Users\fares\anaconda3\envs\pycaret-env\Lib\site-packages\sklearn\metrics\_classification.py:1561: UserWarning: Note that pos_label (set to 'yes') is ignored when average != 'binary' (got 'weighted'). You may use labels=[pos_label] to specify a single positive class.
  warnings.warn(

2025-06-30 21:29:11,558:WARNING:C:\Users\fares\anaconda3\envs\pycaret-env\Lib\site-packages\sklearn\metrics\_classification.py:1561: UserWarning: Note that pos_label (set to 'yes') is ignored when average != 'binary' (got 'weighted'). You may use labels=[pos_label] to specify a single positive class.
  warnings.warn(

2025-06-30 21:29:11,560:WARNING:C:\Users\fares\anaconda3\envs\pycaret-env\Lib\site-packages\sklearn\metrics\_classification.py:1509: UndefinedMetricWarning: Precision is ill-defined and being set to 0.0 in labels with no predicted samples. Use `zero_division` parameter to control this behavior.
  _warn_prf(average, modifier, f"{metric.capitalize()} is", len(result))

2025-06-30 21:29:11,561:WARNING:C:\Users\fares\anaconda3\envs\pycaret-env\Lib\site-packages\sklearn\metrics\_classification.py:1561: UserWarning: Note that pos_label (set to 'yes') is ignored when average != 'binary' (got 'weighted'). You may use labels=[pos_label] to specify a single positive class.
  warnings.warn(

2025-06-30 21:29:11,562:WARNING:C:\Users\fares\anaconda3\envs\pycaret-env\Lib\site-packages\sklearn\metrics\_classification.py:1561: UserWarning: Note that pos_label (set to 'yes') is ignored when average != 'binary' (got 'weighted'). You may use labels=[pos_label] to specify a single positive class.
  warnings.warn(

2025-06-30 21:29:11,564:WARNING:C:\Users\fares\anaconda3\envs\pycaret-env\Lib\site-packages\sklearn\metrics\_classification.py:1561: UserWarning: Note that pos_label (set to 'yes') is ignored when average != 'binary' (got 'weighted'). You may use labels=[pos_label] to specify a single positive class.
  warnings.warn(

2025-06-30 21:29:11,565:WARNING:C:\Users\fares\anaconda3\envs\pycaret-env\Lib\site-packages\sklearn\metrics\_classification.py:1561: UserWarning: Note that pos_label (set to 'yes') is ignored when average != 'binary' (got 'weighted'). You may use labels=[pos_label] to specify a single positive class.
  warnings.warn(

2025-06-30 21:29:11,565:WARNING:C:\Users\fares\anaconda3\envs\pycaret-env\Lib\site-packages\sklearn\metrics\_classification.py:1509: UndefinedMetricWarning: Precision is ill-defined and being set to 0.0 in labels with no predicted samples. Use `zero_division` parameter to control this behavior.
  _warn_prf(average, modifier, f"{metric.capitalize()} is", len(result))

2025-06-30 21:29:11,567:WARNING:C:\Users\fares\anaconda3\envs\pycaret-env\Lib\site-packages\sklearn\metrics\_classification.py:1561: UserWarning: Note that pos_label (set to 'yes') is ignored when average != 'binary' (got 'weighted'). You may use labels=[pos_label] to specify a single positive class.
  warnings.warn(

2025-06-30 21:29:11,568:WARNING:C:\Users\fares\anaconda3\envs\pycaret-env\Lib\site-packages\sklearn\metrics\_classification.py:1561: UserWarning: Note that pos_label (set to 'yes') is ignored when average != 'binary' (got 'weighted'). You may use labels=[pos_label] to specify a single positive class.
  warnings.warn(

2025-06-30 21:29:11,571:WARNING:C:\Users\fares\anaconda3\envs\pycaret-env\Lib\site-packages\sklearn\metrics\_classification.py:1509: UndefinedMetricWarning: Precision is ill-defined and being set to 0.0 in labels with no predicted samples. Use `zero_division` parameter to control this behavior.
  _warn_prf(average, modifier, f"{metric.capitalize()} is", len(result))

2025-06-30 21:29:11,572:WARNING:C:\Users\fares\anaconda3\envs\pycaret-env\Lib\site-packages\sklearn\metrics\_classification.py:1509: UndefinedMetricWarning: Precision is ill-defined and being set to 0.0 in labels with no predicted samples. Use `zero_division` parameter to control this behavior.
  _warn_prf(average, modifier, f"{metric.capitalize()} is", len(result))

2025-06-30 21:29:11,574:WARNING:C:\Users\fares\anaconda3\envs\pycaret-env\Lib\site-packages\sklearn\metrics\_classification.py:1561: UserWarning: Note that pos_label (set to 'yes') is ignored when average != 'binary' (got 'weighted'). You may use labels=[pos_label] to specify a single positive class.
  warnings.warn(

2025-06-30 21:29:11,574:WARNING:C:\Users\fares\anaconda3\envs\pycaret-env\Lib\site-packages\sklearn\metrics\_classification.py:1509: UndefinedMetricWarning: Precision is ill-defined and being set to 0.0 in labels with no predicted samples. Use `zero_division` parameter to control this behavior.
  _warn_prf(average, modifier, f"{metric.capitalize()} is", len(result))

2025-06-30 21:29:11,578:WARNING:C:\Users\fares\anaconda3\envs\pycaret-env\Lib\site-packages\sklearn\metrics\_classification.py:1509: UndefinedMetricWarning: Precision is ill-defined and being set to 0.0 in labels with no predicted samples. Use `zero_division` parameter to control this behavior.
  _warn_prf(average, modifier, f"{metric.capitalize()} is", len(result))

2025-06-30 21:29:11,579:WARNING:C:\Users\fares\anaconda3\envs\pycaret-env\Lib\site-packages\sklearn\metrics\_classification.py:1561: UserWarning: Note that pos_label (set to 'yes') is ignored when average != 'binary' (got 'weighted'). You may use labels=[pos_label] to specify a single positive class.
  warnings.warn(

2025-06-30 21:29:11,580:WARNING:C:\Users\fares\anaconda3\envs\pycaret-env\Lib\site-packages\sklearn\metrics\_classification.py:1561: UserWarning: Note that pos_label (set to 'yes') is ignored when average != 'binary' (got 'weighted'). You may use labels=[pos_label] to specify a single positive class.
  warnings.warn(

2025-06-30 21:29:11,580:WARNING:C:\Users\fares\anaconda3\envs\pycaret-env\Lib\site-packages\sklearn\metrics\_classification.py:1509: UndefinedMetricWarning: Precision is ill-defined and being set to 0.0 in labels with no predicted samples. Use `zero_division` parameter to control this behavior.
  _warn_prf(average, modifier, f"{metric.capitalize()} is", len(result))

2025-06-30 21:29:11,582:WARNING:C:\Users\fares\anaconda3\envs\pycaret-env\Lib\site-packages\sklearn\metrics\_classification.py:1561: UserWarning: Note that pos_label (set to 'yes') is ignored when average != 'binary' (got 'weighted'). You may use labels=[pos_label] to specify a single positive class.
  warnings.warn(

2025-06-30 21:29:11,582:WARNING:C:\Users\fares\anaconda3\envs\pycaret-env\Lib\site-packages\sklearn\metrics\_classification.py:1561: UserWarning: Note that pos_label (set to 'yes') is ignored when average != 'binary' (got 'weighted'). You may use labels=[pos_label] to specify a single positive class.
  warnings.warn(

2025-06-30 21:29:11,584:WARNING:C:\Users\fares\anaconda3\envs\pycaret-env\Lib\site-packages\sklearn\metrics\_classification.py:1561: UserWarning: Note that pos_label (set to 'yes') is ignored when average != 'binary' (got 'weighted'). You may use labels=[pos_label] to specify a single positive class.
  warnings.warn(

2025-06-30 21:29:11,587:WARNING:C:\Users\fares\anaconda3\envs\pycaret-env\Lib\site-packages\sklearn\metrics\_classification.py:1561: UserWarning: Note that pos_label (set to 'yes') is ignored when average != 'binary' (got 'weighted'). You may use labels=[pos_label] to specify a single positive class.
  warnings.warn(

2025-06-30 21:29:11,592:WARNING:C:\Users\fares\anaconda3\envs\pycaret-env\Lib\site-packages\sklearn\metrics\_classification.py:1509: UndefinedMetricWarning: Precision is ill-defined and being set to 0.0 in labels with no predicted samples. Use `zero_division` parameter to control this behavior.
  _warn_prf(average, modifier, f"{metric.capitalize()} is", len(result))

2025-06-30 21:29:11,602:WARNING:C:\Users\fares\anaconda3\envs\pycaret-env\Lib\site-packages\sklearn\metrics\_classification.py:1561: UserWarning: Note that pos_label (set to 'yes') is ignored when average != 'binary' (got 'weighted'). You may use labels=[pos_label] to specify a single positive class.
  warnings.warn(

2025-06-30 21:29:11,629:INFO:Calculating mean and std
2025-06-30 21:29:11,630:INFO:Creating metrics dataframe
2025-06-30 21:29:11,631:INFO:Uploading results into container
2025-06-30 21:29:11,632:INFO:Uploading model into container now
2025-06-30 21:29:11,632:INFO:_master_model_container: 14
2025-06-30 21:29:11,632:INFO:_display_container: 2
2025-06-30 21:29:11,633:INFO:DummyClassifier(constant=None, random_state=123, strategy='prior')
2025-06-30 21:29:11,633:INFO:create_model() successfully completed......................................
2025-06-30 21:29:11,721:INFO:SubProcess create_model() end ==================================
2025-06-30 21:29:11,721:INFO:Creating metrics dataframe
2025-06-30 21:29:11,744:WARNING:C:\Users\fares\anaconda3\envs\pycaret-env\Lib\site-packages\pycaret\internal\pycaret_experiment\supervised_experiment.py:339: FutureWarning: Styler.applymap has been deprecated. Use Styler.map instead.
  .applymap(highlight_cols, subset=["TT (Sec)"])

2025-06-30 21:29:11,750:INFO:Initializing create_model()
2025-06-30 21:29:11,750:INFO:create_model(self=<pycaret.classification.oop.ClassificationExperiment object at 0x0000025F39F14910>, estimator=GradientBoostingClassifier(ccp_alpha=0.0, criterion='friedman_mse', init=None,
                           learning_rate=0.1, loss='log_loss', max_depth=3,
                           max_features=None, max_leaf_nodes=None,
                           min_impurity_decrease=0.0, min_samples_leaf=1,
                           min_samples_split=2, min_weight_fraction_leaf=0.0,
                           n_estimators=100, n_iter_no_change=None,
                           random_state=123, subsample=1.0, tol=0.0001,
                           validation_fraction=0.1, verbose=0,
                           warm_start=False), fold=StratifiedKFold(n_splits=10, random_state=None, shuffle=False), round=4, cross_validation=False, predict=False, fit_kwargs={}, groups=None, refit=True, probability_threshold=None, experiment_custom_tags=None, verbose=False, system=False, add_to_model_list=True, metrics=None, display=None, model_only=True, return_train_score=False, error_score=0.0, kwargs={})
2025-06-30 21:29:11,750:INFO:Checking exceptions
2025-06-30 21:29:11,752:INFO:Importing libraries
2025-06-30 21:29:11,752:INFO:Copying training dataset
2025-06-30 21:29:11,765:INFO:Defining folds
2025-06-30 21:29:11,765:INFO:Declaring metric variables
2025-06-30 21:29:11,766:INFO:Importing untrained model
2025-06-30 21:29:11,766:INFO:Declaring custom model
2025-06-30 21:29:11,766:INFO:Gradient Boosting Classifier Imported successfully
2025-06-30 21:29:11,769:INFO:Cross validation set to False
2025-06-30 21:29:11,769:INFO:Fitting Model
2025-06-30 21:29:16,295:INFO:GradientBoostingClassifier(ccp_alpha=0.0, criterion='friedman_mse', init=None,
                           learning_rate=0.1, loss='log_loss', max_depth=3,
                           max_features=None, max_leaf_nodes=None,
                           min_impurity_decrease=0.0, min_samples_leaf=1,
                           min_samples_split=2, min_weight_fraction_leaf=0.0,
                           n_estimators=100, n_iter_no_change=None,
                           random_state=123, subsample=1.0, tol=0.0001,
                           validation_fraction=0.1, verbose=0,
                           warm_start=False)
2025-06-30 21:29:16,295:INFO:create_model() successfully completed......................................
2025-06-30 21:29:16,401:INFO:_master_model_container: 14
2025-06-30 21:29:16,401:INFO:_display_container: 2
2025-06-30 21:29:16,402:INFO:GradientBoostingClassifier(ccp_alpha=0.0, criterion='friedman_mse', init=None,
                           learning_rate=0.1, loss='log_loss', max_depth=3,
                           max_features=None, max_leaf_nodes=None,
                           min_impurity_decrease=0.0, min_samples_leaf=1,
                           min_samples_split=2, min_weight_fraction_leaf=0.0,
                           n_estimators=100, n_iter_no_change=None,
                           random_state=123, subsample=1.0, tol=0.0001,
                           validation_fraction=0.1, verbose=0,
                           warm_start=False)
2025-06-30 21:29:16,402:INFO:compare_models() successfully completed......................................
2025-07-01 11:37:50,585:WARNING:
'cuml' is a soft dependency and not included in the pycaret installation. Please run: `pip install cuml` to install.
2025-07-01 11:37:50,587:WARNING:
'cuml' is a soft dependency and not included in the pycaret installation. Please run: `pip install cuml` to install.
2025-07-01 11:37:50,587:WARNING:
'cuml' is a soft dependency and not included in the pycaret installation. Please run: `pip install cuml` to install.
2025-07-01 11:37:50,587:WARNING:
'cuml' is a soft dependency and not included in the pycaret installation. Please run: `pip install cuml` to install.
2025-07-01 11:40:20,508:INFO:PyCaret ClassificationExperiment
2025-07-01 11:40:20,508:INFO:Logging name: clf-default-name
2025-07-01 11:40:20,508:INFO:ML Usecase: MLUsecase.CLASSIFICATION
2025-07-01 11:40:20,508:INFO:version 3.3.2
2025-07-01 11:40:20,508:INFO:Initializing setup()
2025-07-01 11:40:20,508:INFO:self.USI: 9bf9
2025-07-01 11:40:20,508:INFO:self._variable_keys: {'exp_id', 'USI', 'fold_groups_param', 'idx', 'fold_shuffle_param', 'X_train', 'gpu_n_jobs_param', 'target_param', 'logging_param', 'log_plots_param', 'seed', 'y_train', 'X_test', 'gpu_param', 'y', 'X', 'memory', 'html_param', 'exp_name_log', 'fix_imbalance', '_ml_usecase', 'n_jobs_param', 'is_multiclass', '_available_plots', 'pipeline', 'fold_generator', 'data', 'y_test'}
2025-07-01 11:40:20,508:INFO:Checking environment
2025-07-01 11:40:20,508:INFO:python_version: 3.11.13
2025-07-01 11:40:20,508:INFO:python_build: ('main', 'Jun  5 2025 13:03:15')
2025-07-01 11:40:20,508:INFO:machine: AMD64
2025-07-01 11:40:20,508:INFO:platform: Windows-10-10.0.26120-SP0
2025-07-01 11:40:20,522:INFO:Memory: svmem(total=16415322112, available=3618922496, percent=78.0, used=12796399616, free=3618922496)
2025-07-01 11:40:20,523:INFO:Physical Core: 8
2025-07-01 11:40:20,523:INFO:Logical Core: 16
2025-07-01 11:40:20,523:INFO:Checking libraries
2025-07-01 11:40:20,523:INFO:System:
2025-07-01 11:40:20,523:INFO:    python: 3.11.13 | packaged by Anaconda, Inc. | (main, Jun  5 2025, 13:03:15) [MSC v.1929 64 bit (AMD64)]
2025-07-01 11:40:20,523:INFO:executable: C:\Users\fares\anaconda3\envs\pycaret-env\python.exe
2025-07-01 11:40:20,523:INFO:   machine: Windows-10-10.0.26120-SP0
2025-07-01 11:40:20,523:INFO:PyCaret required dependencies:
2025-07-01 11:40:20,580:INFO:                 pip: 25.1
2025-07-01 11:40:20,580:INFO:          setuptools: 72.1.0
2025-07-01 11:40:20,580:INFO:             pycaret: 3.3.2
2025-07-01 11:40:20,580:INFO:             IPython: 9.3.0
2025-07-01 11:40:20,580:INFO:          ipywidgets: 8.1.7
2025-07-01 11:40:20,580:INFO:                tqdm: 4.67.1
2025-07-01 11:40:20,580:INFO:               numpy: 1.26.4
2025-07-01 11:40:20,580:INFO:              pandas: 2.1.4
2025-07-01 11:40:20,580:INFO:              jinja2: 3.1.6
2025-07-01 11:40:20,580:INFO:               scipy: 1.10.1
2025-07-01 11:40:20,581:INFO:              joblib: 1.3.2
2025-07-01 11:40:20,581:INFO:             sklearn: 1.4.2
2025-07-01 11:40:20,581:INFO:                pyod: 2.0.5
2025-07-01 11:40:20,581:INFO:            imblearn: 0.13.0
2025-07-01 11:40:20,581:INFO:   category_encoders: 2.7.0
2025-07-01 11:40:20,581:INFO:            lightgbm: 4.6.0
2025-07-01 11:40:20,581:INFO:               numba: 0.61.2
2025-07-01 11:40:20,581:INFO:            requests: 2.32.4
2025-07-01 11:40:20,581:INFO:          matplotlib: 3.7.5
2025-07-01 11:40:20,581:INFO:          scikitplot: 0.3.7
2025-07-01 11:40:20,581:INFO:         yellowbrick: 1.5
2025-07-01 11:40:20,581:INFO:              plotly: 5.24.1
2025-07-01 11:40:20,581:INFO:    plotly-resampler: Not installed
2025-07-01 11:40:20,581:INFO:             kaleido: 1.0.0
2025-07-01 11:40:20,581:INFO:           schemdraw: 0.15
2025-07-01 11:40:20,581:INFO:         statsmodels: 0.14.4
2025-07-01 11:40:20,581:INFO:              sktime: 0.26.0
2025-07-01 11:40:20,581:INFO:               tbats: 1.1.3
2025-07-01 11:40:20,581:INFO:            pmdarima: 2.0.4
2025-07-01 11:40:20,581:INFO:              psutil: 7.0.0
2025-07-01 11:40:20,581:INFO:          markupsafe: 3.0.2
2025-07-01 11:40:20,581:INFO:             pickle5: Not installed
2025-07-01 11:40:20,581:INFO:         cloudpickle: 3.1.1
2025-07-01 11:40:20,582:INFO:         deprecation: 2.1.0
2025-07-01 11:40:20,582:INFO:              xxhash: 3.5.0
2025-07-01 11:40:20,582:INFO:           wurlitzer: Not installed
2025-07-01 11:40:20,582:INFO:PyCaret optional dependencies:
2025-07-01 11:40:20,612:INFO:                shap: Not installed
2025-07-01 11:40:20,612:INFO:           interpret: Not installed
2025-07-01 11:40:20,612:INFO:                umap: Not installed
2025-07-01 11:40:20,612:INFO:     ydata_profiling: Not installed
2025-07-01 11:40:20,612:INFO:  explainerdashboard: Not installed
2025-07-01 11:40:20,612:INFO:             autoviz: Not installed
2025-07-01 11:40:20,612:INFO:           fairlearn: Not installed
2025-07-01 11:40:20,612:INFO:          deepchecks: Not installed
2025-07-01 11:40:20,612:INFO:             xgboost: Not installed
2025-07-01 11:40:20,612:INFO:            catboost: Not installed
2025-07-01 11:40:20,612:INFO:              kmodes: Not installed
2025-07-01 11:40:20,612:INFO:             mlxtend: Not installed
2025-07-01 11:40:20,612:INFO:       statsforecast: Not installed
2025-07-01 11:40:20,612:INFO:        tune_sklearn: Not installed
2025-07-01 11:40:20,612:INFO:                 ray: Not installed
2025-07-01 11:40:20,612:INFO:            hyperopt: Not installed
2025-07-01 11:40:20,612:INFO:              optuna: Not installed
2025-07-01 11:40:20,612:INFO:               skopt: Not installed
2025-07-01 11:40:20,612:INFO:              mlflow: Not installed
2025-07-01 11:40:20,613:INFO:              gradio: Not installed
2025-07-01 11:40:20,613:INFO:             fastapi: Not installed
2025-07-01 11:40:20,613:INFO:             uvicorn: Not installed
2025-07-01 11:40:20,613:INFO:              m2cgen: Not installed
2025-07-01 11:40:20,613:INFO:           evidently: Not installed
2025-07-01 11:40:20,613:INFO:               fugue: Not installed
2025-07-01 11:40:20,613:INFO:           streamlit: Not installed
2025-07-01 11:40:20,613:INFO:             prophet: Not installed
2025-07-01 11:40:20,613:INFO:None
2025-07-01 11:40:20,613:INFO:Set up data.
2025-07-01 11:40:20,682:INFO:Set up folding strategy.
2025-07-01 11:40:20,682:INFO:Set up train/test split.
2025-07-01 11:40:20,752:INFO:Set up index.
2025-07-01 11:40:20,755:INFO:Assigning column types.
2025-07-01 11:40:20,768:INFO:Engine successfully changes for model 'lr' to 'sklearn'.
2025-07-01 11:40:20,822:INFO:Engine for model 'knn' has not been set explicitly, hence returning None.
2025-07-01 11:40:20,834:INFO:Engine for model 'rbfsvm' has not been set explicitly, hence returning None.
2025-07-01 11:40:20,911:WARNING:
'xgboost' is a soft dependency and not included in the pycaret installation. Please run: `pip install xgboost` to install.
Alternately, you can install this by running `pip install pycaret[models]`
2025-07-01 11:40:20,912:WARNING:
'catboost' is a soft dependency and not included in the pycaret installation. Please run: `pip install catboost` to install.
Alternately, you can install this by running `pip install pycaret[models]`
2025-07-01 11:40:20,960:INFO:Engine for model 'knn' has not been set explicitly, hence returning None.
2025-07-01 11:40:20,961:INFO:Engine for model 'rbfsvm' has not been set explicitly, hence returning None.
2025-07-01 11:40:20,991:WARNING:
'xgboost' is a soft dependency and not included in the pycaret installation. Please run: `pip install xgboost` to install.
Alternately, you can install this by running `pip install pycaret[models]`
2025-07-01 11:40:20,991:WARNING:
'catboost' is a soft dependency and not included in the pycaret installation. Please run: `pip install catboost` to install.
Alternately, you can install this by running `pip install pycaret[models]`
2025-07-01 11:40:20,992:INFO:Engine successfully changes for model 'knn' to 'sklearn'.
2025-07-01 11:40:21,040:INFO:Engine for model 'rbfsvm' has not been set explicitly, hence returning None.
2025-07-01 11:40:21,071:WARNING:
'xgboost' is a soft dependency and not included in the pycaret installation. Please run: `pip install xgboost` to install.
Alternately, you can install this by running `pip install pycaret[models]`
2025-07-01 11:40:21,071:WARNING:
'catboost' is a soft dependency and not included in the pycaret installation. Please run: `pip install catboost` to install.
Alternately, you can install this by running `pip install pycaret[models]`
2025-07-01 11:40:21,119:INFO:Engine for model 'rbfsvm' has not been set explicitly, hence returning None.
2025-07-01 11:40:21,151:WARNING:
'xgboost' is a soft dependency and not included in the pycaret installation. Please run: `pip install xgboost` to install.
Alternately, you can install this by running `pip install pycaret[models]`
2025-07-01 11:40:21,152:WARNING:
'catboost' is a soft dependency and not included in the pycaret installation. Please run: `pip install catboost` to install.
Alternately, you can install this by running `pip install pycaret[models]`
2025-07-01 11:40:21,152:INFO:Engine successfully changes for model 'rbfsvm' to 'sklearn'.
2025-07-01 11:40:21,236:WARNING:
'xgboost' is a soft dependency and not included in the pycaret installation. Please run: `pip install xgboost` to install.
Alternately, you can install this by running `pip install pycaret[models]`
2025-07-01 11:40:21,237:WARNING:
'catboost' is a soft dependency and not included in the pycaret installation. Please run: `pip install catboost` to install.
Alternately, you can install this by running `pip install pycaret[models]`
2025-07-01 11:40:21,319:WARNING:
'xgboost' is a soft dependency and not included in the pycaret installation. Please run: `pip install xgboost` to install.
Alternately, you can install this by running `pip install pycaret[models]`
2025-07-01 11:40:21,320:WARNING:
'catboost' is a soft dependency and not included in the pycaret installation. Please run: `pip install catboost` to install.
Alternately, you can install this by running `pip install pycaret[models]`
2025-07-01 11:40:21,329:INFO:Preparing preprocessing pipeline...
2025-07-01 11:40:21,334:INFO:Set up label encoding.
2025-07-01 11:40:21,334:INFO:Set up simple imputation.
2025-07-01 11:40:21,345:INFO:Set up encoding of ordinal features.
2025-07-01 11:40:21,352:INFO:Set up encoding of categorical features.
2025-07-01 11:40:21,355:INFO:Set up column name cleaning.
2025-07-01 11:40:22,344:INFO:Finished creating preprocessing pipeline.
2025-07-01 11:40:22,361:INFO:Pipeline: Pipeline(memory=FastMemory(location=C:\Users\fares\AppData\Local\Temp\joblib),
         steps=[('label_encoding',
                 TransformerWrapperWithInverse(exclude=None, include=None,
                                               transformer=LabelEncoder())),
                ('numerical_imputer',
                 TransformerWrapper(exclude=None,
                                    include=['age', 'duration', 'campaign',
                                             'pdays', 'previous',
                                             'emp.var.rate', 'cons.price.idx',
                                             'cons.conf.idx', 'euri...
                                    transformer=OneHotEncoder(cols=['job',
                                                                    'marital',
                                                                    'education',
                                                                    'default',
                                                                    'housing',
                                                                    'loan',
                                                                    'month',
                                                                    'day_of_week',
                                                                    'poutcome'],
                                                              drop_invariant=False,
                                                              handle_missing='return_nan',
                                                              handle_unknown='value',
                                                              return_df=True,
                                                              use_cat_names=True,
                                                              verbose=0))),
                ('clean_column_names',
                 TransformerWrapper(exclude=None, include=None,
                                    transformer=CleanColumnNames(match='[\\]\\[\\,\\{\\}\\"\\:]+')))],
         verbose=False)
2025-07-01 11:40:22,361:INFO:Creating final display dataframe.
2025-07-01 11:40:23,065:INFO:Setup _display_container:                     Description             Value
0                    Session id              2517
1                        Target                 y
2                   Target type            Binary
3                Target mapping     no: 0, yes: 1
4           Original data shape       (41188, 21)
5        Transformed data shape       (41188, 63)
6   Transformed train set shape       (28831, 63)
7    Transformed test set shape       (12357, 63)
8              Numeric features                10
9          Categorical features                10
10                   Preprocess              True
11              Imputation type            simple
12           Numeric imputation              mean
13       Categorical imputation              mode
14     Maximum one-hot encoding                25
15              Encoding method              None
16               Fold Generator   StratifiedKFold
17                  Fold Number                10
18                     CPU Jobs                -1
19                      Use GPU             False
20               Log Experiment             False
21              Experiment Name  clf-default-name
22                          USI              9bf9
2025-07-01 11:40:23,162:WARNING:
'xgboost' is a soft dependency and not included in the pycaret installation. Please run: `pip install xgboost` to install.
Alternately, you can install this by running `pip install pycaret[models]`
2025-07-01 11:40:23,163:WARNING:
'catboost' is a soft dependency and not included in the pycaret installation. Please run: `pip install catboost` to install.
Alternately, you can install this by running `pip install pycaret[models]`
2025-07-01 11:40:23,243:WARNING:
'xgboost' is a soft dependency and not included in the pycaret installation. Please run: `pip install xgboost` to install.
Alternately, you can install this by running `pip install pycaret[models]`
2025-07-01 11:40:23,244:WARNING:
'catboost' is a soft dependency and not included in the pycaret installation. Please run: `pip install catboost` to install.
Alternately, you can install this by running `pip install pycaret[models]`
2025-07-01 11:40:23,246:INFO:setup() successfully completed in 2.76s...............
2025-07-01 11:40:40,959:INFO:PyCaret ClassificationExperiment
2025-07-01 11:40:40,959:INFO:Logging name: clf-default-name
2025-07-01 11:40:40,959:INFO:ML Usecase: MLUsecase.CLASSIFICATION
2025-07-01 11:40:40,959:INFO:version 3.3.2
2025-07-01 11:40:40,959:INFO:Initializing setup()
2025-07-01 11:40:40,959:INFO:self.USI: af3f
2025-07-01 11:40:40,959:INFO:self._variable_keys: {'exp_id', 'USI', 'fold_groups_param', 'idx', 'fold_shuffle_param', 'X_train', 'gpu_n_jobs_param', 'target_param', 'logging_param', 'log_plots_param', 'seed', 'y_train', 'X_test', 'gpu_param', 'y', 'X', 'memory', 'html_param', 'exp_name_log', 'fix_imbalance', '_ml_usecase', 'n_jobs_param', 'is_multiclass', '_available_plots', 'pipeline', 'fold_generator', 'data', 'y_test'}
2025-07-01 11:40:40,960:INFO:Checking environment
2025-07-01 11:40:40,960:INFO:python_version: 3.11.13
2025-07-01 11:40:40,960:INFO:python_build: ('main', 'Jun  5 2025 13:03:15')
2025-07-01 11:40:40,960:INFO:machine: AMD64
2025-07-01 11:40:40,960:INFO:platform: Windows-10-10.0.26120-SP0
2025-07-01 11:40:40,972:INFO:Memory: svmem(total=16415322112, available=3637936128, percent=77.8, used=12777385984, free=3637936128)
2025-07-01 11:40:40,973:INFO:Physical Core: 8
2025-07-01 11:40:40,973:INFO:Logical Core: 16
2025-07-01 11:40:40,973:INFO:Checking libraries
2025-07-01 11:40:40,973:INFO:System:
2025-07-01 11:40:40,973:INFO:    python: 3.11.13 | packaged by Anaconda, Inc. | (main, Jun  5 2025, 13:03:15) [MSC v.1929 64 bit (AMD64)]
2025-07-01 11:40:40,973:INFO:executable: C:\Users\fares\anaconda3\envs\pycaret-env\python.exe
2025-07-01 11:40:40,973:INFO:   machine: Windows-10-10.0.26120-SP0
2025-07-01 11:40:40,973:INFO:PyCaret required dependencies:
2025-07-01 11:40:40,973:INFO:                 pip: 25.1
2025-07-01 11:40:40,974:INFO:          setuptools: 72.1.0
2025-07-01 11:40:40,974:INFO:             pycaret: 3.3.2
2025-07-01 11:40:40,974:INFO:             IPython: 9.3.0
2025-07-01 11:40:40,974:INFO:          ipywidgets: 8.1.7
2025-07-01 11:40:40,974:INFO:                tqdm: 4.67.1
2025-07-01 11:40:40,974:INFO:               numpy: 1.26.4
2025-07-01 11:40:40,974:INFO:              pandas: 2.1.4
2025-07-01 11:40:40,974:INFO:              jinja2: 3.1.6
2025-07-01 11:40:40,974:INFO:               scipy: 1.10.1
2025-07-01 11:40:40,974:INFO:              joblib: 1.3.2
2025-07-01 11:40:40,974:INFO:             sklearn: 1.4.2
2025-07-01 11:40:40,974:INFO:                pyod: 2.0.5
2025-07-01 11:40:40,974:INFO:            imblearn: 0.13.0
2025-07-01 11:40:40,974:INFO:   category_encoders: 2.7.0
2025-07-01 11:40:40,974:INFO:            lightgbm: 4.6.0
2025-07-01 11:40:40,974:INFO:               numba: 0.61.2
2025-07-01 11:40:40,974:INFO:            requests: 2.32.4
2025-07-01 11:40:40,974:INFO:          matplotlib: 3.7.5
2025-07-01 11:40:40,974:INFO:          scikitplot: 0.3.7
2025-07-01 11:40:40,974:INFO:         yellowbrick: 1.5
2025-07-01 11:40:40,974:INFO:              plotly: 5.24.1
2025-07-01 11:40:40,974:INFO:    plotly-resampler: Not installed
2025-07-01 11:40:40,974:INFO:             kaleido: 1.0.0
2025-07-01 11:40:40,974:INFO:           schemdraw: 0.15
2025-07-01 11:40:40,975:INFO:         statsmodels: 0.14.4
2025-07-01 11:40:40,975:INFO:              sktime: 0.26.0
2025-07-01 11:40:40,975:INFO:               tbats: 1.1.3
2025-07-01 11:40:40,975:INFO:            pmdarima: 2.0.4
2025-07-01 11:40:40,975:INFO:              psutil: 7.0.0
2025-07-01 11:40:40,975:INFO:          markupsafe: 3.0.2
2025-07-01 11:40:40,975:INFO:             pickle5: Not installed
2025-07-01 11:40:40,975:INFO:         cloudpickle: 3.1.1
2025-07-01 11:40:40,975:INFO:         deprecation: 2.1.0
2025-07-01 11:40:40,975:INFO:              xxhash: 3.5.0
2025-07-01 11:40:40,975:INFO:           wurlitzer: Not installed
2025-07-01 11:40:40,975:INFO:PyCaret optional dependencies:
2025-07-01 11:40:40,975:INFO:                shap: Not installed
2025-07-01 11:40:40,975:INFO:           interpret: Not installed
2025-07-01 11:40:40,975:INFO:                umap: Not installed
2025-07-01 11:40:40,975:INFO:     ydata_profiling: Not installed
2025-07-01 11:40:40,976:INFO:  explainerdashboard: Not installed
2025-07-01 11:40:40,976:INFO:             autoviz: Not installed
2025-07-01 11:40:40,976:INFO:           fairlearn: Not installed
2025-07-01 11:40:40,976:INFO:          deepchecks: Not installed
2025-07-01 11:40:40,976:INFO:             xgboost: Not installed
2025-07-01 11:40:40,976:INFO:            catboost: Not installed
2025-07-01 11:40:40,976:INFO:              kmodes: Not installed
2025-07-01 11:40:40,976:INFO:             mlxtend: Not installed
2025-07-01 11:40:40,976:INFO:       statsforecast: Not installed
2025-07-01 11:40:40,976:INFO:        tune_sklearn: Not installed
2025-07-01 11:40:40,976:INFO:                 ray: Not installed
2025-07-01 11:40:40,976:INFO:            hyperopt: Not installed
2025-07-01 11:40:40,976:INFO:              optuna: Not installed
2025-07-01 11:40:40,976:INFO:               skopt: Not installed
2025-07-01 11:40:40,976:INFO:              mlflow: Not installed
2025-07-01 11:40:40,976:INFO:              gradio: Not installed
2025-07-01 11:40:40,976:INFO:             fastapi: Not installed
2025-07-01 11:40:40,977:INFO:             uvicorn: Not installed
2025-07-01 11:40:40,977:INFO:              m2cgen: Not installed
2025-07-01 11:40:40,977:INFO:           evidently: Not installed
2025-07-01 11:40:40,977:INFO:               fugue: Not installed
2025-07-01 11:40:40,977:INFO:           streamlit: Not installed
2025-07-01 11:40:40,977:INFO:             prophet: Not installed
2025-07-01 11:40:40,977:INFO:None
2025-07-01 11:40:40,977:INFO:Set up data.
2025-07-01 11:40:41,050:INFO:Set up folding strategy.
2025-07-01 11:40:41,050:INFO:Set up train/test split.
2025-07-01 11:40:41,103:INFO:Set up index.
2025-07-01 11:40:41,104:INFO:Assigning column types.
2025-07-01 11:40:41,119:INFO:Engine successfully changes for model 'lr' to 'sklearn'.
2025-07-01 11:40:41,175:INFO:Engine for model 'knn' has not been set explicitly, hence returning None.
2025-07-01 11:40:41,176:INFO:Engine for model 'rbfsvm' has not been set explicitly, hence returning None.
2025-07-01 11:40:41,211:WARNING:
'xgboost' is a soft dependency and not included in the pycaret installation. Please run: `pip install xgboost` to install.
Alternately, you can install this by running `pip install pycaret[models]`
2025-07-01 11:40:41,212:WARNING:
'catboost' is a soft dependency and not included in the pycaret installation. Please run: `pip install catboost` to install.
Alternately, you can install this by running `pip install pycaret[models]`
2025-07-01 11:40:41,265:INFO:Engine for model 'knn' has not been set explicitly, hence returning None.
2025-07-01 11:40:41,266:INFO:Engine for model 'rbfsvm' has not been set explicitly, hence returning None.
2025-07-01 11:40:41,298:WARNING:
'xgboost' is a soft dependency and not included in the pycaret installation. Please run: `pip install xgboost` to install.
Alternately, you can install this by running `pip install pycaret[models]`
2025-07-01 11:40:41,298:WARNING:
'catboost' is a soft dependency and not included in the pycaret installation. Please run: `pip install catboost` to install.
Alternately, you can install this by running `pip install pycaret[models]`
2025-07-01 11:40:41,298:INFO:Engine successfully changes for model 'knn' to 'sklearn'.
2025-07-01 11:40:41,347:INFO:Engine for model 'rbfsvm' has not been set explicitly, hence returning None.
2025-07-01 11:40:41,379:WARNING:
'xgboost' is a soft dependency and not included in the pycaret installation. Please run: `pip install xgboost` to install.
Alternately, you can install this by running `pip install pycaret[models]`
2025-07-01 11:40:41,379:WARNING:
'catboost' is a soft dependency and not included in the pycaret installation. Please run: `pip install catboost` to install.
Alternately, you can install this by running `pip install pycaret[models]`
2025-07-01 11:40:41,431:INFO:Engine for model 'rbfsvm' has not been set explicitly, hence returning None.
2025-07-01 11:40:41,462:WARNING:
'xgboost' is a soft dependency and not included in the pycaret installation. Please run: `pip install xgboost` to install.
Alternately, you can install this by running `pip install pycaret[models]`
2025-07-01 11:40:41,462:WARNING:
'catboost' is a soft dependency and not included in the pycaret installation. Please run: `pip install catboost` to install.
Alternately, you can install this by running `pip install pycaret[models]`
2025-07-01 11:40:41,462:INFO:Engine successfully changes for model 'rbfsvm' to 'sklearn'.
2025-07-01 11:40:41,543:WARNING:
'xgboost' is a soft dependency and not included in the pycaret installation. Please run: `pip install xgboost` to install.
Alternately, you can install this by running `pip install pycaret[models]`
2025-07-01 11:40:41,544:WARNING:
'catboost' is a soft dependency and not included in the pycaret installation. Please run: `pip install catboost` to install.
Alternately, you can install this by running `pip install pycaret[models]`
2025-07-01 11:40:41,628:WARNING:
'xgboost' is a soft dependency and not included in the pycaret installation. Please run: `pip install xgboost` to install.
Alternately, you can install this by running `pip install pycaret[models]`
2025-07-01 11:40:41,630:WARNING:
'catboost' is a soft dependency and not included in the pycaret installation. Please run: `pip install catboost` to install.
Alternately, you can install this by running `pip install pycaret[models]`
2025-07-01 11:40:41,631:INFO:Preparing preprocessing pipeline...
2025-07-01 11:40:41,634:INFO:Set up label encoding.
2025-07-01 11:40:41,635:INFO:Set up simple imputation.
2025-07-01 11:40:41,646:INFO:Set up encoding of ordinal features.
2025-07-01 11:40:41,651:INFO:Set up encoding of categorical features.
2025-07-01 11:40:41,653:INFO:Set up column name cleaning.
2025-07-01 11:40:42,278:INFO:Finished creating preprocessing pipeline.
2025-07-01 11:40:42,294:INFO:Pipeline: Pipeline(memory=FastMemory(location=C:\Users\fares\AppData\Local\Temp\joblib),
         steps=[('label_encoding',
                 TransformerWrapperWithInverse(exclude=None, include=None,
                                               transformer=LabelEncoder())),
                ('numerical_imputer',
                 TransformerWrapper(exclude=None,
                                    include=['age', 'duration', 'campaign',
                                             'pdays', 'previous',
                                             'emp.var.rate', 'cons.price.idx',
                                             'cons.conf.idx', 'euri...
                                    transformer=OneHotEncoder(cols=['job',
                                                                    'marital',
                                                                    'education',
                                                                    'default',
                                                                    'housing',
                                                                    'loan',
                                                                    'month',
                                                                    'day_of_week',
                                                                    'poutcome'],
                                                              drop_invariant=False,
                                                              handle_missing='return_nan',
                                                              handle_unknown='value',
                                                              return_df=True,
                                                              use_cat_names=True,
                                                              verbose=0))),
                ('clean_column_names',
                 TransformerWrapper(exclude=None, include=None,
                                    transformer=CleanColumnNames(match='[\\]\\[\\,\\{\\}\\"\\:]+')))],
         verbose=False)
2025-07-01 11:40:42,294:INFO:Creating final display dataframe.
2025-07-01 11:40:43,015:INFO:Setup _display_container:                     Description             Value
0                    Session id               123
1                        Target                 y
2                   Target type            Binary
3                Target mapping     no: 0, yes: 1
4           Original data shape       (41183, 21)
5        Transformed data shape       (41183, 63)
6   Transformed train set shape       (28828, 63)
7    Transformed test set shape       (12355, 63)
8              Numeric features                10
9          Categorical features                10
10                   Preprocess              True
11              Imputation type            simple
12           Numeric imputation              mean
13       Categorical imputation              mode
14     Maximum one-hot encoding                25
15              Encoding method              None
16               Fold Generator   StratifiedKFold
17                  Fold Number                10
18                     CPU Jobs                -1
19                      Use GPU             False
20               Log Experiment             False
21              Experiment Name  clf-default-name
22                          USI              af3f
2025-07-01 11:40:43,104:WARNING:
'xgboost' is a soft dependency and not included in the pycaret installation. Please run: `pip install xgboost` to install.
Alternately, you can install this by running `pip install pycaret[models]`
2025-07-01 11:40:43,105:WARNING:
'catboost' is a soft dependency and not included in the pycaret installation. Please run: `pip install catboost` to install.
Alternately, you can install this by running `pip install pycaret[models]`
2025-07-01 11:40:43,179:WARNING:
'xgboost' is a soft dependency and not included in the pycaret installation. Please run: `pip install xgboost` to install.
Alternately, you can install this by running `pip install pycaret[models]`
2025-07-01 11:40:43,180:WARNING:
'catboost' is a soft dependency and not included in the pycaret installation. Please run: `pip install catboost` to install.
Alternately, you can install this by running `pip install pycaret[models]`
2025-07-01 11:40:43,181:INFO:setup() successfully completed in 2.23s...............
2025-07-01 11:40:45,779:INFO:Initializing compare_models()
2025-07-01 11:40:45,779:INFO:compare_models(self=<pycaret.classification.oop.ClassificationExperiment object at 0x00000265F6767D10>, include=None, exclude=None, fold=None, round=4, cross_validation=True, sort=Accuracy, n_select=1, budget_time=None, turbo=True, errors=ignore, fit_kwargs=None, groups=None, experiment_custom_tags=None, probability_threshold=None, verbose=True, parallel=None, caller_params={'self': <pycaret.classification.oop.ClassificationExperiment object at 0x00000265F6767D10>, 'include': None, 'exclude': None, 'fold': None, 'round': 4, 'cross_validation': True, 'sort': 'Accuracy', 'n_select': 1, 'budget_time': None, 'turbo': True, 'errors': 'ignore', 'fit_kwargs': None, 'groups': None, 'experiment_custom_tags': None, 'probability_threshold': None, 'engine': None, 'verbose': True, 'parallel': None, '__class__': <class 'pycaret.classification.oop.ClassificationExperiment'>})
2025-07-01 11:40:45,779:INFO:Checking exceptions
2025-07-01 11:40:45,794:INFO:Preparing display monitor
2025-07-01 11:40:45,836:INFO:Initializing Logistic Regression
2025-07-01 11:40:45,836:INFO:Total runtime is 0.0 minutes
2025-07-01 11:40:45,844:INFO:SubProcess create_model() called ==================================
2025-07-01 11:40:45,844:INFO:Initializing create_model()
2025-07-01 11:40:45,845:INFO:create_model(self=<pycaret.classification.oop.ClassificationExperiment object at 0x00000265F6767D10>, estimator=lr, fold=StratifiedKFold(n_splits=10, random_state=None, shuffle=False), round=4, cross_validation=True, predict=True, fit_kwargs={}, groups=None, refit=False, probability_threshold=None, experiment_custom_tags=None, verbose=False, system=False, add_to_model_list=True, metrics=None, display=<pycaret.internal.display.display.CommonDisplay object at 0x00000265F6A72510>, model_only=True, return_train_score=False, error_score=0.0, kwargs={})
2025-07-01 11:40:45,845:INFO:Checking exceptions
2025-07-01 11:40:45,846:INFO:Importing libraries
2025-07-01 11:40:45,846:INFO:Copying training dataset
2025-07-01 11:40:45,877:INFO:Defining folds
2025-07-01 11:40:45,877:INFO:Declaring metric variables
2025-07-01 11:40:45,883:INFO:Importing untrained model
2025-07-01 11:40:45,887:INFO:Logistic Regression Imported successfully
2025-07-01 11:40:45,897:INFO:Starting cross validation
2025-07-01 11:40:45,902:INFO:Cross validating with StratifiedKFold(n_splits=10, random_state=None, shuffle=False), n_jobs=-1
2025-07-01 11:40:59,196:WARNING:C:\Users\fares\anaconda3\envs\pycaret-env\Lib\site-packages\sklearn\linear_model\_logistic.py:469: ConvergenceWarning: lbfgs failed to converge (status=1):
STOP: TOTAL NO. of ITERATIONS REACHED LIMIT.

Increase the number of iterations (max_iter) or scale the data as shown in:
    https://scikit-learn.org/stable/modules/preprocessing.html
Please also refer to the documentation for alternative solver options:
    https://scikit-learn.org/stable/modules/linear_model.html#logistic-regression
  n_iter_i = _check_optimize_result(

2025-07-01 11:40:59,218:WARNING:C:\Users\fares\anaconda3\envs\pycaret-env\Lib\site-packages\sklearn\linear_model\_logistic.py:469: ConvergenceWarning: lbfgs failed to converge (status=1):
STOP: TOTAL NO. of ITERATIONS REACHED LIMIT.

Increase the number of iterations (max_iter) or scale the data as shown in:
    https://scikit-learn.org/stable/modules/preprocessing.html
Please also refer to the documentation for alternative solver options:
    https://scikit-learn.org/stable/modules/linear_model.html#logistic-regression
  n_iter_i = _check_optimize_result(

2025-07-01 11:40:59,352:WARNING:C:\Users\fares\anaconda3\envs\pycaret-env\Lib\site-packages\sklearn\linear_model\_logistic.py:469: ConvergenceWarning: lbfgs failed to converge (status=1):
STOP: TOTAL NO. of ITERATIONS REACHED LIMIT.

Increase the number of iterations (max_iter) or scale the data as shown in:
    https://scikit-learn.org/stable/modules/preprocessing.html
Please also refer to the documentation for alternative solver options:
    https://scikit-learn.org/stable/modules/linear_model.html#logistic-regression
  n_iter_i = _check_optimize_result(

2025-07-01 11:40:59,376:WARNING:C:\Users\fares\anaconda3\envs\pycaret-env\Lib\site-packages\sklearn\linear_model\_logistic.py:469: ConvergenceWarning: lbfgs failed to converge (status=1):
STOP: TOTAL NO. of ITERATIONS REACHED LIMIT.

Increase the number of iterations (max_iter) or scale the data as shown in:
    https://scikit-learn.org/stable/modules/preprocessing.html
Please also refer to the documentation for alternative solver options:
    https://scikit-learn.org/stable/modules/linear_model.html#logistic-regression
  n_iter_i = _check_optimize_result(

2025-07-01 11:40:59,397:WARNING:C:\Users\fares\anaconda3\envs\pycaret-env\Lib\site-packages\sklearn\linear_model\_logistic.py:469: ConvergenceWarning: lbfgs failed to converge (status=1):
STOP: TOTAL NO. of ITERATIONS REACHED LIMIT.

Increase the number of iterations (max_iter) or scale the data as shown in:
    https://scikit-learn.org/stable/modules/preprocessing.html
Please also refer to the documentation for alternative solver options:
    https://scikit-learn.org/stable/modules/linear_model.html#logistic-regression
  n_iter_i = _check_optimize_result(

2025-07-01 11:40:59,398:WARNING:C:\Users\fares\anaconda3\envs\pycaret-env\Lib\site-packages\sklearn\linear_model\_logistic.py:469: ConvergenceWarning: lbfgs failed to converge (status=1):
STOP: TOTAL NO. of ITERATIONS REACHED LIMIT.

Increase the number of iterations (max_iter) or scale the data as shown in:
    https://scikit-learn.org/stable/modules/preprocessing.html
Please also refer to the documentation for alternative solver options:
    https://scikit-learn.org/stable/modules/linear_model.html#logistic-regression
  n_iter_i = _check_optimize_result(

2025-07-01 11:40:59,413:WARNING:C:\Users\fares\anaconda3\envs\pycaret-env\Lib\site-packages\sklearn\metrics\_classification.py:1561: UserWarning: Note that pos_label (set to 'yes') is ignored when average != 'binary' (got 'weighted'). You may use labels=[pos_label] to specify a single positive class.
  warnings.warn(

2025-07-01 11:40:59,417:WARNING:C:\Users\fares\anaconda3\envs\pycaret-env\Lib\site-packages\sklearn\metrics\_classification.py:1561: UserWarning: Note that pos_label (set to 'yes') is ignored when average != 'binary' (got 'weighted'). You may use labels=[pos_label] to specify a single positive class.
  warnings.warn(

2025-07-01 11:40:59,445:WARNING:C:\Users\fares\anaconda3\envs\pycaret-env\Lib\site-packages\sklearn\linear_model\_logistic.py:469: ConvergenceWarning: lbfgs failed to converge (status=1):
STOP: TOTAL NO. of ITERATIONS REACHED LIMIT.

Increase the number of iterations (max_iter) or scale the data as shown in:
    https://scikit-learn.org/stable/modules/preprocessing.html
Please also refer to the documentation for alternative solver options:
    https://scikit-learn.org/stable/modules/linear_model.html#logistic-regression
  n_iter_i = _check_optimize_result(

2025-07-01 11:40:59,447:WARNING:C:\Users\fares\anaconda3\envs\pycaret-env\Lib\site-packages\sklearn\metrics\_classification.py:1561: UserWarning: Note that pos_label (set to 'yes') is ignored when average != 'binary' (got 'weighted'). You may use labels=[pos_label] to specify a single positive class.
  warnings.warn(

2025-07-01 11:40:59,451:WARNING:C:\Users\fares\anaconda3\envs\pycaret-env\Lib\site-packages\sklearn\metrics\_classification.py:1561: UserWarning: Note that pos_label (set to 'yes') is ignored when average != 'binary' (got 'weighted'). You may use labels=[pos_label] to specify a single positive class.
  warnings.warn(

2025-07-01 11:40:59,478:WARNING:C:\Users\fares\anaconda3\envs\pycaret-env\Lib\site-packages\sklearn\linear_model\_logistic.py:469: ConvergenceWarning: lbfgs failed to converge (status=1):
STOP: TOTAL NO. of ITERATIONS REACHED LIMIT.

Increase the number of iterations (max_iter) or scale the data as shown in:
    https://scikit-learn.org/stable/modules/preprocessing.html
Please also refer to the documentation for alternative solver options:
    https://scikit-learn.org/stable/modules/linear_model.html#logistic-regression
  n_iter_i = _check_optimize_result(

2025-07-01 11:40:59,479:WARNING:C:\Users\fares\anaconda3\envs\pycaret-env\Lib\site-packages\sklearn\metrics\_classification.py:1561: UserWarning: Note that pos_label (set to 'yes') is ignored when average != 'binary' (got 'weighted'). You may use labels=[pos_label] to specify a single positive class.
  warnings.warn(

2025-07-01 11:40:59,479:WARNING:C:\Users\fares\anaconda3\envs\pycaret-env\Lib\site-packages\sklearn\metrics\_classification.py:1561: UserWarning: Note that pos_label (set to 'yes') is ignored when average != 'binary' (got 'weighted'). You may use labels=[pos_label] to specify a single positive class.
  warnings.warn(

2025-07-01 11:40:59,511:WARNING:C:\Users\fares\anaconda3\envs\pycaret-env\Lib\site-packages\sklearn\metrics\_classification.py:1561: UserWarning: Note that pos_label (set to 'yes') is ignored when average != 'binary' (got 'weighted'). You may use labels=[pos_label] to specify a single positive class.
  warnings.warn(

2025-07-01 11:40:59,525:WARNING:C:\Users\fares\anaconda3\envs\pycaret-env\Lib\site-packages\sklearn\metrics\_classification.py:1561: UserWarning: Note that pos_label (set to 'yes') is ignored when average != 'binary' (got 'weighted'). You may use labels=[pos_label] to specify a single positive class.
  warnings.warn(

2025-07-01 11:40:59,548:WARNING:C:\Users\fares\anaconda3\envs\pycaret-env\Lib\site-packages\sklearn\metrics\_classification.py:1561: UserWarning: Note that pos_label (set to 'yes') is ignored when average != 'binary' (got 'weighted'). You may use labels=[pos_label] to specify a single positive class.
  warnings.warn(

2025-07-01 11:40:59,549:WARNING:C:\Users\fares\anaconda3\envs\pycaret-env\Lib\site-packages\sklearn\metrics\_classification.py:1561: UserWarning: Note that pos_label (set to 'yes') is ignored when average != 'binary' (got 'weighted'). You may use labels=[pos_label] to specify a single positive class.
  warnings.warn(

2025-07-01 11:40:59,551:WARNING:C:\Users\fares\anaconda3\envs\pycaret-env\Lib\site-packages\sklearn\metrics\_classification.py:1561: UserWarning: Note that pos_label (set to 'yes') is ignored when average != 'binary' (got 'weighted'). You may use labels=[pos_label] to specify a single positive class.
  warnings.warn(

2025-07-01 11:40:59,559:WARNING:C:\Users\fares\anaconda3\envs\pycaret-env\Lib\site-packages\sklearn\metrics\_classification.py:1561: UserWarning: Note that pos_label (set to 'yes') is ignored when average != 'binary' (got 'weighted'). You may use labels=[pos_label] to specify a single positive class.
  warnings.warn(

2025-07-01 11:40:59,563:WARNING:C:\Users\fares\anaconda3\envs\pycaret-env\Lib\site-packages\sklearn\linear_model\_logistic.py:469: ConvergenceWarning: lbfgs failed to converge (status=1):
STOP: TOTAL NO. of ITERATIONS REACHED LIMIT.

Increase the number of iterations (max_iter) or scale the data as shown in:
    https://scikit-learn.org/stable/modules/preprocessing.html
Please also refer to the documentation for alternative solver options:
    https://scikit-learn.org/stable/modules/linear_model.html#logistic-regression
  n_iter_i = _check_optimize_result(

2025-07-01 11:40:59,582:WARNING:C:\Users\fares\anaconda3\envs\pycaret-env\Lib\site-packages\sklearn\metrics\_classification.py:1561: UserWarning: Note that pos_label (set to 'yes') is ignored when average != 'binary' (got 'weighted'). You may use labels=[pos_label] to specify a single positive class.
  warnings.warn(

2025-07-01 11:40:59,584:WARNING:C:\Users\fares\anaconda3\envs\pycaret-env\Lib\site-packages\sklearn\metrics\_classification.py:1561: UserWarning: Note that pos_label (set to 'yes') is ignored when average != 'binary' (got 'weighted'). You may use labels=[pos_label] to specify a single positive class.
  warnings.warn(

2025-07-01 11:40:59,584:WARNING:C:\Users\fares\anaconda3\envs\pycaret-env\Lib\site-packages\sklearn\metrics\_classification.py:1561: UserWarning: Note that pos_label (set to 'yes') is ignored when average != 'binary' (got 'weighted'). You may use labels=[pos_label] to specify a single positive class.
  warnings.warn(

2025-07-01 11:40:59,585:WARNING:C:\Users\fares\anaconda3\envs\pycaret-env\Lib\site-packages\sklearn\metrics\_classification.py:1561: UserWarning: Note that pos_label (set to 'yes') is ignored when average != 'binary' (got 'weighted'). You may use labels=[pos_label] to specify a single positive class.
  warnings.warn(

2025-07-01 11:40:59,593:WARNING:C:\Users\fares\anaconda3\envs\pycaret-env\Lib\site-packages\sklearn\metrics\_classification.py:1561: UserWarning: Note that pos_label (set to 'yes') is ignored when average != 'binary' (got 'weighted'). You may use labels=[pos_label] to specify a single positive class.
  warnings.warn(

2025-07-01 11:40:59,596:WARNING:C:\Users\fares\anaconda3\envs\pycaret-env\Lib\site-packages\sklearn\linear_model\_logistic.py:469: ConvergenceWarning: lbfgs failed to converge (status=1):
STOP: TOTAL NO. of ITERATIONS REACHED LIMIT.

Increase the number of iterations (max_iter) or scale the data as shown in:
    https://scikit-learn.org/stable/modules/preprocessing.html
Please also refer to the documentation for alternative solver options:
    https://scikit-learn.org/stable/modules/linear_model.html#logistic-regression
  n_iter_i = _check_optimize_result(

2025-07-01 11:40:59,614:WARNING:C:\Users\fares\anaconda3\envs\pycaret-env\Lib\site-packages\sklearn\metrics\_classification.py:1561: UserWarning: Note that pos_label (set to 'yes') is ignored when average != 'binary' (got 'weighted'). You may use labels=[pos_label] to specify a single positive class.
  warnings.warn(

2025-07-01 11:40:59,619:WARNING:C:\Users\fares\anaconda3\envs\pycaret-env\Lib\site-packages\sklearn\metrics\_classification.py:1561: UserWarning: Note that pos_label (set to 'yes') is ignored when average != 'binary' (got 'weighted'). You may use labels=[pos_label] to specify a single positive class.
  warnings.warn(

2025-07-01 11:40:59,620:WARNING:C:\Users\fares\anaconda3\envs\pycaret-env\Lib\site-packages\sklearn\metrics\_classification.py:1561: UserWarning: Note that pos_label (set to 'yes') is ignored when average != 'binary' (got 'weighted'). You may use labels=[pos_label] to specify a single positive class.
  warnings.warn(

2025-07-01 11:40:59,625:WARNING:C:\Users\fares\anaconda3\envs\pycaret-env\Lib\site-packages\sklearn\metrics\_classification.py:1561: UserWarning: Note that pos_label (set to 'yes') is ignored when average != 'binary' (got 'weighted'). You may use labels=[pos_label] to specify a single positive class.
  warnings.warn(

2025-07-01 11:40:59,653:WARNING:C:\Users\fares\anaconda3\envs\pycaret-env\Lib\site-packages\sklearn\metrics\_classification.py:1561: UserWarning: Note that pos_label (set to 'yes') is ignored when average != 'binary' (got 'weighted'). You may use labels=[pos_label] to specify a single positive class.
  warnings.warn(

2025-07-01 11:40:59,662:WARNING:C:\Users\fares\anaconda3\envs\pycaret-env\Lib\site-packages\sklearn\metrics\_classification.py:1561: UserWarning: Note that pos_label (set to 'yes') is ignored when average != 'binary' (got 'weighted'). You may use labels=[pos_label] to specify a single positive class.
  warnings.warn(

2025-07-01 11:40:59,691:WARNING:C:\Users\fares\anaconda3\envs\pycaret-env\Lib\site-packages\sklearn\metrics\_classification.py:1561: UserWarning: Note that pos_label (set to 'yes') is ignored when average != 'binary' (got 'weighted'). You may use labels=[pos_label] to specify a single positive class.
  warnings.warn(

2025-07-01 11:40:59,695:WARNING:C:\Users\fares\anaconda3\envs\pycaret-env\Lib\site-packages\sklearn\metrics\_classification.py:1561: UserWarning: Note that pos_label (set to 'yes') is ignored when average != 'binary' (got 'weighted'). You may use labels=[pos_label] to specify a single positive class.
  warnings.warn(

2025-07-01 11:40:59,724:WARNING:C:\Users\fares\anaconda3\envs\pycaret-env\Lib\site-packages\sklearn\metrics\_classification.py:1561: UserWarning: Note that pos_label (set to 'yes') is ignored when average != 'binary' (got 'weighted'). You may use labels=[pos_label] to specify a single positive class.
  warnings.warn(

2025-07-01 11:40:59,728:WARNING:C:\Users\fares\anaconda3\envs\pycaret-env\Lib\site-packages\sklearn\metrics\_classification.py:1561: UserWarning: Note that pos_label (set to 'yes') is ignored when average != 'binary' (got 'weighted'). You may use labels=[pos_label] to specify a single positive class.
  warnings.warn(

2025-07-01 11:40:59,750:WARNING:C:\Users\fares\anaconda3\envs\pycaret-env\Lib\site-packages\sklearn\metrics\_classification.py:1561: UserWarning: Note that pos_label (set to 'yes') is ignored when average != 'binary' (got 'weighted'). You may use labels=[pos_label] to specify a single positive class.
  warnings.warn(

2025-07-01 11:40:59,751:WARNING:C:\Users\fares\anaconda3\envs\pycaret-env\Lib\site-packages\sklearn\metrics\_classification.py:1561: UserWarning: Note that pos_label (set to 'yes') is ignored when average != 'binary' (got 'weighted'). You may use labels=[pos_label] to specify a single positive class.
  warnings.warn(

2025-07-01 11:40:59,774:WARNING:C:\Users\fares\anaconda3\envs\pycaret-env\Lib\site-packages\sklearn\metrics\_classification.py:1561: UserWarning: Note that pos_label (set to 'yes') is ignored when average != 'binary' (got 'weighted'). You may use labels=[pos_label] to specify a single positive class.
  warnings.warn(

2025-07-01 11:40:59,814:INFO:Calculating mean and std
2025-07-01 11:40:59,816:INFO:Creating metrics dataframe
2025-07-01 11:40:59,819:INFO:Uploading results into container
2025-07-01 11:40:59,820:INFO:Uploading model into container now
2025-07-01 11:40:59,820:INFO:_master_model_container: 1
2025-07-01 11:40:59,820:INFO:_display_container: 2
2025-07-01 11:40:59,821:INFO:LogisticRegression(C=1.0, class_weight=None, dual=False, fit_intercept=True,
                   intercept_scaling=1, l1_ratio=None, max_iter=1000,
                   multi_class='auto', n_jobs=None, penalty='l2',
                   random_state=123, solver='lbfgs', tol=0.0001, verbose=0,
                   warm_start=False)
2025-07-01 11:40:59,821:INFO:create_model() successfully completed......................................
2025-07-01 11:40:59,943:INFO:SubProcess create_model() end ==================================
2025-07-01 11:40:59,944:INFO:Creating metrics dataframe
2025-07-01 11:40:59,953:INFO:Initializing K Neighbors Classifier
2025-07-01 11:40:59,953:INFO:Total runtime is 0.23527444998423258 minutes
2025-07-01 11:40:59,957:INFO:SubProcess create_model() called ==================================
2025-07-01 11:40:59,958:INFO:Initializing create_model()
2025-07-01 11:40:59,958:INFO:create_model(self=<pycaret.classification.oop.ClassificationExperiment object at 0x00000265F6767D10>, estimator=knn, fold=StratifiedKFold(n_splits=10, random_state=None, shuffle=False), round=4, cross_validation=True, predict=True, fit_kwargs={}, groups=None, refit=False, probability_threshold=None, experiment_custom_tags=None, verbose=False, system=False, add_to_model_list=True, metrics=None, display=<pycaret.internal.display.display.CommonDisplay object at 0x00000265F6A72510>, model_only=True, return_train_score=False, error_score=0.0, kwargs={})
2025-07-01 11:40:59,958:INFO:Checking exceptions
2025-07-01 11:40:59,958:INFO:Importing libraries
2025-07-01 11:40:59,958:INFO:Copying training dataset
2025-07-01 11:40:59,979:INFO:Defining folds
2025-07-01 11:40:59,980:INFO:Declaring metric variables
2025-07-01 11:40:59,984:INFO:Importing untrained model
2025-07-01 11:40:59,987:INFO:K Neighbors Classifier Imported successfully
2025-07-01 11:40:59,995:INFO:Starting cross validation
2025-07-01 11:40:59,998:INFO:Cross validating with StratifiedKFold(n_splits=10, random_state=None, shuffle=False), n_jobs=-1
2025-07-01 11:41:03,035:WARNING:C:\Users\fares\anaconda3\envs\pycaret-env\Lib\site-packages\sklearn\metrics\_classification.py:1561: UserWarning: Note that pos_label (set to 'yes') is ignored when average != 'binary' (got 'weighted'). You may use labels=[pos_label] to specify a single positive class.
  warnings.warn(

2025-07-01 11:41:03,047:WARNING:C:\Users\fares\anaconda3\envs\pycaret-env\Lib\site-packages\sklearn\metrics\_classification.py:1561: UserWarning: Note that pos_label (set to 'yes') is ignored when average != 'binary' (got 'weighted'). You may use labels=[pos_label] to specify a single positive class.
  warnings.warn(

2025-07-01 11:41:03,058:WARNING:C:\Users\fares\anaconda3\envs\pycaret-env\Lib\site-packages\sklearn\metrics\_classification.py:1561: UserWarning: Note that pos_label (set to 'yes') is ignored when average != 'binary' (got 'weighted'). You may use labels=[pos_label] to specify a single positive class.
  warnings.warn(

2025-07-01 11:41:03,071:WARNING:C:\Users\fares\anaconda3\envs\pycaret-env\Lib\site-packages\sklearn\metrics\_classification.py:1561: UserWarning: Note that pos_label (set to 'yes') is ignored when average != 'binary' (got 'weighted'). You may use labels=[pos_label] to specify a single positive class.
  warnings.warn(

2025-07-01 11:41:03,073:WARNING:C:\Users\fares\anaconda3\envs\pycaret-env\Lib\site-packages\sklearn\metrics\_classification.py:1561: UserWarning: Note that pos_label (set to 'yes') is ignored when average != 'binary' (got 'weighted'). You may use labels=[pos_label] to specify a single positive class.
  warnings.warn(

2025-07-01 11:41:03,082:WARNING:C:\Users\fares\anaconda3\envs\pycaret-env\Lib\site-packages\sklearn\metrics\_classification.py:1561: UserWarning: Note that pos_label (set to 'yes') is ignored when average != 'binary' (got 'weighted'). You may use labels=[pos_label] to specify a single positive class.
  warnings.warn(

2025-07-01 11:41:03,097:WARNING:C:\Users\fares\anaconda3\envs\pycaret-env\Lib\site-packages\sklearn\metrics\_classification.py:1561: UserWarning: Note that pos_label (set to 'yes') is ignored when average != 'binary' (got 'weighted'). You may use labels=[pos_label] to specify a single positive class.
  warnings.warn(

2025-07-01 11:41:03,106:WARNING:C:\Users\fares\anaconda3\envs\pycaret-env\Lib\site-packages\sklearn\metrics\_classification.py:1561: UserWarning: Note that pos_label (set to 'yes') is ignored when average != 'binary' (got 'weighted'). You may use labels=[pos_label] to specify a single positive class.
  warnings.warn(

2025-07-01 11:41:03,106:WARNING:C:\Users\fares\anaconda3\envs\pycaret-env\Lib\site-packages\sklearn\metrics\_classification.py:1561: UserWarning: Note that pos_label (set to 'yes') is ignored when average != 'binary' (got 'weighted'). You may use labels=[pos_label] to specify a single positive class.
  warnings.warn(

2025-07-01 11:41:03,118:WARNING:C:\Users\fares\anaconda3\envs\pycaret-env\Lib\site-packages\sklearn\metrics\_classification.py:1561: UserWarning: Note that pos_label (set to 'yes') is ignored when average != 'binary' (got 'weighted'). You may use labels=[pos_label] to specify a single positive class.
  warnings.warn(

2025-07-01 11:41:03,128:WARNING:C:\Users\fares\anaconda3\envs\pycaret-env\Lib\site-packages\sklearn\metrics\_classification.py:1561: UserWarning: Note that pos_label (set to 'yes') is ignored when average != 'binary' (got 'weighted'). You may use labels=[pos_label] to specify a single positive class.
  warnings.warn(

2025-07-01 11:41:03,135:WARNING:C:\Users\fares\anaconda3\envs\pycaret-env\Lib\site-packages\sklearn\metrics\_classification.py:1561: UserWarning: Note that pos_label (set to 'yes') is ignored when average != 'binary' (got 'weighted'). You may use labels=[pos_label] to specify a single positive class.
  warnings.warn(

2025-07-01 11:41:06,687:WARNING:C:\Users\fares\anaconda3\envs\pycaret-env\Lib\site-packages\sklearn\metrics\_classification.py:1561: UserWarning: Note that pos_label (set to 'yes') is ignored when average != 'binary' (got 'weighted'). You may use labels=[pos_label] to specify a single positive class.
  warnings.warn(

2025-07-01 11:41:06,695:WARNING:C:\Users\fares\anaconda3\envs\pycaret-env\Lib\site-packages\sklearn\metrics\_classification.py:1561: UserWarning: Note that pos_label (set to 'yes') is ignored when average != 'binary' (got 'weighted'). You may use labels=[pos_label] to specify a single positive class.
  warnings.warn(

2025-07-01 11:41:06,718:WARNING:C:\Users\fares\anaconda3\envs\pycaret-env\Lib\site-packages\sklearn\metrics\_classification.py:1561: UserWarning: Note that pos_label (set to 'yes') is ignored when average != 'binary' (got 'weighted'). You may use labels=[pos_label] to specify a single positive class.
  warnings.warn(

2025-07-01 11:41:06,722:WARNING:C:\Users\fares\anaconda3\envs\pycaret-env\Lib\site-packages\sklearn\metrics\_classification.py:1561: UserWarning: Note that pos_label (set to 'yes') is ignored when average != 'binary' (got 'weighted'). You may use labels=[pos_label] to specify a single positive class.
  warnings.warn(

2025-07-01 11:41:06,726:WARNING:C:\Users\fares\anaconda3\envs\pycaret-env\Lib\site-packages\sklearn\metrics\_classification.py:1561: UserWarning: Note that pos_label (set to 'yes') is ignored when average != 'binary' (got 'weighted'). You may use labels=[pos_label] to specify a single positive class.
  warnings.warn(

2025-07-01 11:41:06,745:WARNING:C:\Users\fares\anaconda3\envs\pycaret-env\Lib\site-packages\sklearn\metrics\_classification.py:1561: UserWarning: Note that pos_label (set to 'yes') is ignored when average != 'binary' (got 'weighted'). You may use labels=[pos_label] to specify a single positive class.
  warnings.warn(

2025-07-01 11:41:06,746:WARNING:C:\Users\fares\anaconda3\envs\pycaret-env\Lib\site-packages\sklearn\metrics\_classification.py:1561: UserWarning: Note that pos_label (set to 'yes') is ignored when average != 'binary' (got 'weighted'). You may use labels=[pos_label] to specify a single positive class.
  warnings.warn(

2025-07-01 11:41:06,752:WARNING:C:\Users\fares\anaconda3\envs\pycaret-env\Lib\site-packages\sklearn\metrics\_classification.py:1561: UserWarning: Note that pos_label (set to 'yes') is ignored when average != 'binary' (got 'weighted'). You may use labels=[pos_label] to specify a single positive class.
  warnings.warn(

2025-07-01 11:41:06,753:WARNING:C:\Users\fares\anaconda3\envs\pycaret-env\Lib\site-packages\sklearn\metrics\_classification.py:1561: UserWarning: Note that pos_label (set to 'yes') is ignored when average != 'binary' (got 'weighted'). You may use labels=[pos_label] to specify a single positive class.
  warnings.warn(

2025-07-01 11:41:06,760:WARNING:C:\Users\fares\anaconda3\envs\pycaret-env\Lib\site-packages\sklearn\metrics\_classification.py:1561: UserWarning: Note that pos_label (set to 'yes') is ignored when average != 'binary' (got 'weighted'). You may use labels=[pos_label] to specify a single positive class.
  warnings.warn(

2025-07-01 11:41:06,777:WARNING:C:\Users\fares\anaconda3\envs\pycaret-env\Lib\site-packages\sklearn\metrics\_classification.py:1561: UserWarning: Note that pos_label (set to 'yes') is ignored when average != 'binary' (got 'weighted'). You may use labels=[pos_label] to specify a single positive class.
  warnings.warn(

2025-07-01 11:41:06,779:WARNING:C:\Users\fares\anaconda3\envs\pycaret-env\Lib\site-packages\sklearn\metrics\_classification.py:1561: UserWarning: Note that pos_label (set to 'yes') is ignored when average != 'binary' (got 'weighted'). You may use labels=[pos_label] to specify a single positive class.
  warnings.warn(

2025-07-01 11:41:06,788:WARNING:C:\Users\fares\anaconda3\envs\pycaret-env\Lib\site-packages\sklearn\metrics\_classification.py:1561: UserWarning: Note that pos_label (set to 'yes') is ignored when average != 'binary' (got 'weighted'). You may use labels=[pos_label] to specify a single positive class.
  warnings.warn(

2025-07-01 11:41:06,794:WARNING:C:\Users\fares\anaconda3\envs\pycaret-env\Lib\site-packages\sklearn\metrics\_classification.py:1561: UserWarning: Note that pos_label (set to 'yes') is ignored when average != 'binary' (got 'weighted'). You may use labels=[pos_label] to specify a single positive class.
  warnings.warn(

2025-07-01 11:41:06,804:WARNING:C:\Users\fares\anaconda3\envs\pycaret-env\Lib\site-packages\sklearn\metrics\_classification.py:1561: UserWarning: Note that pos_label (set to 'yes') is ignored when average != 'binary' (got 'weighted'). You may use labels=[pos_label] to specify a single positive class.
  warnings.warn(

2025-07-01 11:41:06,811:WARNING:C:\Users\fares\anaconda3\envs\pycaret-env\Lib\site-packages\sklearn\metrics\_classification.py:1561: UserWarning: Note that pos_label (set to 'yes') is ignored when average != 'binary' (got 'weighted'). You may use labels=[pos_label] to specify a single positive class.
  warnings.warn(

2025-07-01 11:41:06,816:WARNING:C:\Users\fares\anaconda3\envs\pycaret-env\Lib\site-packages\sklearn\metrics\_classification.py:1561: UserWarning: Note that pos_label (set to 'yes') is ignored when average != 'binary' (got 'weighted'). You may use labels=[pos_label] to specify a single positive class.
  warnings.warn(

2025-07-01 11:41:06,849:WARNING:C:\Users\fares\anaconda3\envs\pycaret-env\Lib\site-packages\sklearn\metrics\_classification.py:1561: UserWarning: Note that pos_label (set to 'yes') is ignored when average != 'binary' (got 'weighted'). You may use labels=[pos_label] to specify a single positive class.
  warnings.warn(

2025-07-01 11:41:06,894:INFO:Calculating mean and std
2025-07-01 11:41:06,896:INFO:Creating metrics dataframe
2025-07-01 11:41:06,899:INFO:Uploading results into container
2025-07-01 11:41:06,900:INFO:Uploading model into container now
2025-07-01 11:41:06,900:INFO:_master_model_container: 2
2025-07-01 11:41:06,901:INFO:_display_container: 2
2025-07-01 11:41:06,901:INFO:KNeighborsClassifier(algorithm='auto', leaf_size=30, metric='minkowski',
                     metric_params=None, n_jobs=-1, n_neighbors=5, p=2,
                     weights='uniform')
2025-07-01 11:41:06,902:INFO:create_model() successfully completed......................................
2025-07-01 11:41:07,006:INFO:SubProcess create_model() end ==================================
2025-07-01 11:41:07,006:INFO:Creating metrics dataframe
2025-07-01 11:41:07,021:INFO:Initializing Naive Bayes
2025-07-01 11:41:07,021:INFO:Total runtime is 0.3530773003896077 minutes
2025-07-01 11:41:07,025:INFO:SubProcess create_model() called ==================================
2025-07-01 11:41:07,025:INFO:Initializing create_model()
2025-07-01 11:41:07,026:INFO:create_model(self=<pycaret.classification.oop.ClassificationExperiment object at 0x00000265F6767D10>, estimator=nb, fold=StratifiedKFold(n_splits=10, random_state=None, shuffle=False), round=4, cross_validation=True, predict=True, fit_kwargs={}, groups=None, refit=False, probability_threshold=None, experiment_custom_tags=None, verbose=False, system=False, add_to_model_list=True, metrics=None, display=<pycaret.internal.display.display.CommonDisplay object at 0x00000265F6A72510>, model_only=True, return_train_score=False, error_score=0.0, kwargs={})
2025-07-01 11:41:07,026:INFO:Checking exceptions
2025-07-01 11:41:07,026:INFO:Importing libraries
2025-07-01 11:41:07,026:INFO:Copying training dataset
2025-07-01 11:41:07,048:INFO:Defining folds
2025-07-01 11:41:07,048:INFO:Declaring metric variables
2025-07-01 11:41:07,053:INFO:Importing untrained model
2025-07-01 11:41:07,057:INFO:Naive Bayes Imported successfully
2025-07-01 11:41:07,064:INFO:Starting cross validation
2025-07-01 11:41:07,067:INFO:Cross validating with StratifiedKFold(n_splits=10, random_state=None, shuffle=False), n_jobs=-1
2025-07-01 11:41:08,257:WARNING:C:\Users\fares\anaconda3\envs\pycaret-env\Lib\site-packages\sklearn\metrics\_classification.py:1561: UserWarning: Note that pos_label (set to 'yes') is ignored when average != 'binary' (got 'weighted'). You may use labels=[pos_label] to specify a single positive class.
  warnings.warn(

2025-07-01 11:41:08,261:WARNING:C:\Users\fares\anaconda3\envs\pycaret-env\Lib\site-packages\sklearn\metrics\_classification.py:1561: UserWarning: Note that pos_label (set to 'yes') is ignored when average != 'binary' (got 'weighted'). You may use labels=[pos_label] to specify a single positive class.
  warnings.warn(

2025-07-01 11:41:08,270:WARNING:C:\Users\fares\anaconda3\envs\pycaret-env\Lib\site-packages\sklearn\metrics\_classification.py:1561: UserWarning: Note that pos_label (set to 'yes') is ignored when average != 'binary' (got 'weighted'). You may use labels=[pos_label] to specify a single positive class.
  warnings.warn(

2025-07-01 11:41:08,278:WARNING:C:\Users\fares\anaconda3\envs\pycaret-env\Lib\site-packages\sklearn\metrics\_classification.py:1561: UserWarning: Note that pos_label (set to 'yes') is ignored when average != 'binary' (got 'weighted'). You may use labels=[pos_label] to specify a single positive class.
  warnings.warn(

2025-07-01 11:41:08,281:WARNING:C:\Users\fares\anaconda3\envs\pycaret-env\Lib\site-packages\sklearn\metrics\_classification.py:1561: UserWarning: Note that pos_label (set to 'yes') is ignored when average != 'binary' (got 'weighted'). You may use labels=[pos_label] to specify a single positive class.
  warnings.warn(

2025-07-01 11:41:08,284:WARNING:C:\Users\fares\anaconda3\envs\pycaret-env\Lib\site-packages\sklearn\metrics\_classification.py:1561: UserWarning: Note that pos_label (set to 'yes') is ignored when average != 'binary' (got 'weighted'). You may use labels=[pos_label] to specify a single positive class.
  warnings.warn(

2025-07-01 11:41:08,288:WARNING:C:\Users\fares\anaconda3\envs\pycaret-env\Lib\site-packages\sklearn\metrics\_classification.py:1561: UserWarning: Note that pos_label (set to 'yes') is ignored when average != 'binary' (got 'weighted'). You may use labels=[pos_label] to specify a single positive class.
  warnings.warn(

2025-07-01 11:41:08,290:WARNING:C:\Users\fares\anaconda3\envs\pycaret-env\Lib\site-packages\sklearn\metrics\_classification.py:1561: UserWarning: Note that pos_label (set to 'yes') is ignored when average != 'binary' (got 'weighted'). You may use labels=[pos_label] to specify a single positive class.
  warnings.warn(

2025-07-01 11:41:08,291:WARNING:C:\Users\fares\anaconda3\envs\pycaret-env\Lib\site-packages\sklearn\metrics\_classification.py:1561: UserWarning: Note that pos_label (set to 'yes') is ignored when average != 'binary' (got 'weighted'). You may use labels=[pos_label] to specify a single positive class.
  warnings.warn(

2025-07-01 11:41:08,295:WARNING:C:\Users\fares\anaconda3\envs\pycaret-env\Lib\site-packages\sklearn\metrics\_classification.py:1561: UserWarning: Note that pos_label (set to 'yes') is ignored when average != 'binary' (got 'weighted'). You may use labels=[pos_label] to specify a single positive class.
  warnings.warn(

2025-07-01 11:41:08,300:WARNING:C:\Users\fares\anaconda3\envs\pycaret-env\Lib\site-packages\sklearn\metrics\_classification.py:1561: UserWarning: Note that pos_label (set to 'yes') is ignored when average != 'binary' (got 'weighted'). You may use labels=[pos_label] to specify a single positive class.
  warnings.warn(

2025-07-01 11:41:08,306:WARNING:C:\Users\fares\anaconda3\envs\pycaret-env\Lib\site-packages\sklearn\metrics\_classification.py:1561: UserWarning: Note that pos_label (set to 'yes') is ignored when average != 'binary' (got 'weighted'). You may use labels=[pos_label] to specify a single positive class.
  warnings.warn(

2025-07-01 11:41:08,311:WARNING:C:\Users\fares\anaconda3\envs\pycaret-env\Lib\site-packages\sklearn\metrics\_classification.py:1561: UserWarning: Note that pos_label (set to 'yes') is ignored when average != 'binary' (got 'weighted'). You may use labels=[pos_label] to specify a single positive class.
  warnings.warn(

2025-07-01 11:41:08,312:WARNING:C:\Users\fares\anaconda3\envs\pycaret-env\Lib\site-packages\sklearn\metrics\_classification.py:1561: UserWarning: Note that pos_label (set to 'yes') is ignored when average != 'binary' (got 'weighted'). You may use labels=[pos_label] to specify a single positive class.
  warnings.warn(

2025-07-01 11:41:08,313:WARNING:C:\Users\fares\anaconda3\envs\pycaret-env\Lib\site-packages\sklearn\metrics\_classification.py:1561: UserWarning: Note that pos_label (set to 'yes') is ignored when average != 'binary' (got 'weighted'). You may use labels=[pos_label] to specify a single positive class.
  warnings.warn(

2025-07-01 11:41:08,316:WARNING:C:\Users\fares\anaconda3\envs\pycaret-env\Lib\site-packages\sklearn\metrics\_classification.py:1561: UserWarning: Note that pos_label (set to 'yes') is ignored when average != 'binary' (got 'weighted'). You may use labels=[pos_label] to specify a single positive class.
  warnings.warn(

2025-07-01 11:41:08,319:WARNING:C:\Users\fares\anaconda3\envs\pycaret-env\Lib\site-packages\sklearn\metrics\_classification.py:1561: UserWarning: Note that pos_label (set to 'yes') is ignored when average != 'binary' (got 'weighted'). You may use labels=[pos_label] to specify a single positive class.
  warnings.warn(

2025-07-01 11:41:08,320:WARNING:C:\Users\fares\anaconda3\envs\pycaret-env\Lib\site-packages\sklearn\metrics\_classification.py:1561: UserWarning: Note that pos_label (set to 'yes') is ignored when average != 'binary' (got 'weighted'). You may use labels=[pos_label] to specify a single positive class.
  warnings.warn(

2025-07-01 11:41:08,323:WARNING:C:\Users\fares\anaconda3\envs\pycaret-env\Lib\site-packages\sklearn\metrics\_classification.py:1561: UserWarning: Note that pos_label (set to 'yes') is ignored when average != 'binary' (got 'weighted'). You may use labels=[pos_label] to specify a single positive class.
  warnings.warn(

2025-07-01 11:41:08,329:WARNING:C:\Users\fares\anaconda3\envs\pycaret-env\Lib\site-packages\sklearn\metrics\_classification.py:1561: UserWarning: Note that pos_label (set to 'yes') is ignored when average != 'binary' (got 'weighted'). You may use labels=[pos_label] to specify a single positive class.
  warnings.warn(

2025-07-01 11:41:08,331:WARNING:C:\Users\fares\anaconda3\envs\pycaret-env\Lib\site-packages\sklearn\metrics\_classification.py:1561: UserWarning: Note that pos_label (set to 'yes') is ignored when average != 'binary' (got 'weighted'). You may use labels=[pos_label] to specify a single positive class.
  warnings.warn(

2025-07-01 11:41:08,342:WARNING:C:\Users\fares\anaconda3\envs\pycaret-env\Lib\site-packages\sklearn\metrics\_classification.py:1561: UserWarning: Note that pos_label (set to 'yes') is ignored when average != 'binary' (got 'weighted'). You may use labels=[pos_label] to specify a single positive class.
  warnings.warn(

2025-07-01 11:41:08,347:WARNING:C:\Users\fares\anaconda3\envs\pycaret-env\Lib\site-packages\sklearn\metrics\_classification.py:1561: UserWarning: Note that pos_label (set to 'yes') is ignored when average != 'binary' (got 'weighted'). You may use labels=[pos_label] to specify a single positive class.
  warnings.warn(

2025-07-01 11:41:08,347:WARNING:C:\Users\fares\anaconda3\envs\pycaret-env\Lib\site-packages\sklearn\metrics\_classification.py:1561: UserWarning: Note that pos_label (set to 'yes') is ignored when average != 'binary' (got 'weighted'). You may use labels=[pos_label] to specify a single positive class.
  warnings.warn(

2025-07-01 11:41:08,349:WARNING:C:\Users\fares\anaconda3\envs\pycaret-env\Lib\site-packages\sklearn\metrics\_classification.py:1561: UserWarning: Note that pos_label (set to 'yes') is ignored when average != 'binary' (got 'weighted'). You may use labels=[pos_label] to specify a single positive class.
  warnings.warn(

2025-07-01 11:41:08,350:WARNING:C:\Users\fares\anaconda3\envs\pycaret-env\Lib\site-packages\sklearn\metrics\_classification.py:1561: UserWarning: Note that pos_label (set to 'yes') is ignored when average != 'binary' (got 'weighted'). You may use labels=[pos_label] to specify a single positive class.
  warnings.warn(

2025-07-01 11:41:08,360:WARNING:C:\Users\fares\anaconda3\envs\pycaret-env\Lib\site-packages\sklearn\metrics\_classification.py:1561: UserWarning: Note that pos_label (set to 'yes') is ignored when average != 'binary' (got 'weighted'). You may use labels=[pos_label] to specify a single positive class.
  warnings.warn(

2025-07-01 11:41:08,360:WARNING:C:\Users\fares\anaconda3\envs\pycaret-env\Lib\site-packages\sklearn\metrics\_classification.py:1561: UserWarning: Note that pos_label (set to 'yes') is ignored when average != 'binary' (got 'weighted'). You may use labels=[pos_label] to specify a single positive class.
  warnings.warn(

2025-07-01 11:41:08,373:WARNING:C:\Users\fares\anaconda3\envs\pycaret-env\Lib\site-packages\sklearn\metrics\_classification.py:1561: UserWarning: Note that pos_label (set to 'yes') is ignored when average != 'binary' (got 'weighted'). You may use labels=[pos_label] to specify a single positive class.
  warnings.warn(

2025-07-01 11:41:08,376:WARNING:C:\Users\fares\anaconda3\envs\pycaret-env\Lib\site-packages\sklearn\metrics\_classification.py:1561: UserWarning: Note that pos_label (set to 'yes') is ignored when average != 'binary' (got 'weighted'). You may use labels=[pos_label] to specify a single positive class.
  warnings.warn(

2025-07-01 11:41:08,420:INFO:Calculating mean and std
2025-07-01 11:41:08,422:INFO:Creating metrics dataframe
2025-07-01 11:41:08,424:INFO:Uploading results into container
2025-07-01 11:41:08,425:INFO:Uploading model into container now
2025-07-01 11:41:08,426:INFO:_master_model_container: 3
2025-07-01 11:41:08,426:INFO:_display_container: 2
2025-07-01 11:41:08,427:INFO:GaussianNB(priors=None, var_smoothing=1e-09)
2025-07-01 11:41:08,427:INFO:create_model() successfully completed......................................
2025-07-01 11:41:08,533:INFO:SubProcess create_model() end ==================================
2025-07-01 11:41:08,533:INFO:Creating metrics dataframe
2025-07-01 11:41:08,541:INFO:Initializing Decision Tree Classifier
2025-07-01 11:41:08,541:INFO:Total runtime is 0.3784122029940287 minutes
2025-07-01 11:41:08,545:INFO:SubProcess create_model() called ==================================
2025-07-01 11:41:08,545:INFO:Initializing create_model()
2025-07-01 11:41:08,545:INFO:create_model(self=<pycaret.classification.oop.ClassificationExperiment object at 0x00000265F6767D10>, estimator=dt, fold=StratifiedKFold(n_splits=10, random_state=None, shuffle=False), round=4, cross_validation=True, predict=True, fit_kwargs={}, groups=None, refit=False, probability_threshold=None, experiment_custom_tags=None, verbose=False, system=False, add_to_model_list=True, metrics=None, display=<pycaret.internal.display.display.CommonDisplay object at 0x00000265F6A72510>, model_only=True, return_train_score=False, error_score=0.0, kwargs={})
2025-07-01 11:41:08,545:INFO:Checking exceptions
2025-07-01 11:41:08,545:INFO:Importing libraries
2025-07-01 11:41:08,545:INFO:Copying training dataset
2025-07-01 11:41:08,566:INFO:Defining folds
2025-07-01 11:41:08,566:INFO:Declaring metric variables
2025-07-01 11:41:08,570:INFO:Importing untrained model
2025-07-01 11:41:08,574:INFO:Decision Tree Classifier Imported successfully
2025-07-01 11:41:08,581:INFO:Starting cross validation
2025-07-01 11:41:08,585:INFO:Cross validating with StratifiedKFold(n_splits=10, random_state=None, shuffle=False), n_jobs=-1
2025-07-01 11:41:10,044:WARNING:C:\Users\fares\anaconda3\envs\pycaret-env\Lib\site-packages\sklearn\metrics\_classification.py:1561: UserWarning: Note that pos_label (set to 'yes') is ignored when average != 'binary' (got 'weighted'). You may use labels=[pos_label] to specify a single positive class.
  warnings.warn(

2025-07-01 11:41:10,060:WARNING:C:\Users\fares\anaconda3\envs\pycaret-env\Lib\site-packages\sklearn\metrics\_classification.py:1561: UserWarning: Note that pos_label (set to 'yes') is ignored when average != 'binary' (got 'weighted'). You may use labels=[pos_label] to specify a single positive class.
  warnings.warn(

2025-07-01 11:41:10,064:WARNING:C:\Users\fares\anaconda3\envs\pycaret-env\Lib\site-packages\sklearn\metrics\_classification.py:1561: UserWarning: Note that pos_label (set to 'yes') is ignored when average != 'binary' (got 'weighted'). You may use labels=[pos_label] to specify a single positive class.
  warnings.warn(

2025-07-01 11:41:10,074:WARNING:C:\Users\fares\anaconda3\envs\pycaret-env\Lib\site-packages\sklearn\metrics\_classification.py:1561: UserWarning: Note that pos_label (set to 'yes') is ignored when average != 'binary' (got 'weighted'). You may use labels=[pos_label] to specify a single positive class.
  warnings.warn(

2025-07-01 11:41:10,074:WARNING:C:\Users\fares\anaconda3\envs\pycaret-env\Lib\site-packages\sklearn\metrics\_classification.py:1561: UserWarning: Note that pos_label (set to 'yes') is ignored when average != 'binary' (got 'weighted'). You may use labels=[pos_label] to specify a single positive class.
  warnings.warn(

2025-07-01 11:41:10,080:WARNING:C:\Users\fares\anaconda3\envs\pycaret-env\Lib\site-packages\sklearn\metrics\_classification.py:1561: UserWarning: Note that pos_label (set to 'yes') is ignored when average != 'binary' (got 'weighted'). You may use labels=[pos_label] to specify a single positive class.
  warnings.warn(

2025-07-01 11:41:10,083:WARNING:C:\Users\fares\anaconda3\envs\pycaret-env\Lib\site-packages\sklearn\metrics\_classification.py:1561: UserWarning: Note that pos_label (set to 'yes') is ignored when average != 'binary' (got 'weighted'). You may use labels=[pos_label] to specify a single positive class.
  warnings.warn(

2025-07-01 11:41:10,087:WARNING:C:\Users\fares\anaconda3\envs\pycaret-env\Lib\site-packages\sklearn\metrics\_classification.py:1561: UserWarning: Note that pos_label (set to 'yes') is ignored when average != 'binary' (got 'weighted'). You may use labels=[pos_label] to specify a single positive class.
  warnings.warn(

2025-07-01 11:41:10,091:WARNING:C:\Users\fares\anaconda3\envs\pycaret-env\Lib\site-packages\sklearn\metrics\_classification.py:1561: UserWarning: Note that pos_label (set to 'yes') is ignored when average != 'binary' (got 'weighted'). You may use labels=[pos_label] to specify a single positive class.
  warnings.warn(

2025-07-01 11:41:10,093:WARNING:C:\Users\fares\anaconda3\envs\pycaret-env\Lib\site-packages\sklearn\metrics\_classification.py:1561: UserWarning: Note that pos_label (set to 'yes') is ignored when average != 'binary' (got 'weighted'). You may use labels=[pos_label] to specify a single positive class.
  warnings.warn(

2025-07-01 11:41:10,098:WARNING:C:\Users\fares\anaconda3\envs\pycaret-env\Lib\site-packages\sklearn\metrics\_classification.py:1561: UserWarning: Note that pos_label (set to 'yes') is ignored when average != 'binary' (got 'weighted'). You may use labels=[pos_label] to specify a single positive class.
  warnings.warn(

2025-07-01 11:41:10,105:WARNING:C:\Users\fares\anaconda3\envs\pycaret-env\Lib\site-packages\sklearn\metrics\_classification.py:1561: UserWarning: Note that pos_label (set to 'yes') is ignored when average != 'binary' (got 'weighted'). You may use labels=[pos_label] to specify a single positive class.
  warnings.warn(

2025-07-01 11:41:10,107:WARNING:C:\Users\fares\anaconda3\envs\pycaret-env\Lib\site-packages\sklearn\metrics\_classification.py:1561: UserWarning: Note that pos_label (set to 'yes') is ignored when average != 'binary' (got 'weighted'). You may use labels=[pos_label] to specify a single positive class.
  warnings.warn(

2025-07-01 11:41:10,107:WARNING:C:\Users\fares\anaconda3\envs\pycaret-env\Lib\site-packages\sklearn\metrics\_classification.py:1561: UserWarning: Note that pos_label (set to 'yes') is ignored when average != 'binary' (got 'weighted'). You may use labels=[pos_label] to specify a single positive class.
  warnings.warn(

2025-07-01 11:41:10,109:WARNING:C:\Users\fares\anaconda3\envs\pycaret-env\Lib\site-packages\sklearn\metrics\_classification.py:1561: UserWarning: Note that pos_label (set to 'yes') is ignored when average != 'binary' (got 'weighted'). You may use labels=[pos_label] to specify a single positive class.
  warnings.warn(

2025-07-01 11:41:10,113:WARNING:C:\Users\fares\anaconda3\envs\pycaret-env\Lib\site-packages\sklearn\metrics\_classification.py:1561: UserWarning: Note that pos_label (set to 'yes') is ignored when average != 'binary' (got 'weighted'). You may use labels=[pos_label] to specify a single positive class.
  warnings.warn(

2025-07-01 11:41:10,117:WARNING:C:\Users\fares\anaconda3\envs\pycaret-env\Lib\site-packages\sklearn\metrics\_classification.py:1561: UserWarning: Note that pos_label (set to 'yes') is ignored when average != 'binary' (got 'weighted'). You may use labels=[pos_label] to specify a single positive class.
  warnings.warn(

2025-07-01 11:41:10,119:WARNING:C:\Users\fares\anaconda3\envs\pycaret-env\Lib\site-packages\sklearn\metrics\_classification.py:1561: UserWarning: Note that pos_label (set to 'yes') is ignored when average != 'binary' (got 'weighted'). You may use labels=[pos_label] to specify a single positive class.
  warnings.warn(

2025-07-01 11:41:10,126:WARNING:C:\Users\fares\anaconda3\envs\pycaret-env\Lib\site-packages\sklearn\metrics\_classification.py:1561: UserWarning: Note that pos_label (set to 'yes') is ignored when average != 'binary' (got 'weighted'). You may use labels=[pos_label] to specify a single positive class.
  warnings.warn(

2025-07-01 11:41:10,129:WARNING:C:\Users\fares\anaconda3\envs\pycaret-env\Lib\site-packages\sklearn\metrics\_classification.py:1561: UserWarning: Note that pos_label (set to 'yes') is ignored when average != 'binary' (got 'weighted'). You may use labels=[pos_label] to specify a single positive class.
  warnings.warn(

2025-07-01 11:41:10,136:WARNING:C:\Users\fares\anaconda3\envs\pycaret-env\Lib\site-packages\sklearn\metrics\_classification.py:1561: UserWarning: Note that pos_label (set to 'yes') is ignored when average != 'binary' (got 'weighted'). You may use labels=[pos_label] to specify a single positive class.
  warnings.warn(

2025-07-01 11:41:10,143:WARNING:C:\Users\fares\anaconda3\envs\pycaret-env\Lib\site-packages\sklearn\metrics\_classification.py:1561: UserWarning: Note that pos_label (set to 'yes') is ignored when average != 'binary' (got 'weighted'). You may use labels=[pos_label] to specify a single positive class.
  warnings.warn(

2025-07-01 11:41:10,144:WARNING:C:\Users\fares\anaconda3\envs\pycaret-env\Lib\site-packages\sklearn\metrics\_classification.py:1561: UserWarning: Note that pos_label (set to 'yes') is ignored when average != 'binary' (got 'weighted'). You may use labels=[pos_label] to specify a single positive class.
  warnings.warn(

2025-07-01 11:41:10,149:WARNING:C:\Users\fares\anaconda3\envs\pycaret-env\Lib\site-packages\sklearn\metrics\_classification.py:1561: UserWarning: Note that pos_label (set to 'yes') is ignored when average != 'binary' (got 'weighted'). You may use labels=[pos_label] to specify a single positive class.
  warnings.warn(

2025-07-01 11:41:10,155:WARNING:C:\Users\fares\anaconda3\envs\pycaret-env\Lib\site-packages\sklearn\metrics\_classification.py:1561: UserWarning: Note that pos_label (set to 'yes') is ignored when average != 'binary' (got 'weighted'). You may use labels=[pos_label] to specify a single positive class.
  warnings.warn(

2025-07-01 11:41:10,155:WARNING:C:\Users\fares\anaconda3\envs\pycaret-env\Lib\site-packages\sklearn\metrics\_classification.py:1561: UserWarning: Note that pos_label (set to 'yes') is ignored when average != 'binary' (got 'weighted'). You may use labels=[pos_label] to specify a single positive class.
  warnings.warn(

2025-07-01 11:41:10,160:WARNING:C:\Users\fares\anaconda3\envs\pycaret-env\Lib\site-packages\sklearn\metrics\_classification.py:1561: UserWarning: Note that pos_label (set to 'yes') is ignored when average != 'binary' (got 'weighted'). You may use labels=[pos_label] to specify a single positive class.
  warnings.warn(

2025-07-01 11:41:10,173:WARNING:C:\Users\fares\anaconda3\envs\pycaret-env\Lib\site-packages\sklearn\metrics\_classification.py:1561: UserWarning: Note that pos_label (set to 'yes') is ignored when average != 'binary' (got 'weighted'). You may use labels=[pos_label] to specify a single positive class.
  warnings.warn(

2025-07-01 11:41:10,174:WARNING:C:\Users\fares\anaconda3\envs\pycaret-env\Lib\site-packages\sklearn\metrics\_classification.py:1561: UserWarning: Note that pos_label (set to 'yes') is ignored when average != 'binary' (got 'weighted'). You may use labels=[pos_label] to specify a single positive class.
  warnings.warn(

2025-07-01 11:41:10,211:INFO:Calculating mean and std
2025-07-01 11:41:10,212:INFO:Creating metrics dataframe
2025-07-01 11:41:10,215:INFO:Uploading results into container
2025-07-01 11:41:10,216:INFO:Uploading model into container now
2025-07-01 11:41:10,217:INFO:_master_model_container: 4
2025-07-01 11:41:10,217:INFO:_display_container: 2
2025-07-01 11:41:10,217:INFO:DecisionTreeClassifier(ccp_alpha=0.0, class_weight=None, criterion='gini',
                       max_depth=None, max_features=None, max_leaf_nodes=None,
                       min_impurity_decrease=0.0, min_samples_leaf=1,
                       min_samples_split=2, min_weight_fraction_leaf=0.0,
                       monotonic_cst=None, random_state=123, splitter='best')
2025-07-01 11:41:10,218:INFO:create_model() successfully completed......................................
2025-07-01 11:41:10,316:INFO:SubProcess create_model() end ==================================
2025-07-01 11:41:10,317:INFO:Creating metrics dataframe
2025-07-01 11:41:10,325:INFO:Initializing SVM - Linear Kernel
2025-07-01 11:41:10,326:INFO:Total runtime is 0.40816576878229777 minutes
2025-07-01 11:41:10,330:INFO:SubProcess create_model() called ==================================
2025-07-01 11:41:10,330:INFO:Initializing create_model()
2025-07-01 11:41:10,330:INFO:create_model(self=<pycaret.classification.oop.ClassificationExperiment object at 0x00000265F6767D10>, estimator=svm, fold=StratifiedKFold(n_splits=10, random_state=None, shuffle=False), round=4, cross_validation=True, predict=True, fit_kwargs={}, groups=None, refit=False, probability_threshold=None, experiment_custom_tags=None, verbose=False, system=False, add_to_model_list=True, metrics=None, display=<pycaret.internal.display.display.CommonDisplay object at 0x00000265F6A72510>, model_only=True, return_train_score=False, error_score=0.0, kwargs={})
2025-07-01 11:41:10,330:INFO:Checking exceptions
2025-07-01 11:41:10,330:INFO:Importing libraries
2025-07-01 11:41:10,330:INFO:Copying training dataset
2025-07-01 11:41:10,353:INFO:Defining folds
2025-07-01 11:41:10,353:INFO:Declaring metric variables
2025-07-01 11:41:10,357:INFO:Importing untrained model
2025-07-01 11:41:10,361:INFO:SVM - Linear Kernel Imported successfully
2025-07-01 11:41:10,367:INFO:Starting cross validation
2025-07-01 11:41:10,371:INFO:Cross validating with StratifiedKFold(n_splits=10, random_state=None, shuffle=False), n_jobs=-1
2025-07-01 11:41:13,414:WARNING:C:\Users\fares\anaconda3\envs\pycaret-env\Lib\site-packages\sklearn\metrics\_classification.py:1561: UserWarning: Note that pos_label (set to 'yes') is ignored when average != 'binary' (got 'weighted'). You may use labels=[pos_label] to specify a single positive class.
  warnings.warn(

2025-07-01 11:41:13,446:WARNING:C:\Users\fares\anaconda3\envs\pycaret-env\Lib\site-packages\sklearn\metrics\_classification.py:1561: UserWarning: Note that pos_label (set to 'yes') is ignored when average != 'binary' (got 'weighted'). You may use labels=[pos_label] to specify a single positive class.
  warnings.warn(

2025-07-01 11:41:13,482:WARNING:C:\Users\fares\anaconda3\envs\pycaret-env\Lib\site-packages\sklearn\metrics\_classification.py:1561: UserWarning: Note that pos_label (set to 'yes') is ignored when average != 'binary' (got 'weighted'). You may use labels=[pos_label] to specify a single positive class.
  warnings.warn(

2025-07-01 11:41:13,790:WARNING:C:\Users\fares\anaconda3\envs\pycaret-env\Lib\site-packages\sklearn\metrics\_classification.py:1561: UserWarning: Note that pos_label (set to 'yes') is ignored when average != 'binary' (got 'weighted'). You may use labels=[pos_label] to specify a single positive class.
  warnings.warn(

2025-07-01 11:41:13,819:WARNING:C:\Users\fares\anaconda3\envs\pycaret-env\Lib\site-packages\sklearn\metrics\_classification.py:1561: UserWarning: Note that pos_label (set to 'yes') is ignored when average != 'binary' (got 'weighted'). You may use labels=[pos_label] to specify a single positive class.
  warnings.warn(

2025-07-01 11:41:13,850:WARNING:C:\Users\fares\anaconda3\envs\pycaret-env\Lib\site-packages\sklearn\metrics\_classification.py:1561: UserWarning: Note that pos_label (set to 'yes') is ignored when average != 'binary' (got 'weighted'). You may use labels=[pos_label] to specify a single positive class.
  warnings.warn(

2025-07-01 11:41:13,851:WARNING:C:\Users\fares\anaconda3\envs\pycaret-env\Lib\site-packages\sklearn\metrics\_classification.py:1561: UserWarning: Note that pos_label (set to 'yes') is ignored when average != 'binary' (got 'weighted'). You may use labels=[pos_label] to specify a single positive class.
  warnings.warn(

2025-07-01 11:41:13,879:WARNING:C:\Users\fares\anaconda3\envs\pycaret-env\Lib\site-packages\sklearn\metrics\_classification.py:1561: UserWarning: Note that pos_label (set to 'yes') is ignored when average != 'binary' (got 'weighted'). You may use labels=[pos_label] to specify a single positive class.
  warnings.warn(

2025-07-01 11:41:13,882:WARNING:C:\Users\fares\anaconda3\envs\pycaret-env\Lib\site-packages\sklearn\metrics\_classification.py:1561: UserWarning: Note that pos_label (set to 'yes') is ignored when average != 'binary' (got 'weighted'). You may use labels=[pos_label] to specify a single positive class.
  warnings.warn(

2025-07-01 11:41:13,913:WARNING:C:\Users\fares\anaconda3\envs\pycaret-env\Lib\site-packages\sklearn\metrics\_classification.py:1561: UserWarning: Note that pos_label (set to 'yes') is ignored when average != 'binary' (got 'weighted'). You may use labels=[pos_label] to specify a single positive class.
  warnings.warn(

2025-07-01 11:41:13,913:WARNING:C:\Users\fares\anaconda3\envs\pycaret-env\Lib\site-packages\sklearn\metrics\_classification.py:1561: UserWarning: Note that pos_label (set to 'yes') is ignored when average != 'binary' (got 'weighted'). You may use labels=[pos_label] to specify a single positive class.
  warnings.warn(

2025-07-01 11:41:13,946:WARNING:C:\Users\fares\anaconda3\envs\pycaret-env\Lib\site-packages\sklearn\metrics\_classification.py:1561: UserWarning: Note that pos_label (set to 'yes') is ignored when average != 'binary' (got 'weighted'). You may use labels=[pos_label] to specify a single positive class.
  warnings.warn(

2025-07-01 11:41:13,984:WARNING:C:\Users\fares\anaconda3\envs\pycaret-env\Lib\site-packages\sklearn\metrics\_classification.py:1561: UserWarning: Note that pos_label (set to 'yes') is ignored when average != 'binary' (got 'weighted'). You may use labels=[pos_label] to specify a single positive class.
  warnings.warn(

2025-07-01 11:41:14,015:WARNING:C:\Users\fares\anaconda3\envs\pycaret-env\Lib\site-packages\sklearn\metrics\_classification.py:1561: UserWarning: Note that pos_label (set to 'yes') is ignored when average != 'binary' (got 'weighted'). You may use labels=[pos_label] to specify a single positive class.
  warnings.warn(

2025-07-01 11:41:14,037:WARNING:C:\Users\fares\anaconda3\envs\pycaret-env\Lib\site-packages\sklearn\metrics\_classification.py:1561: UserWarning: Note that pos_label (set to 'yes') is ignored when average != 'binary' (got 'weighted'). You may use labels=[pos_label] to specify a single positive class.
  warnings.warn(

2025-07-01 11:41:14,246:WARNING:C:\Users\fares\anaconda3\envs\pycaret-env\Lib\site-packages\sklearn\metrics\_classification.py:1561: UserWarning: Note that pos_label (set to 'yes') is ignored when average != 'binary' (got 'weighted'). You may use labels=[pos_label] to specify a single positive class.
  warnings.warn(

2025-07-01 11:41:14,272:WARNING:C:\Users\fares\anaconda3\envs\pycaret-env\Lib\site-packages\sklearn\metrics\_classification.py:1561: UserWarning: Note that pos_label (set to 'yes') is ignored when average != 'binary' (got 'weighted'). You may use labels=[pos_label] to specify a single positive class.
  warnings.warn(

2025-07-01 11:41:14,304:WARNING:C:\Users\fares\anaconda3\envs\pycaret-env\Lib\site-packages\sklearn\metrics\_classification.py:1561: UserWarning: Note that pos_label (set to 'yes') is ignored when average != 'binary' (got 'weighted'). You may use labels=[pos_label] to specify a single positive class.
  warnings.warn(

2025-07-01 11:41:14,333:WARNING:C:\Users\fares\anaconda3\envs\pycaret-env\Lib\site-packages\sklearn\metrics\_classification.py:1561: UserWarning: Note that pos_label (set to 'yes') is ignored when average != 'binary' (got 'weighted'). You may use labels=[pos_label] to specify a single positive class.
  warnings.warn(

2025-07-01 11:41:14,361:WARNING:C:\Users\fares\anaconda3\envs\pycaret-env\Lib\site-packages\sklearn\metrics\_classification.py:1561: UserWarning: Note that pos_label (set to 'yes') is ignored when average != 'binary' (got 'weighted'). You may use labels=[pos_label] to specify a single positive class.
  warnings.warn(

2025-07-01 11:41:14,384:WARNING:C:\Users\fares\anaconda3\envs\pycaret-env\Lib\site-packages\sklearn\metrics\_classification.py:1561: UserWarning: Note that pos_label (set to 'yes') is ignored when average != 'binary' (got 'weighted'). You may use labels=[pos_label] to specify a single positive class.
  warnings.warn(

2025-07-01 11:41:14,435:WARNING:C:\Users\fares\anaconda3\envs\pycaret-env\Lib\site-packages\sklearn\metrics\_classification.py:1561: UserWarning: Note that pos_label (set to 'yes') is ignored when average != 'binary' (got 'weighted'). You may use labels=[pos_label] to specify a single positive class.
  warnings.warn(

2025-07-01 11:41:14,458:WARNING:C:\Users\fares\anaconda3\envs\pycaret-env\Lib\site-packages\sklearn\metrics\_classification.py:1561: UserWarning: Note that pos_label (set to 'yes') is ignored when average != 'binary' (got 'weighted'). You may use labels=[pos_label] to specify a single positive class.
  warnings.warn(

2025-07-01 11:41:14,480:WARNING:C:\Users\fares\anaconda3\envs\pycaret-env\Lib\site-packages\sklearn\metrics\_classification.py:1561: UserWarning: Note that pos_label (set to 'yes') is ignored when average != 'binary' (got 'weighted'). You may use labels=[pos_label] to specify a single positive class.
  warnings.warn(

2025-07-01 11:41:14,517:WARNING:C:\Users\fares\anaconda3\envs\pycaret-env\Lib\site-packages\sklearn\metrics\_classification.py:1561: UserWarning: Note that pos_label (set to 'yes') is ignored when average != 'binary' (got 'weighted'). You may use labels=[pos_label] to specify a single positive class.
  warnings.warn(

2025-07-01 11:41:14,543:WARNING:C:\Users\fares\anaconda3\envs\pycaret-env\Lib\site-packages\sklearn\metrics\_classification.py:1561: UserWarning: Note that pos_label (set to 'yes') is ignored when average != 'binary' (got 'weighted'). You may use labels=[pos_label] to specify a single positive class.
  warnings.warn(

2025-07-01 11:41:14,570:WARNING:C:\Users\fares\anaconda3\envs\pycaret-env\Lib\site-packages\sklearn\metrics\_classification.py:1561: UserWarning: Note that pos_label (set to 'yes') is ignored when average != 'binary' (got 'weighted'). You may use labels=[pos_label] to specify a single positive class.
  warnings.warn(

2025-07-01 11:41:14,655:WARNING:C:\Users\fares\anaconda3\envs\pycaret-env\Lib\site-packages\sklearn\metrics\_classification.py:1561: UserWarning: Note that pos_label (set to 'yes') is ignored when average != 'binary' (got 'weighted'). You may use labels=[pos_label] to specify a single positive class.
  warnings.warn(

2025-07-01 11:41:14,674:WARNING:C:\Users\fares\anaconda3\envs\pycaret-env\Lib\site-packages\sklearn\metrics\_classification.py:1561: UserWarning: Note that pos_label (set to 'yes') is ignored when average != 'binary' (got 'weighted'). You may use labels=[pos_label] to specify a single positive class.
  warnings.warn(

2025-07-01 11:41:14,695:WARNING:C:\Users\fares\anaconda3\envs\pycaret-env\Lib\site-packages\sklearn\metrics\_classification.py:1561: UserWarning: Note that pos_label (set to 'yes') is ignored when average != 'binary' (got 'weighted'). You may use labels=[pos_label] to specify a single positive class.
  warnings.warn(

2025-07-01 11:41:14,729:INFO:Calculating mean and std
2025-07-01 11:41:14,731:INFO:Creating metrics dataframe
2025-07-01 11:41:14,734:INFO:Uploading results into container
2025-07-01 11:41:14,734:INFO:Uploading model into container now
2025-07-01 11:41:14,735:INFO:_master_model_container: 5
2025-07-01 11:41:14,735:INFO:_display_container: 2
2025-07-01 11:41:14,735:INFO:SGDClassifier(alpha=0.0001, average=False, class_weight=None,
              early_stopping=False, epsilon=0.1, eta0=0.001, fit_intercept=True,
              l1_ratio=0.15, learning_rate='optimal', loss='hinge',
              max_iter=1000, n_iter_no_change=5, n_jobs=-1, penalty='l2',
              power_t=0.5, random_state=123, shuffle=True, tol=0.001,
              validation_fraction=0.1, verbose=0, warm_start=False)
2025-07-01 11:41:14,735:INFO:create_model() successfully completed......................................
2025-07-01 11:41:14,830:INFO:SubProcess create_model() end ==================================
2025-07-01 11:41:14,830:INFO:Creating metrics dataframe
2025-07-01 11:41:14,837:INFO:Initializing Ridge Classifier
2025-07-01 11:41:14,837:INFO:Total runtime is 0.48334778944651285 minutes
2025-07-01 11:41:14,841:INFO:SubProcess create_model() called ==================================
2025-07-01 11:41:14,841:INFO:Initializing create_model()
2025-07-01 11:41:14,842:INFO:create_model(self=<pycaret.classification.oop.ClassificationExperiment object at 0x00000265F6767D10>, estimator=ridge, fold=StratifiedKFold(n_splits=10, random_state=None, shuffle=False), round=4, cross_validation=True, predict=True, fit_kwargs={}, groups=None, refit=False, probability_threshold=None, experiment_custom_tags=None, verbose=False, system=False, add_to_model_list=True, metrics=None, display=<pycaret.internal.display.display.CommonDisplay object at 0x00000265F6A72510>, model_only=True, return_train_score=False, error_score=0.0, kwargs={})
2025-07-01 11:41:14,842:INFO:Checking exceptions
2025-07-01 11:41:14,842:INFO:Importing libraries
2025-07-01 11:41:14,842:INFO:Copying training dataset
2025-07-01 11:41:14,861:INFO:Defining folds
2025-07-01 11:41:14,862:INFO:Declaring metric variables
2025-07-01 11:41:14,865:INFO:Importing untrained model
2025-07-01 11:41:14,868:INFO:Ridge Classifier Imported successfully
2025-07-01 11:41:14,872:INFO:Starting cross validation
2025-07-01 11:41:14,879:INFO:Cross validating with StratifiedKFold(n_splits=10, random_state=None, shuffle=False), n_jobs=-1
2025-07-01 11:41:16,003:WARNING:C:\Users\fares\anaconda3\envs\pycaret-env\Lib\site-packages\sklearn\metrics\_classification.py:1561: UserWarning: Note that pos_label (set to 'yes') is ignored when average != 'binary' (got 'weighted'). You may use labels=[pos_label] to specify a single positive class.
  warnings.warn(

2025-07-01 11:41:16,022:WARNING:C:\Users\fares\anaconda3\envs\pycaret-env\Lib\site-packages\sklearn\metrics\_classification.py:1561: UserWarning: Note that pos_label (set to 'yes') is ignored when average != 'binary' (got 'weighted'). You may use labels=[pos_label] to specify a single positive class.
  warnings.warn(

2025-07-01 11:41:16,025:WARNING:C:\Users\fares\anaconda3\envs\pycaret-env\Lib\site-packages\sklearn\metrics\_classification.py:1561: UserWarning: Note that pos_label (set to 'yes') is ignored when average != 'binary' (got 'weighted'). You may use labels=[pos_label] to specify a single positive class.
  warnings.warn(

2025-07-01 11:41:16,036:WARNING:C:\Users\fares\anaconda3\envs\pycaret-env\Lib\site-packages\sklearn\metrics\_classification.py:1561: UserWarning: Note that pos_label (set to 'yes') is ignored when average != 'binary' (got 'weighted'). You may use labels=[pos_label] to specify a single positive class.
  warnings.warn(

2025-07-01 11:41:16,053:WARNING:C:\Users\fares\anaconda3\envs\pycaret-env\Lib\site-packages\sklearn\metrics\_classification.py:1561: UserWarning: Note that pos_label (set to 'yes') is ignored when average != 'binary' (got 'weighted'). You may use labels=[pos_label] to specify a single positive class.
  warnings.warn(

2025-07-01 11:41:16,053:WARNING:C:\Users\fares\anaconda3\envs\pycaret-env\Lib\site-packages\sklearn\metrics\_classification.py:1561: UserWarning: Note that pos_label (set to 'yes') is ignored when average != 'binary' (got 'weighted'). You may use labels=[pos_label] to specify a single positive class.
  warnings.warn(

2025-07-01 11:41:16,060:WARNING:C:\Users\fares\anaconda3\envs\pycaret-env\Lib\site-packages\sklearn\metrics\_classification.py:1561: UserWarning: Note that pos_label (set to 'yes') is ignored when average != 'binary' (got 'weighted'). You may use labels=[pos_label] to specify a single positive class.
  warnings.warn(

2025-07-01 11:41:16,063:WARNING:C:\Users\fares\anaconda3\envs\pycaret-env\Lib\site-packages\sklearn\metrics\_classification.py:1561: UserWarning: Note that pos_label (set to 'yes') is ignored when average != 'binary' (got 'weighted'). You may use labels=[pos_label] to specify a single positive class.
  warnings.warn(

2025-07-01 11:41:16,063:WARNING:C:\Users\fares\anaconda3\envs\pycaret-env\Lib\site-packages\sklearn\metrics\_classification.py:1561: UserWarning: Note that pos_label (set to 'yes') is ignored when average != 'binary' (got 'weighted'). You may use labels=[pos_label] to specify a single positive class.
  warnings.warn(

2025-07-01 11:41:16,072:WARNING:C:\Users\fares\anaconda3\envs\pycaret-env\Lib\site-packages\sklearn\metrics\_classification.py:1561: UserWarning: Note that pos_label (set to 'yes') is ignored when average != 'binary' (got 'weighted'). You may use labels=[pos_label] to specify a single positive class.
  warnings.warn(

2025-07-01 11:41:16,082:WARNING:C:\Users\fares\anaconda3\envs\pycaret-env\Lib\site-packages\sklearn\metrics\_classification.py:1561: UserWarning: Note that pos_label (set to 'yes') is ignored when average != 'binary' (got 'weighted'). You may use labels=[pos_label] to specify a single positive class.
  warnings.warn(

2025-07-01 11:41:16,083:WARNING:C:\Users\fares\anaconda3\envs\pycaret-env\Lib\site-packages\sklearn\metrics\_classification.py:1561: UserWarning: Note that pos_label (set to 'yes') is ignored when average != 'binary' (got 'weighted'). You may use labels=[pos_label] to specify a single positive class.
  warnings.warn(

2025-07-01 11:41:16,084:WARNING:C:\Users\fares\anaconda3\envs\pycaret-env\Lib\site-packages\sklearn\metrics\_classification.py:1561: UserWarning: Note that pos_label (set to 'yes') is ignored when average != 'binary' (got 'weighted'). You may use labels=[pos_label] to specify a single positive class.
  warnings.warn(

2025-07-01 11:41:16,087:WARNING:C:\Users\fares\anaconda3\envs\pycaret-env\Lib\site-packages\sklearn\metrics\_classification.py:1561: UserWarning: Note that pos_label (set to 'yes') is ignored when average != 'binary' (got 'weighted'). You may use labels=[pos_label] to specify a single positive class.
  warnings.warn(

2025-07-01 11:41:16,087:WARNING:C:\Users\fares\anaconda3\envs\pycaret-env\Lib\site-packages\sklearn\metrics\_classification.py:1561: UserWarning: Note that pos_label (set to 'yes') is ignored when average != 'binary' (got 'weighted'). You may use labels=[pos_label] to specify a single positive class.
  warnings.warn(

2025-07-01 11:41:16,089:WARNING:C:\Users\fares\anaconda3\envs\pycaret-env\Lib\site-packages\sklearn\metrics\_classification.py:1561: UserWarning: Note that pos_label (set to 'yes') is ignored when average != 'binary' (got 'weighted'). You may use labels=[pos_label] to specify a single positive class.
  warnings.warn(

2025-07-01 11:41:16,100:WARNING:C:\Users\fares\anaconda3\envs\pycaret-env\Lib\site-packages\sklearn\metrics\_classification.py:1561: UserWarning: Note that pos_label (set to 'yes') is ignored when average != 'binary' (got 'weighted'). You may use labels=[pos_label] to specify a single positive class.
  warnings.warn(

2025-07-01 11:41:16,107:WARNING:C:\Users\fares\anaconda3\envs\pycaret-env\Lib\site-packages\sklearn\metrics\_classification.py:1561: UserWarning: Note that pos_label (set to 'yes') is ignored when average != 'binary' (got 'weighted'). You may use labels=[pos_label] to specify a single positive class.
  warnings.warn(

2025-07-01 11:41:16,114:WARNING:C:\Users\fares\anaconda3\envs\pycaret-env\Lib\site-packages\sklearn\metrics\_classification.py:1561: UserWarning: Note that pos_label (set to 'yes') is ignored when average != 'binary' (got 'weighted'). You may use labels=[pos_label] to specify a single positive class.
  warnings.warn(

2025-07-01 11:41:16,119:WARNING:C:\Users\fares\anaconda3\envs\pycaret-env\Lib\site-packages\sklearn\metrics\_classification.py:1561: UserWarning: Note that pos_label (set to 'yes') is ignored when average != 'binary' (got 'weighted'). You may use labels=[pos_label] to specify a single positive class.
  warnings.warn(

2025-07-01 11:41:16,119:WARNING:C:\Users\fares\anaconda3\envs\pycaret-env\Lib\site-packages\sklearn\metrics\_classification.py:1561: UserWarning: Note that pos_label (set to 'yes') is ignored when average != 'binary' (got 'weighted'). You may use labels=[pos_label] to specify a single positive class.
  warnings.warn(

2025-07-01 11:41:16,120:WARNING:C:\Users\fares\anaconda3\envs\pycaret-env\Lib\site-packages\sklearn\metrics\_classification.py:1561: UserWarning: Note that pos_label (set to 'yes') is ignored when average != 'binary' (got 'weighted'). You may use labels=[pos_label] to specify a single positive class.
  warnings.warn(

2025-07-01 11:41:16,132:WARNING:C:\Users\fares\anaconda3\envs\pycaret-env\Lib\site-packages\sklearn\metrics\_classification.py:1561: UserWarning: Note that pos_label (set to 'yes') is ignored when average != 'binary' (got 'weighted'). You may use labels=[pos_label] to specify a single positive class.
  warnings.warn(

2025-07-01 11:41:16,140:WARNING:C:\Users\fares\anaconda3\envs\pycaret-env\Lib\site-packages\sklearn\metrics\_classification.py:1561: UserWarning: Note that pos_label (set to 'yes') is ignored when average != 'binary' (got 'weighted'). You may use labels=[pos_label] to specify a single positive class.
  warnings.warn(

2025-07-01 11:41:16,141:WARNING:C:\Users\fares\anaconda3\envs\pycaret-env\Lib\site-packages\sklearn\metrics\_classification.py:1561: UserWarning: Note that pos_label (set to 'yes') is ignored when average != 'binary' (got 'weighted'). You may use labels=[pos_label] to specify a single positive class.
  warnings.warn(

2025-07-01 11:41:16,142:WARNING:C:\Users\fares\anaconda3\envs\pycaret-env\Lib\site-packages\sklearn\metrics\_classification.py:1561: UserWarning: Note that pos_label (set to 'yes') is ignored when average != 'binary' (got 'weighted'). You may use labels=[pos_label] to specify a single positive class.
  warnings.warn(

2025-07-01 11:41:16,146:WARNING:C:\Users\fares\anaconda3\envs\pycaret-env\Lib\site-packages\sklearn\metrics\_classification.py:1561: UserWarning: Note that pos_label (set to 'yes') is ignored when average != 'binary' (got 'weighted'). You may use labels=[pos_label] to specify a single positive class.
  warnings.warn(

2025-07-01 11:41:16,167:WARNING:C:\Users\fares\anaconda3\envs\pycaret-env\Lib\site-packages\sklearn\metrics\_classification.py:1561: UserWarning: Note that pos_label (set to 'yes') is ignored when average != 'binary' (got 'weighted'). You may use labels=[pos_label] to specify a single positive class.
  warnings.warn(

2025-07-01 11:41:16,174:WARNING:C:\Users\fares\anaconda3\envs\pycaret-env\Lib\site-packages\sklearn\metrics\_classification.py:1561: UserWarning: Note that pos_label (set to 'yes') is ignored when average != 'binary' (got 'weighted'). You may use labels=[pos_label] to specify a single positive class.
  warnings.warn(

2025-07-01 11:41:16,219:INFO:Calculating mean and std
2025-07-01 11:41:16,221:INFO:Creating metrics dataframe
2025-07-01 11:41:16,224:INFO:Uploading results into container
2025-07-01 11:41:16,225:INFO:Uploading model into container now
2025-07-01 11:41:16,225:INFO:_master_model_container: 6
2025-07-01 11:41:16,226:INFO:_display_container: 2
2025-07-01 11:41:16,226:INFO:RidgeClassifier(alpha=1.0, class_weight=None, copy_X=True, fit_intercept=True,
                max_iter=None, positive=False, random_state=123, solver='auto',
                tol=0.0001)
2025-07-01 11:41:16,226:INFO:create_model() successfully completed......................................
2025-07-01 11:41:16,325:INFO:SubProcess create_model() end ==================================
2025-07-01 11:41:16,325:INFO:Creating metrics dataframe
2025-07-01 11:41:16,334:INFO:Initializing Random Forest Classifier
2025-07-01 11:41:16,335:INFO:Total runtime is 0.508317764600118 minutes
2025-07-01 11:41:16,339:INFO:SubProcess create_model() called ==================================
2025-07-01 11:41:16,339:INFO:Initializing create_model()
2025-07-01 11:41:16,340:INFO:create_model(self=<pycaret.classification.oop.ClassificationExperiment object at 0x00000265F6767D10>, estimator=rf, fold=StratifiedKFold(n_splits=10, random_state=None, shuffle=False), round=4, cross_validation=True, predict=True, fit_kwargs={}, groups=None, refit=False, probability_threshold=None, experiment_custom_tags=None, verbose=False, system=False, add_to_model_list=True, metrics=None, display=<pycaret.internal.display.display.CommonDisplay object at 0x00000265F6A72510>, model_only=True, return_train_score=False, error_score=0.0, kwargs={})
2025-07-01 11:41:16,340:INFO:Checking exceptions
2025-07-01 11:41:16,340:INFO:Importing libraries
2025-07-01 11:41:16,340:INFO:Copying training dataset
2025-07-01 11:41:16,363:INFO:Defining folds
2025-07-01 11:41:16,363:INFO:Declaring metric variables
2025-07-01 11:41:16,368:INFO:Importing untrained model
2025-07-01 11:41:16,373:INFO:Random Forest Classifier Imported successfully
2025-07-01 11:41:16,381:INFO:Starting cross validation
2025-07-01 11:41:16,385:INFO:Cross validating with StratifiedKFold(n_splits=10, random_state=None, shuffle=False), n_jobs=-1
2025-07-01 11:41:20,565:WARNING:C:\Users\fares\anaconda3\envs\pycaret-env\Lib\site-packages\sklearn\metrics\_classification.py:1561: UserWarning: Note that pos_label (set to 'yes') is ignored when average != 'binary' (got 'weighted'). You may use labels=[pos_label] to specify a single positive class.
  warnings.warn(

2025-07-01 11:41:20,591:WARNING:C:\Users\fares\anaconda3\envs\pycaret-env\Lib\site-packages\sklearn\metrics\_classification.py:1561: UserWarning: Note that pos_label (set to 'yes') is ignored when average != 'binary' (got 'weighted'). You may use labels=[pos_label] to specify a single positive class.
  warnings.warn(

2025-07-01 11:41:20,593:WARNING:C:\Users\fares\anaconda3\envs\pycaret-env\Lib\site-packages\sklearn\metrics\_classification.py:1561: UserWarning: Note that pos_label (set to 'yes') is ignored when average != 'binary' (got 'weighted'). You may use labels=[pos_label] to specify a single positive class.
  warnings.warn(

2025-07-01 11:41:20,611:WARNING:C:\Users\fares\anaconda3\envs\pycaret-env\Lib\site-packages\sklearn\metrics\_classification.py:1561: UserWarning: Note that pos_label (set to 'yes') is ignored when average != 'binary' (got 'weighted'). You may use labels=[pos_label] to specify a single positive class.
  warnings.warn(

2025-07-01 11:41:20,631:WARNING:C:\Users\fares\anaconda3\envs\pycaret-env\Lib\site-packages\sklearn\metrics\_classification.py:1561: UserWarning: Note that pos_label (set to 'yes') is ignored when average != 'binary' (got 'weighted'). You may use labels=[pos_label] to specify a single positive class.
  warnings.warn(

2025-07-01 11:41:20,633:WARNING:C:\Users\fares\anaconda3\envs\pycaret-env\Lib\site-packages\sklearn\metrics\_classification.py:1561: UserWarning: Note that pos_label (set to 'yes') is ignored when average != 'binary' (got 'weighted'). You may use labels=[pos_label] to specify a single positive class.
  warnings.warn(

2025-07-01 11:41:20,633:WARNING:C:\Users\fares\anaconda3\envs\pycaret-env\Lib\site-packages\sklearn\metrics\_classification.py:1561: UserWarning: Note that pos_label (set to 'yes') is ignored when average != 'binary' (got 'weighted'). You may use labels=[pos_label] to specify a single positive class.
  warnings.warn(

2025-07-01 11:41:20,649:WARNING:C:\Users\fares\anaconda3\envs\pycaret-env\Lib\site-packages\sklearn\metrics\_classification.py:1561: UserWarning: Note that pos_label (set to 'yes') is ignored when average != 'binary' (got 'weighted'). You may use labels=[pos_label] to specify a single positive class.
  warnings.warn(

2025-07-01 11:41:20,667:WARNING:C:\Users\fares\anaconda3\envs\pycaret-env\Lib\site-packages\sklearn\metrics\_classification.py:1561: UserWarning: Note that pos_label (set to 'yes') is ignored when average != 'binary' (got 'weighted'). You may use labels=[pos_label] to specify a single positive class.
  warnings.warn(

2025-07-01 11:41:20,673:WARNING:C:\Users\fares\anaconda3\envs\pycaret-env\Lib\site-packages\sklearn\metrics\_classification.py:1561: UserWarning: Note that pos_label (set to 'yes') is ignored when average != 'binary' (got 'weighted'). You may use labels=[pos_label] to specify a single positive class.
  warnings.warn(

2025-07-01 11:41:20,680:WARNING:C:\Users\fares\anaconda3\envs\pycaret-env\Lib\site-packages\sklearn\metrics\_classification.py:1561: UserWarning: Note that pos_label (set to 'yes') is ignored when average != 'binary' (got 'weighted'). You may use labels=[pos_label] to specify a single positive class.
  warnings.warn(

2025-07-01 11:41:20,699:WARNING:C:\Users\fares\anaconda3\envs\pycaret-env\Lib\site-packages\sklearn\metrics\_classification.py:1561: UserWarning: Note that pos_label (set to 'yes') is ignored when average != 'binary' (got 'weighted'). You may use labels=[pos_label] to specify a single positive class.
  warnings.warn(

2025-07-01 11:41:20,704:WARNING:C:\Users\fares\anaconda3\envs\pycaret-env\Lib\site-packages\sklearn\metrics\_classification.py:1561: UserWarning: Note that pos_label (set to 'yes') is ignored when average != 'binary' (got 'weighted'). You may use labels=[pos_label] to specify a single positive class.
  warnings.warn(

2025-07-01 11:41:20,714:WARNING:C:\Users\fares\anaconda3\envs\pycaret-env\Lib\site-packages\sklearn\metrics\_classification.py:1561: UserWarning: Note that pos_label (set to 'yes') is ignored when average != 'binary' (got 'weighted'). You may use labels=[pos_label] to specify a single positive class.
  warnings.warn(

2025-07-01 11:41:20,720:WARNING:C:\Users\fares\anaconda3\envs\pycaret-env\Lib\site-packages\sklearn\metrics\_classification.py:1561: UserWarning: Note that pos_label (set to 'yes') is ignored when average != 'binary' (got 'weighted'). You may use labels=[pos_label] to specify a single positive class.
  warnings.warn(

2025-07-01 11:41:20,722:WARNING:C:\Users\fares\anaconda3\envs\pycaret-env\Lib\site-packages\sklearn\metrics\_classification.py:1561: UserWarning: Note that pos_label (set to 'yes') is ignored when average != 'binary' (got 'weighted'). You may use labels=[pos_label] to specify a single positive class.
  warnings.warn(

2025-07-01 11:41:20,723:WARNING:C:\Users\fares\anaconda3\envs\pycaret-env\Lib\site-packages\sklearn\metrics\_classification.py:1561: UserWarning: Note that pos_label (set to 'yes') is ignored when average != 'binary' (got 'weighted'). You may use labels=[pos_label] to specify a single positive class.
  warnings.warn(

2025-07-01 11:41:20,736:WARNING:C:\Users\fares\anaconda3\envs\pycaret-env\Lib\site-packages\sklearn\metrics\_classification.py:1561: UserWarning: Note that pos_label (set to 'yes') is ignored when average != 'binary' (got 'weighted'). You may use labels=[pos_label] to specify a single positive class.
  warnings.warn(

2025-07-01 11:41:20,742:WARNING:C:\Users\fares\anaconda3\envs\pycaret-env\Lib\site-packages\sklearn\metrics\_classification.py:1561: UserWarning: Note that pos_label (set to 'yes') is ignored when average != 'binary' (got 'weighted'). You may use labels=[pos_label] to specify a single positive class.
  warnings.warn(

2025-07-01 11:41:20,742:WARNING:C:\Users\fares\anaconda3\envs\pycaret-env\Lib\site-packages\sklearn\metrics\_classification.py:1561: UserWarning: Note that pos_label (set to 'yes') is ignored when average != 'binary' (got 'weighted'). You may use labels=[pos_label] to specify a single positive class.
  warnings.warn(

2025-07-01 11:41:20,753:WARNING:C:\Users\fares\anaconda3\envs\pycaret-env\Lib\site-packages\sklearn\metrics\_classification.py:1561: UserWarning: Note that pos_label (set to 'yes') is ignored when average != 'binary' (got 'weighted'). You may use labels=[pos_label] to specify a single positive class.
  warnings.warn(

2025-07-01 11:41:20,757:WARNING:C:\Users\fares\anaconda3\envs\pycaret-env\Lib\site-packages\sklearn\metrics\_classification.py:1561: UserWarning: Note that pos_label (set to 'yes') is ignored when average != 'binary' (got 'weighted'). You may use labels=[pos_label] to specify a single positive class.
  warnings.warn(

2025-07-01 11:41:20,758:WARNING:C:\Users\fares\anaconda3\envs\pycaret-env\Lib\site-packages\sklearn\metrics\_classification.py:1561: UserWarning: Note that pos_label (set to 'yes') is ignored when average != 'binary' (got 'weighted'). You may use labels=[pos_label] to specify a single positive class.
  warnings.warn(

2025-07-01 11:41:20,770:WARNING:C:\Users\fares\anaconda3\envs\pycaret-env\Lib\site-packages\sklearn\metrics\_classification.py:1561: UserWarning: Note that pos_label (set to 'yes') is ignored when average != 'binary' (got 'weighted'). You may use labels=[pos_label] to specify a single positive class.
  warnings.warn(

2025-07-01 11:41:20,778:WARNING:C:\Users\fares\anaconda3\envs\pycaret-env\Lib\site-packages\sklearn\metrics\_classification.py:1561: UserWarning: Note that pos_label (set to 'yes') is ignored when average != 'binary' (got 'weighted'). You may use labels=[pos_label] to specify a single positive class.
  warnings.warn(

2025-07-01 11:41:20,779:WARNING:C:\Users\fares\anaconda3\envs\pycaret-env\Lib\site-packages\sklearn\metrics\_classification.py:1561: UserWarning: Note that pos_label (set to 'yes') is ignored when average != 'binary' (got 'weighted'). You may use labels=[pos_label] to specify a single positive class.
  warnings.warn(

2025-07-01 11:41:20,790:WARNING:C:\Users\fares\anaconda3\envs\pycaret-env\Lib\site-packages\sklearn\metrics\_classification.py:1561: UserWarning: Note that pos_label (set to 'yes') is ignored when average != 'binary' (got 'weighted'). You may use labels=[pos_label] to specify a single positive class.
  warnings.warn(

2025-07-01 11:41:20,790:WARNING:C:\Users\fares\anaconda3\envs\pycaret-env\Lib\site-packages\sklearn\metrics\_classification.py:1561: UserWarning: Note that pos_label (set to 'yes') is ignored when average != 'binary' (got 'weighted'). You may use labels=[pos_label] to specify a single positive class.
  warnings.warn(

2025-07-01 11:41:20,794:WARNING:C:\Users\fares\anaconda3\envs\pycaret-env\Lib\site-packages\sklearn\metrics\_classification.py:1561: UserWarning: Note that pos_label (set to 'yes') is ignored when average != 'binary' (got 'weighted'). You may use labels=[pos_label] to specify a single positive class.
  warnings.warn(

2025-07-01 11:41:20,816:WARNING:C:\Users\fares\anaconda3\envs\pycaret-env\Lib\site-packages\sklearn\metrics\_classification.py:1561: UserWarning: Note that pos_label (set to 'yes') is ignored when average != 'binary' (got 'weighted'). You may use labels=[pos_label] to specify a single positive class.
  warnings.warn(

2025-07-01 11:41:20,872:INFO:Calculating mean and std
2025-07-01 11:41:20,874:INFO:Creating metrics dataframe
2025-07-01 11:41:20,877:INFO:Uploading results into container
2025-07-01 11:41:20,878:INFO:Uploading model into container now
2025-07-01 11:41:20,879:INFO:_master_model_container: 7
2025-07-01 11:41:20,879:INFO:_display_container: 2
2025-07-01 11:41:20,880:INFO:RandomForestClassifier(bootstrap=True, ccp_alpha=0.0, class_weight=None,
                       criterion='gini', max_depth=None, max_features='sqrt',
                       max_leaf_nodes=None, max_samples=None,
                       min_impurity_decrease=0.0, min_samples_leaf=1,
                       min_samples_split=2, min_weight_fraction_leaf=0.0,
                       monotonic_cst=None, n_estimators=100, n_jobs=-1,
                       oob_score=False, random_state=123, verbose=0,
                       warm_start=False)
2025-07-01 11:41:20,880:INFO:create_model() successfully completed......................................
2025-07-01 11:41:20,996:INFO:SubProcess create_model() end ==================================
2025-07-01 11:41:20,997:INFO:Creating metrics dataframe
2025-07-01 11:41:21,007:INFO:Initializing Quadratic Discriminant Analysis
2025-07-01 11:41:21,008:INFO:Total runtime is 0.5861930886904398 minutes
2025-07-01 11:41:21,013:INFO:SubProcess create_model() called ==================================
2025-07-01 11:41:21,014:INFO:Initializing create_model()
2025-07-01 11:41:21,015:INFO:create_model(self=<pycaret.classification.oop.ClassificationExperiment object at 0x00000265F6767D10>, estimator=qda, fold=StratifiedKFold(n_splits=10, random_state=None, shuffle=False), round=4, cross_validation=True, predict=True, fit_kwargs={}, groups=None, refit=False, probability_threshold=None, experiment_custom_tags=None, verbose=False, system=False, add_to_model_list=True, metrics=None, display=<pycaret.internal.display.display.CommonDisplay object at 0x00000265F6A72510>, model_only=True, return_train_score=False, error_score=0.0, kwargs={})
2025-07-01 11:41:21,015:INFO:Checking exceptions
2025-07-01 11:41:21,015:INFO:Importing libraries
2025-07-01 11:41:21,015:INFO:Copying training dataset
2025-07-01 11:41:21,040:INFO:Defining folds
2025-07-01 11:41:21,040:INFO:Declaring metric variables
2025-07-01 11:41:21,044:INFO:Importing untrained model
2025-07-01 11:41:21,048:INFO:Quadratic Discriminant Analysis Imported successfully
2025-07-01 11:41:21,057:INFO:Starting cross validation
2025-07-01 11:41:21,066:INFO:Cross validating with StratifiedKFold(n_splits=10, random_state=None, shuffle=False), n_jobs=-1
2025-07-01 11:41:22,543:WARNING:C:\Users\fares\anaconda3\envs\pycaret-env\Lib\site-packages\sklearn\discriminant_analysis.py:935: UserWarning: Variables are collinear
  warnings.warn("Variables are collinear")

2025-07-01 11:41:22,546:WARNING:C:\Users\fares\anaconda3\envs\pycaret-env\Lib\site-packages\sklearn\discriminant_analysis.py:935: UserWarning: Variables are collinear
  warnings.warn("Variables are collinear")

2025-07-01 11:41:22,589:WARNING:C:\Users\fares\anaconda3\envs\pycaret-env\Lib\site-packages\sklearn\discriminant_analysis.py:935: UserWarning: Variables are collinear
  warnings.warn("Variables are collinear")

2025-07-01 11:41:22,593:WARNING:C:\Users\fares\anaconda3\envs\pycaret-env\Lib\site-packages\sklearn\discriminant_analysis.py:935: UserWarning: Variables are collinear
  warnings.warn("Variables are collinear")

2025-07-01 11:41:22,628:WARNING:C:\Users\fares\anaconda3\envs\pycaret-env\Lib\site-packages\sklearn\discriminant_analysis.py:935: UserWarning: Variables are collinear
  warnings.warn("Variables are collinear")

2025-07-01 11:41:22,654:WARNING:C:\Users\fares\anaconda3\envs\pycaret-env\Lib\site-packages\sklearn\discriminant_analysis.py:935: UserWarning: Variables are collinear
  warnings.warn("Variables are collinear")

2025-07-01 11:41:22,660:WARNING:C:\Users\fares\anaconda3\envs\pycaret-env\Lib\site-packages\sklearn\discriminant_analysis.py:935: UserWarning: Variables are collinear
  warnings.warn("Variables are collinear")

2025-07-01 11:41:22,683:WARNING:C:\Users\fares\anaconda3\envs\pycaret-env\Lib\site-packages\sklearn\discriminant_analysis.py:935: UserWarning: Variables are collinear
  warnings.warn("Variables are collinear")

2025-07-01 11:41:22,687:WARNING:C:\Users\fares\anaconda3\envs\pycaret-env\Lib\site-packages\sklearn\discriminant_analysis.py:935: UserWarning: Variables are collinear
  warnings.warn("Variables are collinear")

2025-07-01 11:41:22,688:WARNING:C:\Users\fares\anaconda3\envs\pycaret-env\Lib\site-packages\sklearn\discriminant_analysis.py:935: UserWarning: Variables are collinear
  warnings.warn("Variables are collinear")

2025-07-01 11:41:22,804:WARNING:C:\Users\fares\anaconda3\envs\pycaret-env\Lib\site-packages\sklearn\metrics\_classification.py:1561: UserWarning: Note that pos_label (set to 'yes') is ignored when average != 'binary' (got 'weighted'). You may use labels=[pos_label] to specify a single positive class.
  warnings.warn(

2025-07-01 11:41:22,805:WARNING:C:\Users\fares\anaconda3\envs\pycaret-env\Lib\site-packages\sklearn\metrics\_classification.py:1561: UserWarning: Note that pos_label (set to 'yes') is ignored when average != 'binary' (got 'weighted'). You may use labels=[pos_label] to specify a single positive class.
  warnings.warn(

2025-07-01 11:41:22,821:WARNING:C:\Users\fares\anaconda3\envs\pycaret-env\Lib\site-packages\sklearn\metrics\_classification.py:1561: UserWarning: Note that pos_label (set to 'yes') is ignored when average != 'binary' (got 'weighted'). You may use labels=[pos_label] to specify a single positive class.
  warnings.warn(

2025-07-01 11:41:22,825:WARNING:C:\Users\fares\anaconda3\envs\pycaret-env\Lib\site-packages\sklearn\metrics\_classification.py:1561: UserWarning: Note that pos_label (set to 'yes') is ignored when average != 'binary' (got 'weighted'). You may use labels=[pos_label] to specify a single positive class.
  warnings.warn(

2025-07-01 11:41:22,834:WARNING:C:\Users\fares\anaconda3\envs\pycaret-env\Lib\site-packages\sklearn\metrics\_classification.py:1561: UserWarning: Note that pos_label (set to 'yes') is ignored when average != 'binary' (got 'weighted'). You may use labels=[pos_label] to specify a single positive class.
  warnings.warn(

2025-07-01 11:41:22,835:WARNING:C:\Users\fares\anaconda3\envs\pycaret-env\Lib\site-packages\sklearn\metrics\_classification.py:1561: UserWarning: Note that pos_label (set to 'yes') is ignored when average != 'binary' (got 'weighted'). You may use labels=[pos_label] to specify a single positive class.
  warnings.warn(

2025-07-01 11:41:22,839:WARNING:C:\Users\fares\anaconda3\envs\pycaret-env\Lib\site-packages\sklearn\metrics\_classification.py:1561: UserWarning: Note that pos_label (set to 'yes') is ignored when average != 'binary' (got 'weighted'). You may use labels=[pos_label] to specify a single positive class.
  warnings.warn(

2025-07-01 11:41:22,843:WARNING:C:\Users\fares\anaconda3\envs\pycaret-env\Lib\site-packages\sklearn\metrics\_classification.py:1561: UserWarning: Note that pos_label (set to 'yes') is ignored when average != 'binary' (got 'weighted'). You may use labels=[pos_label] to specify a single positive class.
  warnings.warn(

2025-07-01 11:41:22,846:WARNING:C:\Users\fares\anaconda3\envs\pycaret-env\Lib\site-packages\sklearn\metrics\_classification.py:1561: UserWarning: Note that pos_label (set to 'yes') is ignored when average != 'binary' (got 'weighted'). You may use labels=[pos_label] to specify a single positive class.
  warnings.warn(

2025-07-01 11:41:22,852:WARNING:C:\Users\fares\anaconda3\envs\pycaret-env\Lib\site-packages\sklearn\metrics\_classification.py:1561: UserWarning: Note that pos_label (set to 'yes') is ignored when average != 'binary' (got 'weighted'). You may use labels=[pos_label] to specify a single positive class.
  warnings.warn(

2025-07-01 11:41:22,853:WARNING:C:\Users\fares\anaconda3\envs\pycaret-env\Lib\site-packages\sklearn\metrics\_classification.py:1561: UserWarning: Note that pos_label (set to 'yes') is ignored when average != 'binary' (got 'weighted'). You may use labels=[pos_label] to specify a single positive class.
  warnings.warn(

2025-07-01 11:41:22,860:WARNING:C:\Users\fares\anaconda3\envs\pycaret-env\Lib\site-packages\sklearn\metrics\_classification.py:1561: UserWarning: Note that pos_label (set to 'yes') is ignored when average != 'binary' (got 'weighted'). You may use labels=[pos_label] to specify a single positive class.
  warnings.warn(

2025-07-01 11:41:22,864:WARNING:C:\Users\fares\anaconda3\envs\pycaret-env\Lib\site-packages\sklearn\metrics\_classification.py:1561: UserWarning: Note that pos_label (set to 'yes') is ignored when average != 'binary' (got 'weighted'). You may use labels=[pos_label] to specify a single positive class.
  warnings.warn(

2025-07-01 11:41:22,864:WARNING:C:\Users\fares\anaconda3\envs\pycaret-env\Lib\site-packages\sklearn\metrics\_classification.py:1561: UserWarning: Note that pos_label (set to 'yes') is ignored when average != 'binary' (got 'weighted'). You may use labels=[pos_label] to specify a single positive class.
  warnings.warn(

2025-07-01 11:41:22,867:WARNING:C:\Users\fares\anaconda3\envs\pycaret-env\Lib\site-packages\sklearn\metrics\_classification.py:1561: UserWarning: Note that pos_label (set to 'yes') is ignored when average != 'binary' (got 'weighted'). You may use labels=[pos_label] to specify a single positive class.
  warnings.warn(

2025-07-01 11:41:22,869:WARNING:C:\Users\fares\anaconda3\envs\pycaret-env\Lib\site-packages\sklearn\metrics\_classification.py:1561: UserWarning: Note that pos_label (set to 'yes') is ignored when average != 'binary' (got 'weighted'). You may use labels=[pos_label] to specify a single positive class.
  warnings.warn(

2025-07-01 11:41:22,869:WARNING:C:\Users\fares\anaconda3\envs\pycaret-env\Lib\site-packages\sklearn\metrics\_classification.py:1561: UserWarning: Note that pos_label (set to 'yes') is ignored when average != 'binary' (got 'weighted'). You may use labels=[pos_label] to specify a single positive class.
  warnings.warn(

2025-07-01 11:41:22,876:WARNING:C:\Users\fares\anaconda3\envs\pycaret-env\Lib\site-packages\sklearn\metrics\_classification.py:1561: UserWarning: Note that pos_label (set to 'yes') is ignored when average != 'binary' (got 'weighted'). You may use labels=[pos_label] to specify a single positive class.
  warnings.warn(

2025-07-01 11:41:22,877:WARNING:C:\Users\fares\anaconda3\envs\pycaret-env\Lib\site-packages\sklearn\metrics\_classification.py:1561: UserWarning: Note that pos_label (set to 'yes') is ignored when average != 'binary' (got 'weighted'). You may use labels=[pos_label] to specify a single positive class.
  warnings.warn(

2025-07-01 11:41:22,884:WARNING:C:\Users\fares\anaconda3\envs\pycaret-env\Lib\site-packages\sklearn\metrics\_classification.py:1561: UserWarning: Note that pos_label (set to 'yes') is ignored when average != 'binary' (got 'weighted'). You may use labels=[pos_label] to specify a single positive class.
  warnings.warn(

2025-07-01 11:41:22,884:WARNING:C:\Users\fares\anaconda3\envs\pycaret-env\Lib\site-packages\sklearn\metrics\_classification.py:1561: UserWarning: Note that pos_label (set to 'yes') is ignored when average != 'binary' (got 'weighted'). You may use labels=[pos_label] to specify a single positive class.
  warnings.warn(

2025-07-01 11:41:22,885:WARNING:C:\Users\fares\anaconda3\envs\pycaret-env\Lib\site-packages\sklearn\metrics\_classification.py:1561: UserWarning: Note that pos_label (set to 'yes') is ignored when average != 'binary' (got 'weighted'). You may use labels=[pos_label] to specify a single positive class.
  warnings.warn(

2025-07-01 11:41:22,889:WARNING:C:\Users\fares\anaconda3\envs\pycaret-env\Lib\site-packages\sklearn\metrics\_classification.py:1561: UserWarning: Note that pos_label (set to 'yes') is ignored when average != 'binary' (got 'weighted'). You may use labels=[pos_label] to specify a single positive class.
  warnings.warn(

2025-07-01 11:41:22,897:WARNING:C:\Users\fares\anaconda3\envs\pycaret-env\Lib\site-packages\sklearn\metrics\_classification.py:1561: UserWarning: Note that pos_label (set to 'yes') is ignored when average != 'binary' (got 'weighted'). You may use labels=[pos_label] to specify a single positive class.
  warnings.warn(

2025-07-01 11:41:22,903:WARNING:C:\Users\fares\anaconda3\envs\pycaret-env\Lib\site-packages\sklearn\metrics\_classification.py:1561: UserWarning: Note that pos_label (set to 'yes') is ignored when average != 'binary' (got 'weighted'). You may use labels=[pos_label] to specify a single positive class.
  warnings.warn(

2025-07-01 11:41:22,912:WARNING:C:\Users\fares\anaconda3\envs\pycaret-env\Lib\site-packages\sklearn\metrics\_classification.py:1561: UserWarning: Note that pos_label (set to 'yes') is ignored when average != 'binary' (got 'weighted'). You may use labels=[pos_label] to specify a single positive class.
  warnings.warn(

2025-07-01 11:41:22,921:WARNING:C:\Users\fares\anaconda3\envs\pycaret-env\Lib\site-packages\sklearn\metrics\_classification.py:1561: UserWarning: Note that pos_label (set to 'yes') is ignored when average != 'binary' (got 'weighted'). You may use labels=[pos_label] to specify a single positive class.
  warnings.warn(

2025-07-01 11:41:22,924:WARNING:C:\Users\fares\anaconda3\envs\pycaret-env\Lib\site-packages\sklearn\metrics\_classification.py:1561: UserWarning: Note that pos_label (set to 'yes') is ignored when average != 'binary' (got 'weighted'). You may use labels=[pos_label] to specify a single positive class.
  warnings.warn(

2025-07-01 11:41:22,927:WARNING:C:\Users\fares\anaconda3\envs\pycaret-env\Lib\site-packages\sklearn\metrics\_classification.py:1561: UserWarning: Note that pos_label (set to 'yes') is ignored when average != 'binary' (got 'weighted'). You may use labels=[pos_label] to specify a single positive class.
  warnings.warn(

2025-07-01 11:41:22,934:WARNING:C:\Users\fares\anaconda3\envs\pycaret-env\Lib\site-packages\sklearn\metrics\_classification.py:1561: UserWarning: Note that pos_label (set to 'yes') is ignored when average != 'binary' (got 'weighted'). You may use labels=[pos_label] to specify a single positive class.
  warnings.warn(

2025-07-01 11:41:22,983:INFO:Calculating mean and std
2025-07-01 11:41:22,985:INFO:Creating metrics dataframe
2025-07-01 11:41:22,988:INFO:Uploading results into container
2025-07-01 11:41:22,989:INFO:Uploading model into container now
2025-07-01 11:41:22,989:INFO:_master_model_container: 8
2025-07-01 11:41:22,990:INFO:_display_container: 2
2025-07-01 11:41:22,990:INFO:QuadraticDiscriminantAnalysis(priors=None, reg_param=0.0,
                              store_covariance=False, tol=0.0001)
2025-07-01 11:41:22,990:INFO:create_model() successfully completed......................................
2025-07-01 11:41:23,099:INFO:SubProcess create_model() end ==================================
2025-07-01 11:41:23,099:INFO:Creating metrics dataframe
2025-07-01 11:41:23,109:INFO:Initializing Ada Boost Classifier
2025-07-01 11:41:23,109:INFO:Total runtime is 0.6212066690127055 minutes
2025-07-01 11:41:23,114:INFO:SubProcess create_model() called ==================================
2025-07-01 11:41:23,114:INFO:Initializing create_model()
2025-07-01 11:41:23,115:INFO:create_model(self=<pycaret.classification.oop.ClassificationExperiment object at 0x00000265F6767D10>, estimator=ada, fold=StratifiedKFold(n_splits=10, random_state=None, shuffle=False), round=4, cross_validation=True, predict=True, fit_kwargs={}, groups=None, refit=False, probability_threshold=None, experiment_custom_tags=None, verbose=False, system=False, add_to_model_list=True, metrics=None, display=<pycaret.internal.display.display.CommonDisplay object at 0x00000265F6A72510>, model_only=True, return_train_score=False, error_score=0.0, kwargs={})
2025-07-01 11:41:23,115:INFO:Checking exceptions
2025-07-01 11:41:23,115:INFO:Importing libraries
2025-07-01 11:41:23,115:INFO:Copying training dataset
2025-07-01 11:41:23,138:INFO:Defining folds
2025-07-01 11:41:23,138:INFO:Declaring metric variables
2025-07-01 11:41:23,143:INFO:Importing untrained model
2025-07-01 11:41:23,148:INFO:Ada Boost Classifier Imported successfully
2025-07-01 11:41:23,156:INFO:Starting cross validation
2025-07-01 11:41:23,160:INFO:Cross validating with StratifiedKFold(n_splits=10, random_state=None, shuffle=False), n_jobs=-1
2025-07-01 11:41:24,138:WARNING:C:\Users\fares\anaconda3\envs\pycaret-env\Lib\site-packages\sklearn\ensemble\_weight_boosting.py:519: FutureWarning: The SAMME.R algorithm (the default) is deprecated and will be removed in 1.6. Use the SAMME algorithm to circumvent this warning.
  warnings.warn(

2025-07-01 11:41:24,142:WARNING:C:\Users\fares\anaconda3\envs\pycaret-env\Lib\site-packages\sklearn\ensemble\_weight_boosting.py:519: FutureWarning: The SAMME.R algorithm (the default) is deprecated and will be removed in 1.6. Use the SAMME algorithm to circumvent this warning.
  warnings.warn(

2025-07-01 11:41:24,167:WARNING:C:\Users\fares\anaconda3\envs\pycaret-env\Lib\site-packages\sklearn\ensemble\_weight_boosting.py:519: FutureWarning: The SAMME.R algorithm (the default) is deprecated and will be removed in 1.6. Use the SAMME algorithm to circumvent this warning.
  warnings.warn(

2025-07-01 11:41:24,207:WARNING:C:\Users\fares\anaconda3\envs\pycaret-env\Lib\site-packages\sklearn\ensemble\_weight_boosting.py:519: FutureWarning: The SAMME.R algorithm (the default) is deprecated and will be removed in 1.6. Use the SAMME algorithm to circumvent this warning.
  warnings.warn(

2025-07-01 11:41:24,230:WARNING:C:\Users\fares\anaconda3\envs\pycaret-env\Lib\site-packages\sklearn\ensemble\_weight_boosting.py:519: FutureWarning: The SAMME.R algorithm (the default) is deprecated and will be removed in 1.6. Use the SAMME algorithm to circumvent this warning.
  warnings.warn(

2025-07-01 11:41:24,232:WARNING:C:\Users\fares\anaconda3\envs\pycaret-env\Lib\site-packages\sklearn\ensemble\_weight_boosting.py:519: FutureWarning: The SAMME.R algorithm (the default) is deprecated and will be removed in 1.6. Use the SAMME algorithm to circumvent this warning.
  warnings.warn(

2025-07-01 11:41:24,239:WARNING:C:\Users\fares\anaconda3\envs\pycaret-env\Lib\site-packages\sklearn\ensemble\_weight_boosting.py:519: FutureWarning: The SAMME.R algorithm (the default) is deprecated and will be removed in 1.6. Use the SAMME algorithm to circumvent this warning.
  warnings.warn(

2025-07-01 11:41:24,243:WARNING:C:\Users\fares\anaconda3\envs\pycaret-env\Lib\site-packages\sklearn\ensemble\_weight_boosting.py:519: FutureWarning: The SAMME.R algorithm (the default) is deprecated and will be removed in 1.6. Use the SAMME algorithm to circumvent this warning.
  warnings.warn(

2025-07-01 11:41:24,250:WARNING:C:\Users\fares\anaconda3\envs\pycaret-env\Lib\site-packages\sklearn\ensemble\_weight_boosting.py:519: FutureWarning: The SAMME.R algorithm (the default) is deprecated and will be removed in 1.6. Use the SAMME algorithm to circumvent this warning.
  warnings.warn(

2025-07-01 11:41:24,254:WARNING:C:\Users\fares\anaconda3\envs\pycaret-env\Lib\site-packages\sklearn\ensemble\_weight_boosting.py:519: FutureWarning: The SAMME.R algorithm (the default) is deprecated and will be removed in 1.6. Use the SAMME algorithm to circumvent this warning.
  warnings.warn(

2025-07-01 11:41:26,752:WARNING:C:\Users\fares\anaconda3\envs\pycaret-env\Lib\site-packages\sklearn\metrics\_classification.py:1561: UserWarning: Note that pos_label (set to 'yes') is ignored when average != 'binary' (got 'weighted'). You may use labels=[pos_label] to specify a single positive class.
  warnings.warn(

2025-07-01 11:41:26,773:WARNING:C:\Users\fares\anaconda3\envs\pycaret-env\Lib\site-packages\sklearn\metrics\_classification.py:1561: UserWarning: Note that pos_label (set to 'yes') is ignored when average != 'binary' (got 'weighted'). You may use labels=[pos_label] to specify a single positive class.
  warnings.warn(

2025-07-01 11:41:26,773:WARNING:C:\Users\fares\anaconda3\envs\pycaret-env\Lib\site-packages\sklearn\metrics\_classification.py:1561: UserWarning: Note that pos_label (set to 'yes') is ignored when average != 'binary' (got 'weighted'). You may use labels=[pos_label] to specify a single positive class.
  warnings.warn(

2025-07-01 11:41:26,781:WARNING:C:\Users\fares\anaconda3\envs\pycaret-env\Lib\site-packages\sklearn\metrics\_classification.py:1561: UserWarning: Note that pos_label (set to 'yes') is ignored when average != 'binary' (got 'weighted'). You may use labels=[pos_label] to specify a single positive class.
  warnings.warn(

2025-07-01 11:41:26,784:WARNING:C:\Users\fares\anaconda3\envs\pycaret-env\Lib\site-packages\sklearn\metrics\_classification.py:1561: UserWarning: Note that pos_label (set to 'yes') is ignored when average != 'binary' (got 'weighted'). You may use labels=[pos_label] to specify a single positive class.
  warnings.warn(

2025-07-01 11:41:26,796:WARNING:C:\Users\fares\anaconda3\envs\pycaret-env\Lib\site-packages\sklearn\metrics\_classification.py:1561: UserWarning: Note that pos_label (set to 'yes') is ignored when average != 'binary' (got 'weighted'). You may use labels=[pos_label] to specify a single positive class.
  warnings.warn(

2025-07-01 11:41:26,802:WARNING:C:\Users\fares\anaconda3\envs\pycaret-env\Lib\site-packages\sklearn\metrics\_classification.py:1561: UserWarning: Note that pos_label (set to 'yes') is ignored when average != 'binary' (got 'weighted'). You may use labels=[pos_label] to specify a single positive class.
  warnings.warn(

2025-07-01 11:41:26,808:WARNING:C:\Users\fares\anaconda3\envs\pycaret-env\Lib\site-packages\sklearn\metrics\_classification.py:1561: UserWarning: Note that pos_label (set to 'yes') is ignored when average != 'binary' (got 'weighted'). You may use labels=[pos_label] to specify a single positive class.
  warnings.warn(

2025-07-01 11:41:26,810:WARNING:C:\Users\fares\anaconda3\envs\pycaret-env\Lib\site-packages\sklearn\metrics\_classification.py:1561: UserWarning: Note that pos_label (set to 'yes') is ignored when average != 'binary' (got 'weighted'). You may use labels=[pos_label] to specify a single positive class.
  warnings.warn(

2025-07-01 11:41:26,817:WARNING:C:\Users\fares\anaconda3\envs\pycaret-env\Lib\site-packages\sklearn\metrics\_classification.py:1561: UserWarning: Note that pos_label (set to 'yes') is ignored when average != 'binary' (got 'weighted'). You may use labels=[pos_label] to specify a single positive class.
  warnings.warn(

2025-07-01 11:41:26,819:WARNING:C:\Users\fares\anaconda3\envs\pycaret-env\Lib\site-packages\sklearn\metrics\_classification.py:1561: UserWarning: Note that pos_label (set to 'yes') is ignored when average != 'binary' (got 'weighted'). You may use labels=[pos_label] to specify a single positive class.
  warnings.warn(

2025-07-01 11:41:26,819:WARNING:C:\Users\fares\anaconda3\envs\pycaret-env\Lib\site-packages\sklearn\metrics\_classification.py:1561: UserWarning: Note that pos_label (set to 'yes') is ignored when average != 'binary' (got 'weighted'). You may use labels=[pos_label] to specify a single positive class.
  warnings.warn(

2025-07-01 11:41:26,826:WARNING:C:\Users\fares\anaconda3\envs\pycaret-env\Lib\site-packages\sklearn\metrics\_classification.py:1561: UserWarning: Note that pos_label (set to 'yes') is ignored when average != 'binary' (got 'weighted'). You may use labels=[pos_label] to specify a single positive class.
  warnings.warn(

2025-07-01 11:41:26,834:WARNING:C:\Users\fares\anaconda3\envs\pycaret-env\Lib\site-packages\sklearn\metrics\_classification.py:1561: UserWarning: Note that pos_label (set to 'yes') is ignored when average != 'binary' (got 'weighted'). You may use labels=[pos_label] to specify a single positive class.
  warnings.warn(

2025-07-01 11:41:26,840:WARNING:C:\Users\fares\anaconda3\envs\pycaret-env\Lib\site-packages\sklearn\metrics\_classification.py:1561: UserWarning: Note that pos_label (set to 'yes') is ignored when average != 'binary' (got 'weighted'). You may use labels=[pos_label] to specify a single positive class.
  warnings.warn(

2025-07-01 11:41:26,841:WARNING:C:\Users\fares\anaconda3\envs\pycaret-env\Lib\site-packages\sklearn\metrics\_classification.py:1561: UserWarning: Note that pos_label (set to 'yes') is ignored when average != 'binary' (got 'weighted'). You may use labels=[pos_label] to specify a single positive class.
  warnings.warn(

2025-07-01 11:41:26,845:WARNING:C:\Users\fares\anaconda3\envs\pycaret-env\Lib\site-packages\sklearn\metrics\_classification.py:1561: UserWarning: Note that pos_label (set to 'yes') is ignored when average != 'binary' (got 'weighted'). You may use labels=[pos_label] to specify a single positive class.
  warnings.warn(

2025-07-01 11:41:26,848:WARNING:C:\Users\fares\anaconda3\envs\pycaret-env\Lib\site-packages\sklearn\metrics\_classification.py:1561: UserWarning: Note that pos_label (set to 'yes') is ignored when average != 'binary' (got 'weighted'). You may use labels=[pos_label] to specify a single positive class.
  warnings.warn(

2025-07-01 11:41:26,851:WARNING:C:\Users\fares\anaconda3\envs\pycaret-env\Lib\site-packages\sklearn\metrics\_classification.py:1561: UserWarning: Note that pos_label (set to 'yes') is ignored when average != 'binary' (got 'weighted'). You may use labels=[pos_label] to specify a single positive class.
  warnings.warn(

2025-07-01 11:41:26,852:WARNING:C:\Users\fares\anaconda3\envs\pycaret-env\Lib\site-packages\sklearn\metrics\_classification.py:1561: UserWarning: Note that pos_label (set to 'yes') is ignored when average != 'binary' (got 'weighted'). You may use labels=[pos_label] to specify a single positive class.
  warnings.warn(

2025-07-01 11:41:26,855:WARNING:C:\Users\fares\anaconda3\envs\pycaret-env\Lib\site-packages\sklearn\metrics\_classification.py:1561: UserWarning: Note that pos_label (set to 'yes') is ignored when average != 'binary' (got 'weighted'). You may use labels=[pos_label] to specify a single positive class.
  warnings.warn(

2025-07-01 11:41:26,877:WARNING:C:\Users\fares\anaconda3\envs\pycaret-env\Lib\site-packages\sklearn\metrics\_classification.py:1561: UserWarning: Note that pos_label (set to 'yes') is ignored when average != 'binary' (got 'weighted'). You may use labels=[pos_label] to specify a single positive class.
  warnings.warn(

2025-07-01 11:41:26,878:WARNING:C:\Users\fares\anaconda3\envs\pycaret-env\Lib\site-packages\sklearn\metrics\_classification.py:1561: UserWarning: Note that pos_label (set to 'yes') is ignored when average != 'binary' (got 'weighted'). You may use labels=[pos_label] to specify a single positive class.
  warnings.warn(

2025-07-01 11:41:26,878:WARNING:C:\Users\fares\anaconda3\envs\pycaret-env\Lib\site-packages\sklearn\metrics\_classification.py:1561: UserWarning: Note that pos_label (set to 'yes') is ignored when average != 'binary' (got 'weighted'). You may use labels=[pos_label] to specify a single positive class.
  warnings.warn(

2025-07-01 11:41:26,878:WARNING:C:\Users\fares\anaconda3\envs\pycaret-env\Lib\site-packages\sklearn\metrics\_classification.py:1561: UserWarning: Note that pos_label (set to 'yes') is ignored when average != 'binary' (got 'weighted'). You may use labels=[pos_label] to specify a single positive class.
  warnings.warn(

2025-07-01 11:41:26,883:WARNING:C:\Users\fares\anaconda3\envs\pycaret-env\Lib\site-packages\sklearn\metrics\_classification.py:1561: UserWarning: Note that pos_label (set to 'yes') is ignored when average != 'binary' (got 'weighted'). You may use labels=[pos_label] to specify a single positive class.
  warnings.warn(

2025-07-01 11:41:26,900:WARNING:C:\Users\fares\anaconda3\envs\pycaret-env\Lib\site-packages\sklearn\metrics\_classification.py:1561: UserWarning: Note that pos_label (set to 'yes') is ignored when average != 'binary' (got 'weighted'). You may use labels=[pos_label] to specify a single positive class.
  warnings.warn(

2025-07-01 11:41:26,905:WARNING:C:\Users\fares\anaconda3\envs\pycaret-env\Lib\site-packages\sklearn\metrics\_classification.py:1561: UserWarning: Note that pos_label (set to 'yes') is ignored when average != 'binary' (got 'weighted'). You may use labels=[pos_label] to specify a single positive class.
  warnings.warn(

2025-07-01 11:41:26,907:WARNING:C:\Users\fares\anaconda3\envs\pycaret-env\Lib\site-packages\sklearn\metrics\_classification.py:1561: UserWarning: Note that pos_label (set to 'yes') is ignored when average != 'binary' (got 'weighted'). You may use labels=[pos_label] to specify a single positive class.
  warnings.warn(

2025-07-01 11:41:26,926:WARNING:C:\Users\fares\anaconda3\envs\pycaret-env\Lib\site-packages\sklearn\metrics\_classification.py:1561: UserWarning: Note that pos_label (set to 'yes') is ignored when average != 'binary' (got 'weighted'). You may use labels=[pos_label] to specify a single positive class.
  warnings.warn(

2025-07-01 11:41:26,964:INFO:Calculating mean and std
2025-07-01 11:41:26,966:INFO:Creating metrics dataframe
2025-07-01 11:41:26,969:INFO:Uploading results into container
2025-07-01 11:41:26,970:INFO:Uploading model into container now
2025-07-01 11:41:26,971:INFO:_master_model_container: 9
2025-07-01 11:41:26,972:INFO:_display_container: 2
2025-07-01 11:41:26,973:INFO:AdaBoostClassifier(algorithm='SAMME.R', estimator=None, learning_rate=1.0,
                   n_estimators=50, random_state=123)
2025-07-01 11:41:26,973:INFO:create_model() successfully completed......................................
2025-07-01 11:41:27,080:INFO:SubProcess create_model() end ==================================
2025-07-01 11:41:27,080:INFO:Creating metrics dataframe
2025-07-01 11:41:27,091:INFO:Initializing Gradient Boosting Classifier
2025-07-01 11:41:27,091:INFO:Total runtime is 0.6875774224599203 minutes
2025-07-01 11:41:27,096:INFO:SubProcess create_model() called ==================================
2025-07-01 11:41:27,096:INFO:Initializing create_model()
2025-07-01 11:41:27,097:INFO:create_model(self=<pycaret.classification.oop.ClassificationExperiment object at 0x00000265F6767D10>, estimator=gbc, fold=StratifiedKFold(n_splits=10, random_state=None, shuffle=False), round=4, cross_validation=True, predict=True, fit_kwargs={}, groups=None, refit=False, probability_threshold=None, experiment_custom_tags=None, verbose=False, system=False, add_to_model_list=True, metrics=None, display=<pycaret.internal.display.display.CommonDisplay object at 0x00000265F6A72510>, model_only=True, return_train_score=False, error_score=0.0, kwargs={})
2025-07-01 11:41:27,097:INFO:Checking exceptions
2025-07-01 11:41:27,097:INFO:Importing libraries
2025-07-01 11:41:27,097:INFO:Copying training dataset
2025-07-01 11:41:27,119:INFO:Defining folds
2025-07-01 11:41:27,119:INFO:Declaring metric variables
2025-07-01 11:41:27,123:INFO:Importing untrained model
2025-07-01 11:41:27,127:INFO:Gradient Boosting Classifier Imported successfully
2025-07-01 11:41:27,136:INFO:Starting cross validation
2025-07-01 11:41:27,139:INFO:Cross validating with StratifiedKFold(n_splits=10, random_state=None, shuffle=False), n_jobs=-1
2025-07-01 11:41:35,533:WARNING:C:\Users\fares\anaconda3\envs\pycaret-env\Lib\site-packages\sklearn\metrics\_classification.py:1561: UserWarning: Note that pos_label (set to 'yes') is ignored when average != 'binary' (got 'weighted'). You may use labels=[pos_label] to specify a single positive class.
  warnings.warn(

2025-07-01 11:41:35,570:WARNING:C:\Users\fares\anaconda3\envs\pycaret-env\Lib\site-packages\sklearn\metrics\_classification.py:1561: UserWarning: Note that pos_label (set to 'yes') is ignored when average != 'binary' (got 'weighted'). You may use labels=[pos_label] to specify a single positive class.
  warnings.warn(

2025-07-01 11:41:35,607:WARNING:C:\Users\fares\anaconda3\envs\pycaret-env\Lib\site-packages\sklearn\metrics\_classification.py:1561: UserWarning: Note that pos_label (set to 'yes') is ignored when average != 'binary' (got 'weighted'). You may use labels=[pos_label] to specify a single positive class.
  warnings.warn(

2025-07-01 11:41:35,612:WARNING:C:\Users\fares\anaconda3\envs\pycaret-env\Lib\site-packages\sklearn\metrics\_classification.py:1561: UserWarning: Note that pos_label (set to 'yes') is ignored when average != 'binary' (got 'weighted'). You may use labels=[pos_label] to specify a single positive class.
  warnings.warn(

2025-07-01 11:41:35,623:WARNING:C:\Users\fares\anaconda3\envs\pycaret-env\Lib\site-packages\sklearn\metrics\_classification.py:1561: UserWarning: Note that pos_label (set to 'yes') is ignored when average != 'binary' (got 'weighted'). You may use labels=[pos_label] to specify a single positive class.
  warnings.warn(

2025-07-01 11:41:35,632:WARNING:C:\Users\fares\anaconda3\envs\pycaret-env\Lib\site-packages\sklearn\metrics\_classification.py:1561: UserWarning: Note that pos_label (set to 'yes') is ignored when average != 'binary' (got 'weighted'). You may use labels=[pos_label] to specify a single positive class.
  warnings.warn(

2025-07-01 11:41:35,649:WARNING:C:\Users\fares\anaconda3\envs\pycaret-env\Lib\site-packages\sklearn\metrics\_classification.py:1561: UserWarning: Note that pos_label (set to 'yes') is ignored when average != 'binary' (got 'weighted'). You may use labels=[pos_label] to specify a single positive class.
  warnings.warn(

2025-07-01 11:41:35,651:WARNING:C:\Users\fares\anaconda3\envs\pycaret-env\Lib\site-packages\sklearn\metrics\_classification.py:1561: UserWarning: Note that pos_label (set to 'yes') is ignored when average != 'binary' (got 'weighted'). You may use labels=[pos_label] to specify a single positive class.
  warnings.warn(

2025-07-01 11:41:35,657:WARNING:C:\Users\fares\anaconda3\envs\pycaret-env\Lib\site-packages\sklearn\metrics\_classification.py:1561: UserWarning: Note that pos_label (set to 'yes') is ignored when average != 'binary' (got 'weighted'). You may use labels=[pos_label] to specify a single positive class.
  warnings.warn(

2025-07-01 11:41:35,661:WARNING:C:\Users\fares\anaconda3\envs\pycaret-env\Lib\site-packages\sklearn\metrics\_classification.py:1561: UserWarning: Note that pos_label (set to 'yes') is ignored when average != 'binary' (got 'weighted'). You may use labels=[pos_label] to specify a single positive class.
  warnings.warn(

2025-07-01 11:41:35,686:WARNING:C:\Users\fares\anaconda3\envs\pycaret-env\Lib\site-packages\sklearn\metrics\_classification.py:1561: UserWarning: Note that pos_label (set to 'yes') is ignored when average != 'binary' (got 'weighted'). You may use labels=[pos_label] to specify a single positive class.
  warnings.warn(

2025-07-01 11:41:35,686:WARNING:C:\Users\fares\anaconda3\envs\pycaret-env\Lib\site-packages\sklearn\metrics\_classification.py:1561: UserWarning: Note that pos_label (set to 'yes') is ignored when average != 'binary' (got 'weighted'). You may use labels=[pos_label] to specify a single positive class.
  warnings.warn(

2025-07-01 11:41:35,688:WARNING:C:\Users\fares\anaconda3\envs\pycaret-env\Lib\site-packages\sklearn\metrics\_classification.py:1561: UserWarning: Note that pos_label (set to 'yes') is ignored when average != 'binary' (got 'weighted'). You may use labels=[pos_label] to specify a single positive class.
  warnings.warn(

2025-07-01 11:41:35,689:WARNING:C:\Users\fares\anaconda3\envs\pycaret-env\Lib\site-packages\sklearn\metrics\_classification.py:1561: UserWarning: Note that pos_label (set to 'yes') is ignored when average != 'binary' (got 'weighted'). You may use labels=[pos_label] to specify a single positive class.
  warnings.warn(

2025-07-01 11:41:35,704:WARNING:C:\Users\fares\anaconda3\envs\pycaret-env\Lib\site-packages\sklearn\metrics\_classification.py:1561: UserWarning: Note that pos_label (set to 'yes') is ignored when average != 'binary' (got 'weighted'). You may use labels=[pos_label] to specify a single positive class.
  warnings.warn(

2025-07-01 11:41:35,709:WARNING:C:\Users\fares\anaconda3\envs\pycaret-env\Lib\site-packages\sklearn\metrics\_classification.py:1561: UserWarning: Note that pos_label (set to 'yes') is ignored when average != 'binary' (got 'weighted'). You may use labels=[pos_label] to specify a single positive class.
  warnings.warn(

2025-07-01 11:41:35,711:WARNING:C:\Users\fares\anaconda3\envs\pycaret-env\Lib\site-packages\sklearn\metrics\_classification.py:1561: UserWarning: Note that pos_label (set to 'yes') is ignored when average != 'binary' (got 'weighted'). You may use labels=[pos_label] to specify a single positive class.
  warnings.warn(

2025-07-01 11:41:35,715:WARNING:C:\Users\fares\anaconda3\envs\pycaret-env\Lib\site-packages\sklearn\metrics\_classification.py:1561: UserWarning: Note that pos_label (set to 'yes') is ignored when average != 'binary' (got 'weighted'). You may use labels=[pos_label] to specify a single positive class.
  warnings.warn(

2025-07-01 11:41:35,724:WARNING:C:\Users\fares\anaconda3\envs\pycaret-env\Lib\site-packages\sklearn\metrics\_classification.py:1561: UserWarning: Note that pos_label (set to 'yes') is ignored when average != 'binary' (got 'weighted'). You may use labels=[pos_label] to specify a single positive class.
  warnings.warn(

2025-07-01 11:41:35,735:WARNING:C:\Users\fares\anaconda3\envs\pycaret-env\Lib\site-packages\sklearn\metrics\_classification.py:1561: UserWarning: Note that pos_label (set to 'yes') is ignored when average != 'binary' (got 'weighted'). You may use labels=[pos_label] to specify a single positive class.
  warnings.warn(

2025-07-01 11:41:35,737:WARNING:C:\Users\fares\anaconda3\envs\pycaret-env\Lib\site-packages\sklearn\metrics\_classification.py:1561: UserWarning: Note that pos_label (set to 'yes') is ignored when average != 'binary' (got 'weighted'). You may use labels=[pos_label] to specify a single positive class.
  warnings.warn(

2025-07-01 11:41:35,738:WARNING:C:\Users\fares\anaconda3\envs\pycaret-env\Lib\site-packages\sklearn\metrics\_classification.py:1561: UserWarning: Note that pos_label (set to 'yes') is ignored when average != 'binary' (got 'weighted'). You may use labels=[pos_label] to specify a single positive class.
  warnings.warn(

2025-07-01 11:41:35,746:WARNING:C:\Users\fares\anaconda3\envs\pycaret-env\Lib\site-packages\sklearn\metrics\_classification.py:1561: UserWarning: Note that pos_label (set to 'yes') is ignored when average != 'binary' (got 'weighted'). You may use labels=[pos_label] to specify a single positive class.
  warnings.warn(

2025-07-01 11:41:35,760:WARNING:C:\Users\fares\anaconda3\envs\pycaret-env\Lib\site-packages\sklearn\metrics\_classification.py:1561: UserWarning: Note that pos_label (set to 'yes') is ignored when average != 'binary' (got 'weighted'). You may use labels=[pos_label] to specify a single positive class.
  warnings.warn(

2025-07-01 11:41:35,764:WARNING:C:\Users\fares\anaconda3\envs\pycaret-env\Lib\site-packages\sklearn\metrics\_classification.py:1561: UserWarning: Note that pos_label (set to 'yes') is ignored when average != 'binary' (got 'weighted'). You may use labels=[pos_label] to specify a single positive class.
  warnings.warn(

2025-07-01 11:41:35,766:WARNING:C:\Users\fares\anaconda3\envs\pycaret-env\Lib\site-packages\sklearn\metrics\_classification.py:1561: UserWarning: Note that pos_label (set to 'yes') is ignored when average != 'binary' (got 'weighted'). You may use labels=[pos_label] to specify a single positive class.
  warnings.warn(

2025-07-01 11:41:35,774:WARNING:C:\Users\fares\anaconda3\envs\pycaret-env\Lib\site-packages\sklearn\metrics\_classification.py:1561: UserWarning: Note that pos_label (set to 'yes') is ignored when average != 'binary' (got 'weighted'). You may use labels=[pos_label] to specify a single positive class.
  warnings.warn(

2025-07-01 11:41:35,807:WARNING:C:\Users\fares\anaconda3\envs\pycaret-env\Lib\site-packages\sklearn\metrics\_classification.py:1561: UserWarning: Note that pos_label (set to 'yes') is ignored when average != 'binary' (got 'weighted'). You may use labels=[pos_label] to specify a single positive class.
  warnings.warn(

2025-07-01 11:41:35,846:INFO:Calculating mean and std
2025-07-01 11:41:35,848:INFO:Creating metrics dataframe
2025-07-01 11:41:35,851:INFO:Uploading results into container
2025-07-01 11:41:35,851:INFO:Uploading model into container now
2025-07-01 11:41:35,851:INFO:_master_model_container: 10
2025-07-01 11:41:35,851:INFO:_display_container: 2
2025-07-01 11:41:35,853:INFO:GradientBoostingClassifier(ccp_alpha=0.0, criterion='friedman_mse', init=None,
                           learning_rate=0.1, loss='log_loss', max_depth=3,
                           max_features=None, max_leaf_nodes=None,
                           min_impurity_decrease=0.0, min_samples_leaf=1,
                           min_samples_split=2, min_weight_fraction_leaf=0.0,
                           n_estimators=100, n_iter_no_change=None,
                           random_state=123, subsample=1.0, tol=0.0001,
                           validation_fraction=0.1, verbose=0,
                           warm_start=False)
2025-07-01 11:41:35,853:INFO:create_model() successfully completed......................................
2025-07-01 11:41:35,948:INFO:SubProcess create_model() end ==================================
2025-07-01 11:41:35,948:INFO:Creating metrics dataframe
2025-07-01 11:41:35,958:INFO:Initializing Linear Discriminant Analysis
2025-07-01 11:41:35,958:INFO:Total runtime is 0.8353692412376403 minutes
2025-07-01 11:41:35,964:INFO:SubProcess create_model() called ==================================
2025-07-01 11:41:35,964:INFO:Initializing create_model()
2025-07-01 11:41:35,964:INFO:create_model(self=<pycaret.classification.oop.ClassificationExperiment object at 0x00000265F6767D10>, estimator=lda, fold=StratifiedKFold(n_splits=10, random_state=None, shuffle=False), round=4, cross_validation=True, predict=True, fit_kwargs={}, groups=None, refit=False, probability_threshold=None, experiment_custom_tags=None, verbose=False, system=False, add_to_model_list=True, metrics=None, display=<pycaret.internal.display.display.CommonDisplay object at 0x00000265F6A72510>, model_only=True, return_train_score=False, error_score=0.0, kwargs={})
2025-07-01 11:41:35,964:INFO:Checking exceptions
2025-07-01 11:41:35,964:INFO:Importing libraries
2025-07-01 11:41:35,964:INFO:Copying training dataset
2025-07-01 11:41:35,986:INFO:Defining folds
2025-07-01 11:41:35,986:INFO:Declaring metric variables
2025-07-01 11:41:35,989:INFO:Importing untrained model
2025-07-01 11:41:35,992:INFO:Linear Discriminant Analysis Imported successfully
2025-07-01 11:41:35,998:INFO:Starting cross validation
2025-07-01 11:41:36,001:INFO:Cross validating with StratifiedKFold(n_splits=10, random_state=None, shuffle=False), n_jobs=-1
2025-07-01 11:41:37,770:WARNING:C:\Users\fares\anaconda3\envs\pycaret-env\Lib\site-packages\sklearn\metrics\_classification.py:1561: UserWarning: Note that pos_label (set to 'yes') is ignored when average != 'binary' (got 'weighted'). You may use labels=[pos_label] to specify a single positive class.
  warnings.warn(

2025-07-01 11:41:37,771:WARNING:C:\Users\fares\anaconda3\envs\pycaret-env\Lib\site-packages\sklearn\metrics\_classification.py:1561: UserWarning: Note that pos_label (set to 'yes') is ignored when average != 'binary' (got 'weighted'). You may use labels=[pos_label] to specify a single positive class.
  warnings.warn(

2025-07-01 11:41:37,792:WARNING:C:\Users\fares\anaconda3\envs\pycaret-env\Lib\site-packages\sklearn\metrics\_classification.py:1561: UserWarning: Note that pos_label (set to 'yes') is ignored when average != 'binary' (got 'weighted'). You may use labels=[pos_label] to specify a single positive class.
  warnings.warn(

2025-07-01 11:41:37,798:WARNING:C:\Users\fares\anaconda3\envs\pycaret-env\Lib\site-packages\sklearn\metrics\_classification.py:1561: UserWarning: Note that pos_label (set to 'yes') is ignored when average != 'binary' (got 'weighted'). You may use labels=[pos_label] to specify a single positive class.
  warnings.warn(

2025-07-01 11:41:37,799:WARNING:C:\Users\fares\anaconda3\envs\pycaret-env\Lib\site-packages\sklearn\metrics\_classification.py:1561: UserWarning: Note that pos_label (set to 'yes') is ignored when average != 'binary' (got 'weighted'). You may use labels=[pos_label] to specify a single positive class.
  warnings.warn(

2025-07-01 11:41:37,802:WARNING:C:\Users\fares\anaconda3\envs\pycaret-env\Lib\site-packages\sklearn\metrics\_classification.py:1561: UserWarning: Note that pos_label (set to 'yes') is ignored when average != 'binary' (got 'weighted'). You may use labels=[pos_label] to specify a single positive class.
  warnings.warn(

2025-07-01 11:41:37,815:WARNING:C:\Users\fares\anaconda3\envs\pycaret-env\Lib\site-packages\sklearn\metrics\_classification.py:1561: UserWarning: Note that pos_label (set to 'yes') is ignored when average != 'binary' (got 'weighted'). You may use labels=[pos_label] to specify a single positive class.
  warnings.warn(

2025-07-01 11:41:37,827:WARNING:C:\Users\fares\anaconda3\envs\pycaret-env\Lib\site-packages\sklearn\metrics\_classification.py:1561: UserWarning: Note that pos_label (set to 'yes') is ignored when average != 'binary' (got 'weighted'). You may use labels=[pos_label] to specify a single positive class.
  warnings.warn(

2025-07-01 11:41:37,829:WARNING:C:\Users\fares\anaconda3\envs\pycaret-env\Lib\site-packages\sklearn\metrics\_classification.py:1561: UserWarning: Note that pos_label (set to 'yes') is ignored when average != 'binary' (got 'weighted'). You may use labels=[pos_label] to specify a single positive class.
  warnings.warn(

2025-07-01 11:41:37,829:WARNING:C:\Users\fares\anaconda3\envs\pycaret-env\Lib\site-packages\sklearn\metrics\_classification.py:1561: UserWarning: Note that pos_label (set to 'yes') is ignored when average != 'binary' (got 'weighted'). You may use labels=[pos_label] to specify a single positive class.
  warnings.warn(

2025-07-01 11:41:37,829:WARNING:C:\Users\fares\anaconda3\envs\pycaret-env\Lib\site-packages\sklearn\metrics\_classification.py:1561: UserWarning: Note that pos_label (set to 'yes') is ignored when average != 'binary' (got 'weighted'). You may use labels=[pos_label] to specify a single positive class.
  warnings.warn(

2025-07-01 11:41:37,832:WARNING:C:\Users\fares\anaconda3\envs\pycaret-env\Lib\site-packages\sklearn\metrics\_classification.py:1561: UserWarning: Note that pos_label (set to 'yes') is ignored when average != 'binary' (got 'weighted'). You may use labels=[pos_label] to specify a single positive class.
  warnings.warn(

2025-07-01 11:41:37,833:WARNING:C:\Users\fares\anaconda3\envs\pycaret-env\Lib\site-packages\sklearn\metrics\_classification.py:1561: UserWarning: Note that pos_label (set to 'yes') is ignored when average != 'binary' (got 'weighted'). You may use labels=[pos_label] to specify a single positive class.
  warnings.warn(

2025-07-01 11:41:37,843:WARNING:C:\Users\fares\anaconda3\envs\pycaret-env\Lib\site-packages\sklearn\metrics\_classification.py:1561: UserWarning: Note that pos_label (set to 'yes') is ignored when average != 'binary' (got 'weighted'). You may use labels=[pos_label] to specify a single positive class.
  warnings.warn(

2025-07-01 11:41:37,848:WARNING:C:\Users\fares\anaconda3\envs\pycaret-env\Lib\site-packages\sklearn\metrics\_classification.py:1561: UserWarning: Note that pos_label (set to 'yes') is ignored when average != 'binary' (got 'weighted'). You may use labels=[pos_label] to specify a single positive class.
  warnings.warn(

2025-07-01 11:41:37,848:WARNING:C:\Users\fares\anaconda3\envs\pycaret-env\Lib\site-packages\sklearn\metrics\_classification.py:1561: UserWarning: Note that pos_label (set to 'yes') is ignored when average != 'binary' (got 'weighted'). You may use labels=[pos_label] to specify a single positive class.
  warnings.warn(

2025-07-01 11:41:37,859:WARNING:C:\Users\fares\anaconda3\envs\pycaret-env\Lib\site-packages\sklearn\metrics\_classification.py:1561: UserWarning: Note that pos_label (set to 'yes') is ignored when average != 'binary' (got 'weighted'). You may use labels=[pos_label] to specify a single positive class.
  warnings.warn(

2025-07-01 11:41:37,862:WARNING:C:\Users\fares\anaconda3\envs\pycaret-env\Lib\site-packages\sklearn\metrics\_classification.py:1561: UserWarning: Note that pos_label (set to 'yes') is ignored when average != 'binary' (got 'weighted'). You may use labels=[pos_label] to specify a single positive class.
  warnings.warn(

2025-07-01 11:41:37,863:WARNING:C:\Users\fares\anaconda3\envs\pycaret-env\Lib\site-packages\sklearn\metrics\_classification.py:1561: UserWarning: Note that pos_label (set to 'yes') is ignored when average != 'binary' (got 'weighted'). You may use labels=[pos_label] to specify a single positive class.
  warnings.warn(

2025-07-01 11:41:37,864:WARNING:C:\Users\fares\anaconda3\envs\pycaret-env\Lib\site-packages\sklearn\metrics\_classification.py:1561: UserWarning: Note that pos_label (set to 'yes') is ignored when average != 'binary' (got 'weighted'). You may use labels=[pos_label] to specify a single positive class.
  warnings.warn(

2025-07-01 11:41:37,864:WARNING:C:\Users\fares\anaconda3\envs\pycaret-env\Lib\site-packages\sklearn\metrics\_classification.py:1561: UserWarning: Note that pos_label (set to 'yes') is ignored when average != 'binary' (got 'weighted'). You may use labels=[pos_label] to specify a single positive class.
  warnings.warn(

2025-07-01 11:41:37,874:WARNING:C:\Users\fares\anaconda3\envs\pycaret-env\Lib\site-packages\sklearn\metrics\_classification.py:1561: UserWarning: Note that pos_label (set to 'yes') is ignored when average != 'binary' (got 'weighted'). You may use labels=[pos_label] to specify a single positive class.
  warnings.warn(

2025-07-01 11:41:37,877:WARNING:C:\Users\fares\anaconda3\envs\pycaret-env\Lib\site-packages\sklearn\metrics\_classification.py:1561: UserWarning: Note that pos_label (set to 'yes') is ignored when average != 'binary' (got 'weighted'). You may use labels=[pos_label] to specify a single positive class.
  warnings.warn(

2025-07-01 11:41:37,882:WARNING:C:\Users\fares\anaconda3\envs\pycaret-env\Lib\site-packages\sklearn\metrics\_classification.py:1561: UserWarning: Note that pos_label (set to 'yes') is ignored when average != 'binary' (got 'weighted'). You may use labels=[pos_label] to specify a single positive class.
  warnings.warn(

2025-07-01 11:41:37,894:WARNING:C:\Users\fares\anaconda3\envs\pycaret-env\Lib\site-packages\sklearn\metrics\_classification.py:1561: UserWarning: Note that pos_label (set to 'yes') is ignored when average != 'binary' (got 'weighted'). You may use labels=[pos_label] to specify a single positive class.
  warnings.warn(

2025-07-01 11:41:37,895:WARNING:C:\Users\fares\anaconda3\envs\pycaret-env\Lib\site-packages\sklearn\metrics\_classification.py:1561: UserWarning: Note that pos_label (set to 'yes') is ignored when average != 'binary' (got 'weighted'). You may use labels=[pos_label] to specify a single positive class.
  warnings.warn(

2025-07-01 11:41:37,898:WARNING:C:\Users\fares\anaconda3\envs\pycaret-env\Lib\site-packages\sklearn\metrics\_classification.py:1561: UserWarning: Note that pos_label (set to 'yes') is ignored when average != 'binary' (got 'weighted'). You may use labels=[pos_label] to specify a single positive class.
  warnings.warn(

2025-07-01 11:41:37,903:WARNING:C:\Users\fares\anaconda3\envs\pycaret-env\Lib\site-packages\sklearn\metrics\_classification.py:1561: UserWarning: Note that pos_label (set to 'yes') is ignored when average != 'binary' (got 'weighted'). You may use labels=[pos_label] to specify a single positive class.
  warnings.warn(

2025-07-01 11:41:37,930:WARNING:C:\Users\fares\anaconda3\envs\pycaret-env\Lib\site-packages\sklearn\metrics\_classification.py:1561: UserWarning: Note that pos_label (set to 'yes') is ignored when average != 'binary' (got 'weighted'). You may use labels=[pos_label] to specify a single positive class.
  warnings.warn(

2025-07-01 11:41:37,972:INFO:Calculating mean and std
2025-07-01 11:41:37,974:INFO:Creating metrics dataframe
2025-07-01 11:41:37,977:INFO:Uploading results into container
2025-07-01 11:41:37,977:INFO:Uploading model into container now
2025-07-01 11:41:37,978:INFO:_master_model_container: 11
2025-07-01 11:41:37,978:INFO:_display_container: 2
2025-07-01 11:41:37,979:INFO:LinearDiscriminantAnalysis(covariance_estimator=None, n_components=None,
                           priors=None, shrinkage=None, solver='svd',
                           store_covariance=False, tol=0.0001)
2025-07-01 11:41:37,979:INFO:create_model() successfully completed......................................
2025-07-01 11:41:38,102:INFO:SubProcess create_model() end ==================================
2025-07-01 11:41:38,102:INFO:Creating metrics dataframe
2025-07-01 11:41:38,114:INFO:Initializing Extra Trees Classifier
2025-07-01 11:41:38,114:INFO:Total runtime is 0.8712928573290507 minutes
2025-07-01 11:41:38,118:INFO:SubProcess create_model() called ==================================
2025-07-01 11:41:38,118:INFO:Initializing create_model()
2025-07-01 11:41:38,118:INFO:create_model(self=<pycaret.classification.oop.ClassificationExperiment object at 0x00000265F6767D10>, estimator=et, fold=StratifiedKFold(n_splits=10, random_state=None, shuffle=False), round=4, cross_validation=True, predict=True, fit_kwargs={}, groups=None, refit=False, probability_threshold=None, experiment_custom_tags=None, verbose=False, system=False, add_to_model_list=True, metrics=None, display=<pycaret.internal.display.display.CommonDisplay object at 0x00000265F6A72510>, model_only=True, return_train_score=False, error_score=0.0, kwargs={})
2025-07-01 11:41:38,118:INFO:Checking exceptions
2025-07-01 11:41:38,119:INFO:Importing libraries
2025-07-01 11:41:38,119:INFO:Copying training dataset
2025-07-01 11:41:38,140:INFO:Defining folds
2025-07-01 11:41:38,140:INFO:Declaring metric variables
2025-07-01 11:41:38,144:INFO:Importing untrained model
2025-07-01 11:41:38,147:INFO:Extra Trees Classifier Imported successfully
2025-07-01 11:41:38,154:INFO:Starting cross validation
2025-07-01 11:41:38,157:INFO:Cross validating with StratifiedKFold(n_splits=10, random_state=None, shuffle=False), n_jobs=-1
2025-07-01 11:41:43,298:WARNING:C:\Users\fares\anaconda3\envs\pycaret-env\Lib\site-packages\sklearn\metrics\_classification.py:1561: UserWarning: Note that pos_label (set to 'yes') is ignored when average != 'binary' (got 'weighted'). You may use labels=[pos_label] to specify a single positive class.
  warnings.warn(

2025-07-01 11:41:43,303:WARNING:C:\Users\fares\anaconda3\envs\pycaret-env\Lib\site-packages\sklearn\metrics\_classification.py:1561: UserWarning: Note that pos_label (set to 'yes') is ignored when average != 'binary' (got 'weighted'). You may use labels=[pos_label] to specify a single positive class.
  warnings.warn(

2025-07-01 11:41:43,347:WARNING:C:\Users\fares\anaconda3\envs\pycaret-env\Lib\site-packages\sklearn\metrics\_classification.py:1561: UserWarning: Note that pos_label (set to 'yes') is ignored when average != 'binary' (got 'weighted'). You may use labels=[pos_label] to specify a single positive class.
  warnings.warn(

2025-07-01 11:41:43,348:WARNING:C:\Users\fares\anaconda3\envs\pycaret-env\Lib\site-packages\sklearn\metrics\_classification.py:1561: UserWarning: Note that pos_label (set to 'yes') is ignored when average != 'binary' (got 'weighted'). You may use labels=[pos_label] to specify a single positive class.
  warnings.warn(

2025-07-01 11:41:43,352:WARNING:C:\Users\fares\anaconda3\envs\pycaret-env\Lib\site-packages\sklearn\metrics\_classification.py:1561: UserWarning: Note that pos_label (set to 'yes') is ignored when average != 'binary' (got 'weighted'). You may use labels=[pos_label] to specify a single positive class.
  warnings.warn(

2025-07-01 11:41:43,395:WARNING:C:\Users\fares\anaconda3\envs\pycaret-env\Lib\site-packages\sklearn\metrics\_classification.py:1561: UserWarning: Note that pos_label (set to 'yes') is ignored when average != 'binary' (got 'weighted'). You may use labels=[pos_label] to specify a single positive class.
  warnings.warn(

2025-07-01 11:41:43,399:WARNING:C:\Users\fares\anaconda3\envs\pycaret-env\Lib\site-packages\sklearn\metrics\_classification.py:1561: UserWarning: Note that pos_label (set to 'yes') is ignored when average != 'binary' (got 'weighted'). You may use labels=[pos_label] to specify a single positive class.
  warnings.warn(

2025-07-01 11:41:43,399:WARNING:C:\Users\fares\anaconda3\envs\pycaret-env\Lib\site-packages\sklearn\metrics\_classification.py:1561: UserWarning: Note that pos_label (set to 'yes') is ignored when average != 'binary' (got 'weighted'). You may use labels=[pos_label] to specify a single positive class.
  warnings.warn(

2025-07-01 11:41:43,407:WARNING:C:\Users\fares\anaconda3\envs\pycaret-env\Lib\site-packages\sklearn\metrics\_classification.py:1561: UserWarning: Note that pos_label (set to 'yes') is ignored when average != 'binary' (got 'weighted'). You may use labels=[pos_label] to specify a single positive class.
  warnings.warn(

2025-07-01 11:41:43,423:WARNING:C:\Users\fares\anaconda3\envs\pycaret-env\Lib\site-packages\sklearn\metrics\_classification.py:1561: UserWarning: Note that pos_label (set to 'yes') is ignored when average != 'binary' (got 'weighted'). You may use labels=[pos_label] to specify a single positive class.
  warnings.warn(

2025-07-01 11:41:43,443:WARNING:C:\Users\fares\anaconda3\envs\pycaret-env\Lib\site-packages\sklearn\metrics\_classification.py:1561: UserWarning: Note that pos_label (set to 'yes') is ignored when average != 'binary' (got 'weighted'). You may use labels=[pos_label] to specify a single positive class.
  warnings.warn(

2025-07-01 11:41:43,443:WARNING:C:\Users\fares\anaconda3\envs\pycaret-env\Lib\site-packages\sklearn\metrics\_classification.py:1561: UserWarning: Note that pos_label (set to 'yes') is ignored when average != 'binary' (got 'weighted'). You may use labels=[pos_label] to specify a single positive class.
  warnings.warn(

2025-07-01 11:41:43,451:WARNING:C:\Users\fares\anaconda3\envs\pycaret-env\Lib\site-packages\sklearn\metrics\_classification.py:1561: UserWarning: Note that pos_label (set to 'yes') is ignored when average != 'binary' (got 'weighted'). You may use labels=[pos_label] to specify a single positive class.
  warnings.warn(

2025-07-01 11:41:43,459:WARNING:C:\Users\fares\anaconda3\envs\pycaret-env\Lib\site-packages\sklearn\metrics\_classification.py:1561: UserWarning: Note that pos_label (set to 'yes') is ignored when average != 'binary' (got 'weighted'). You may use labels=[pos_label] to specify a single positive class.
  warnings.warn(

2025-07-01 11:41:43,462:WARNING:C:\Users\fares\anaconda3\envs\pycaret-env\Lib\site-packages\sklearn\metrics\_classification.py:1561: UserWarning: Note that pos_label (set to 'yes') is ignored when average != 'binary' (got 'weighted'). You may use labels=[pos_label] to specify a single positive class.
  warnings.warn(

2025-07-01 11:41:43,476:WARNING:C:\Users\fares\anaconda3\envs\pycaret-env\Lib\site-packages\sklearn\metrics\_classification.py:1561: UserWarning: Note that pos_label (set to 'yes') is ignored when average != 'binary' (got 'weighted'). You may use labels=[pos_label] to specify a single positive class.
  warnings.warn(

2025-07-01 11:41:43,476:WARNING:C:\Users\fares\anaconda3\envs\pycaret-env\Lib\site-packages\sklearn\metrics\_classification.py:1561: UserWarning: Note that pos_label (set to 'yes') is ignored when average != 'binary' (got 'weighted'). You may use labels=[pos_label] to specify a single positive class.
  warnings.warn(

2025-07-01 11:41:43,485:WARNING:C:\Users\fares\anaconda3\envs\pycaret-env\Lib\site-packages\sklearn\metrics\_classification.py:1561: UserWarning: Note that pos_label (set to 'yes') is ignored when average != 'binary' (got 'weighted'). You may use labels=[pos_label] to specify a single positive class.
  warnings.warn(

2025-07-01 11:41:43,486:WARNING:C:\Users\fares\anaconda3\envs\pycaret-env\Lib\site-packages\sklearn\metrics\_classification.py:1561: UserWarning: Note that pos_label (set to 'yes') is ignored when average != 'binary' (got 'weighted'). You may use labels=[pos_label] to specify a single positive class.
  warnings.warn(

2025-07-01 11:41:43,488:WARNING:C:\Users\fares\anaconda3\envs\pycaret-env\Lib\site-packages\sklearn\metrics\_classification.py:1561: UserWarning: Note that pos_label (set to 'yes') is ignored when average != 'binary' (got 'weighted'). You may use labels=[pos_label] to specify a single positive class.
  warnings.warn(

2025-07-01 11:41:43,492:WARNING:C:\Users\fares\anaconda3\envs\pycaret-env\Lib\site-packages\sklearn\metrics\_classification.py:1561: UserWarning: Note that pos_label (set to 'yes') is ignored when average != 'binary' (got 'weighted'). You may use labels=[pos_label] to specify a single positive class.
  warnings.warn(

2025-07-01 11:41:43,504:WARNING:C:\Users\fares\anaconda3\envs\pycaret-env\Lib\site-packages\sklearn\metrics\_classification.py:1561: UserWarning: Note that pos_label (set to 'yes') is ignored when average != 'binary' (got 'weighted'). You may use labels=[pos_label] to specify a single positive class.
  warnings.warn(

2025-07-01 11:41:43,511:WARNING:C:\Users\fares\anaconda3\envs\pycaret-env\Lib\site-packages\sklearn\metrics\_classification.py:1561: UserWarning: Note that pos_label (set to 'yes') is ignored when average != 'binary' (got 'weighted'). You may use labels=[pos_label] to specify a single positive class.
  warnings.warn(

2025-07-01 11:41:43,512:WARNING:C:\Users\fares\anaconda3\envs\pycaret-env\Lib\site-packages\sklearn\metrics\_classification.py:1561: UserWarning: Note that pos_label (set to 'yes') is ignored when average != 'binary' (got 'weighted'). You may use labels=[pos_label] to specify a single positive class.
  warnings.warn(

2025-07-01 11:41:43,518:WARNING:C:\Users\fares\anaconda3\envs\pycaret-env\Lib\site-packages\sklearn\metrics\_classification.py:1561: UserWarning: Note that pos_label (set to 'yes') is ignored when average != 'binary' (got 'weighted'). You may use labels=[pos_label] to specify a single positive class.
  warnings.warn(

2025-07-01 11:41:43,520:WARNING:C:\Users\fares\anaconda3\envs\pycaret-env\Lib\site-packages\sklearn\metrics\_classification.py:1561: UserWarning: Note that pos_label (set to 'yes') is ignored when average != 'binary' (got 'weighted'). You may use labels=[pos_label] to specify a single positive class.
  warnings.warn(

2025-07-01 11:41:43,533:WARNING:C:\Users\fares\anaconda3\envs\pycaret-env\Lib\site-packages\sklearn\metrics\_classification.py:1561: UserWarning: Note that pos_label (set to 'yes') is ignored when average != 'binary' (got 'weighted'). You may use labels=[pos_label] to specify a single positive class.
  warnings.warn(

2025-07-01 11:41:43,544:WARNING:C:\Users\fares\anaconda3\envs\pycaret-env\Lib\site-packages\sklearn\metrics\_classification.py:1561: UserWarning: Note that pos_label (set to 'yes') is ignored when average != 'binary' (got 'weighted'). You may use labels=[pos_label] to specify a single positive class.
  warnings.warn(

2025-07-01 11:41:43,547:WARNING:C:\Users\fares\anaconda3\envs\pycaret-env\Lib\site-packages\sklearn\metrics\_classification.py:1561: UserWarning: Note that pos_label (set to 'yes') is ignored when average != 'binary' (got 'weighted'). You may use labels=[pos_label] to specify a single positive class.
  warnings.warn(

2025-07-01 11:41:43,562:WARNING:C:\Users\fares\anaconda3\envs\pycaret-env\Lib\site-packages\sklearn\metrics\_classification.py:1561: UserWarning: Note that pos_label (set to 'yes') is ignored when average != 'binary' (got 'weighted'). You may use labels=[pos_label] to specify a single positive class.
  warnings.warn(

2025-07-01 11:41:43,603:INFO:Calculating mean and std
2025-07-01 11:41:43,605:INFO:Creating metrics dataframe
2025-07-01 11:41:43,607:INFO:Uploading results into container
2025-07-01 11:41:43,608:INFO:Uploading model into container now
2025-07-01 11:41:43,609:INFO:_master_model_container: 12
2025-07-01 11:41:43,609:INFO:_display_container: 2
2025-07-01 11:41:43,610:INFO:ExtraTreesClassifier(bootstrap=False, ccp_alpha=0.0, class_weight=None,
                     criterion='gini', max_depth=None, max_features='sqrt',
                     max_leaf_nodes=None, max_samples=None,
                     min_impurity_decrease=0.0, min_samples_leaf=1,
                     min_samples_split=2, min_weight_fraction_leaf=0.0,
                     monotonic_cst=None, n_estimators=100, n_jobs=-1,
                     oob_score=False, random_state=123, verbose=0,
                     warm_start=False)
2025-07-01 11:41:43,610:INFO:create_model() successfully completed......................................
2025-07-01 11:41:43,717:INFO:SubProcess create_model() end ==================================
2025-07-01 11:41:43,717:INFO:Creating metrics dataframe
2025-07-01 11:41:43,728:INFO:Initializing Light Gradient Boosting Machine
2025-07-01 11:41:43,728:INFO:Total runtime is 0.9648609201113383 minutes
2025-07-01 11:41:43,734:INFO:SubProcess create_model() called ==================================
2025-07-01 11:41:43,734:INFO:Initializing create_model()
2025-07-01 11:41:43,734:INFO:create_model(self=<pycaret.classification.oop.ClassificationExperiment object at 0x00000265F6767D10>, estimator=lightgbm, fold=StratifiedKFold(n_splits=10, random_state=None, shuffle=False), round=4, cross_validation=True, predict=True, fit_kwargs={}, groups=None, refit=False, probability_threshold=None, experiment_custom_tags=None, verbose=False, system=False, add_to_model_list=True, metrics=None, display=<pycaret.internal.display.display.CommonDisplay object at 0x00000265F6A72510>, model_only=True, return_train_score=False, error_score=0.0, kwargs={})
2025-07-01 11:41:43,734:INFO:Checking exceptions
2025-07-01 11:41:43,734:INFO:Importing libraries
2025-07-01 11:41:43,734:INFO:Copying training dataset
2025-07-01 11:41:43,756:INFO:Defining folds
2025-07-01 11:41:43,757:INFO:Declaring metric variables
2025-07-01 11:41:43,761:INFO:Importing untrained model
2025-07-01 11:41:43,767:INFO:Light Gradient Boosting Machine Imported successfully
2025-07-01 11:41:43,775:INFO:Starting cross validation
2025-07-01 11:41:43,780:INFO:Cross validating with StratifiedKFold(n_splits=10, random_state=None, shuffle=False), n_jobs=-1
2025-07-01 11:41:46,513:WARNING:C:\Users\fares\anaconda3\envs\pycaret-env\Lib\site-packages\sklearn\metrics\_classification.py:1561: UserWarning: Note that pos_label (set to 'yes') is ignored when average != 'binary' (got 'weighted'). You may use labels=[pos_label] to specify a single positive class.
  warnings.warn(

2025-07-01 11:41:46,521:WARNING:C:\Users\fares\anaconda3\envs\pycaret-env\Lib\site-packages\sklearn\metrics\_classification.py:1561: UserWarning: Note that pos_label (set to 'yes') is ignored when average != 'binary' (got 'weighted'). You may use labels=[pos_label] to specify a single positive class.
  warnings.warn(

2025-07-01 11:41:46,522:WARNING:C:\Users\fares\anaconda3\envs\pycaret-env\Lib\site-packages\sklearn\metrics\_classification.py:1561: UserWarning: Note that pos_label (set to 'yes') is ignored when average != 'binary' (got 'weighted'). You may use labels=[pos_label] to specify a single positive class.
  warnings.warn(

2025-07-01 11:41:46,535:WARNING:C:\Users\fares\anaconda3\envs\pycaret-env\Lib\site-packages\sklearn\metrics\_classification.py:1561: UserWarning: Note that pos_label (set to 'yes') is ignored when average != 'binary' (got 'weighted'). You may use labels=[pos_label] to specify a single positive class.
  warnings.warn(

2025-07-01 11:41:46,541:WARNING:C:\Users\fares\anaconda3\envs\pycaret-env\Lib\site-packages\sklearn\metrics\_classification.py:1561: UserWarning: Note that pos_label (set to 'yes') is ignored when average != 'binary' (got 'weighted'). You may use labels=[pos_label] to specify a single positive class.
  warnings.warn(

2025-07-01 11:41:46,546:WARNING:C:\Users\fares\anaconda3\envs\pycaret-env\Lib\site-packages\sklearn\metrics\_classification.py:1561: UserWarning: Note that pos_label (set to 'yes') is ignored when average != 'binary' (got 'weighted'). You may use labels=[pos_label] to specify a single positive class.
  warnings.warn(

2025-07-01 11:41:46,580:WARNING:C:\Users\fares\anaconda3\envs\pycaret-env\Lib\site-packages\sklearn\metrics\_classification.py:1561: UserWarning: Note that pos_label (set to 'yes') is ignored when average != 'binary' (got 'weighted'). You may use labels=[pos_label] to specify a single positive class.
  warnings.warn(

2025-07-01 11:41:46,587:WARNING:C:\Users\fares\anaconda3\envs\pycaret-env\Lib\site-packages\sklearn\metrics\_classification.py:1561: UserWarning: Note that pos_label (set to 'yes') is ignored when average != 'binary' (got 'weighted'). You may use labels=[pos_label] to specify a single positive class.
  warnings.warn(

2025-07-01 11:41:46,588:WARNING:C:\Users\fares\anaconda3\envs\pycaret-env\Lib\site-packages\sklearn\metrics\_classification.py:1561: UserWarning: Note that pos_label (set to 'yes') is ignored when average != 'binary' (got 'weighted'). You may use labels=[pos_label] to specify a single positive class.
  warnings.warn(

2025-07-01 11:41:46,600:WARNING:C:\Users\fares\anaconda3\envs\pycaret-env\Lib\site-packages\sklearn\metrics\_classification.py:1561: UserWarning: Note that pos_label (set to 'yes') is ignored when average != 'binary' (got 'weighted'). You may use labels=[pos_label] to specify a single positive class.
  warnings.warn(

2025-07-01 11:41:46,603:WARNING:C:\Users\fares\anaconda3\envs\pycaret-env\Lib\site-packages\sklearn\metrics\_classification.py:1561: UserWarning: Note that pos_label (set to 'yes') is ignored when average != 'binary' (got 'weighted'). You may use labels=[pos_label] to specify a single positive class.
  warnings.warn(

2025-07-01 11:41:46,606:WARNING:C:\Users\fares\anaconda3\envs\pycaret-env\Lib\site-packages\sklearn\metrics\_classification.py:1561: UserWarning: Note that pos_label (set to 'yes') is ignored when average != 'binary' (got 'weighted'). You may use labels=[pos_label] to specify a single positive class.
  warnings.warn(

2025-07-01 11:41:46,610:WARNING:C:\Users\fares\anaconda3\envs\pycaret-env\Lib\site-packages\sklearn\metrics\_classification.py:1561: UserWarning: Note that pos_label (set to 'yes') is ignored when average != 'binary' (got 'weighted'). You may use labels=[pos_label] to specify a single positive class.
  warnings.warn(

2025-07-01 11:41:46,640:WARNING:C:\Users\fares\anaconda3\envs\pycaret-env\Lib\site-packages\sklearn\metrics\_classification.py:1561: UserWarning: Note that pos_label (set to 'yes') is ignored when average != 'binary' (got 'weighted'). You may use labels=[pos_label] to specify a single positive class.
  warnings.warn(

2025-07-01 11:41:46,645:WARNING:C:\Users\fares\anaconda3\envs\pycaret-env\Lib\site-packages\sklearn\metrics\_classification.py:1561: UserWarning: Note that pos_label (set to 'yes') is ignored when average != 'binary' (got 'weighted'). You may use labels=[pos_label] to specify a single positive class.
  warnings.warn(

2025-07-01 11:41:46,652:WARNING:C:\Users\fares\anaconda3\envs\pycaret-env\Lib\site-packages\sklearn\metrics\_classification.py:1561: UserWarning: Note that pos_label (set to 'yes') is ignored when average != 'binary' (got 'weighted'). You may use labels=[pos_label] to specify a single positive class.
  warnings.warn(

2025-07-01 11:41:46,665:WARNING:C:\Users\fares\anaconda3\envs\pycaret-env\Lib\site-packages\sklearn\metrics\_classification.py:1561: UserWarning: Note that pos_label (set to 'yes') is ignored when average != 'binary' (got 'weighted'). You may use labels=[pos_label] to specify a single positive class.
  warnings.warn(

2025-07-01 11:41:46,666:WARNING:C:\Users\fares\anaconda3\envs\pycaret-env\Lib\site-packages\sklearn\metrics\_classification.py:1561: UserWarning: Note that pos_label (set to 'yes') is ignored when average != 'binary' (got 'weighted'). You may use labels=[pos_label] to specify a single positive class.
  warnings.warn(

2025-07-01 11:41:46,668:WARNING:C:\Users\fares\anaconda3\envs\pycaret-env\Lib\site-packages\sklearn\metrics\_classification.py:1561: UserWarning: Note that pos_label (set to 'yes') is ignored when average != 'binary' (got 'weighted'). You may use labels=[pos_label] to specify a single positive class.
  warnings.warn(

2025-07-01 11:41:46,676:WARNING:C:\Users\fares\anaconda3\envs\pycaret-env\Lib\site-packages\sklearn\metrics\_classification.py:1561: UserWarning: Note that pos_label (set to 'yes') is ignored when average != 'binary' (got 'weighted'). You may use labels=[pos_label] to specify a single positive class.
  warnings.warn(

2025-07-01 11:41:46,744:WARNING:C:\Users\fares\anaconda3\envs\pycaret-env\Lib\site-packages\sklearn\metrics\_classification.py:1561: UserWarning: Note that pos_label (set to 'yes') is ignored when average != 'binary' (got 'weighted'). You may use labels=[pos_label] to specify a single positive class.
  warnings.warn(

2025-07-01 11:41:46,833:WARNING:C:\Users\fares\anaconda3\envs\pycaret-env\Lib\site-packages\sklearn\metrics\_classification.py:1561: UserWarning: Note that pos_label (set to 'yes') is ignored when average != 'binary' (got 'weighted'). You may use labels=[pos_label] to specify a single positive class.
  warnings.warn(

2025-07-01 11:41:46,868:WARNING:C:\Users\fares\anaconda3\envs\pycaret-env\Lib\site-packages\sklearn\metrics\_classification.py:1561: UserWarning: Note that pos_label (set to 'yes') is ignored when average != 'binary' (got 'weighted'). You may use labels=[pos_label] to specify a single positive class.
  warnings.warn(

2025-07-01 11:41:46,902:WARNING:C:\Users\fares\anaconda3\envs\pycaret-env\Lib\site-packages\sklearn\metrics\_classification.py:1561: UserWarning: Note that pos_label (set to 'yes') is ignored when average != 'binary' (got 'weighted'). You may use labels=[pos_label] to specify a single positive class.
  warnings.warn(

2025-07-01 11:41:46,903:WARNING:C:\Users\fares\anaconda3\envs\pycaret-env\Lib\site-packages\sklearn\metrics\_classification.py:1561: UserWarning: Note that pos_label (set to 'yes') is ignored when average != 'binary' (got 'weighted'). You may use labels=[pos_label] to specify a single positive class.
  warnings.warn(

2025-07-01 11:41:46,937:WARNING:C:\Users\fares\anaconda3\envs\pycaret-env\Lib\site-packages\sklearn\metrics\_classification.py:1561: UserWarning: Note that pos_label (set to 'yes') is ignored when average != 'binary' (got 'weighted'). You may use labels=[pos_label] to specify a single positive class.
  warnings.warn(

2025-07-01 11:41:46,969:WARNING:C:\Users\fares\anaconda3\envs\pycaret-env\Lib\site-packages\sklearn\metrics\_classification.py:1561: UserWarning: Note that pos_label (set to 'yes') is ignored when average != 'binary' (got 'weighted'). You may use labels=[pos_label] to specify a single positive class.
  warnings.warn(

2025-07-01 11:41:47,008:WARNING:C:\Users\fares\anaconda3\envs\pycaret-env\Lib\site-packages\sklearn\metrics\_classification.py:1561: UserWarning: Note that pos_label (set to 'yes') is ignored when average != 'binary' (got 'weighted'). You may use labels=[pos_label] to specify a single positive class.
  warnings.warn(

2025-07-01 11:41:47,041:WARNING:C:\Users\fares\anaconda3\envs\pycaret-env\Lib\site-packages\sklearn\metrics\_classification.py:1561: UserWarning: Note that pos_label (set to 'yes') is ignored when average != 'binary' (got 'weighted'). You may use labels=[pos_label] to specify a single positive class.
  warnings.warn(

2025-07-01 11:41:47,074:WARNING:C:\Users\fares\anaconda3\envs\pycaret-env\Lib\site-packages\sklearn\metrics\_classification.py:1561: UserWarning: Note that pos_label (set to 'yes') is ignored when average != 'binary' (got 'weighted'). You may use labels=[pos_label] to specify a single positive class.
  warnings.warn(

2025-07-01 11:41:47,121:INFO:Calculating mean and std
2025-07-01 11:41:47,123:INFO:Creating metrics dataframe
2025-07-01 11:41:47,126:INFO:Uploading results into container
2025-07-01 11:41:47,127:INFO:Uploading model into container now
2025-07-01 11:41:47,127:INFO:_master_model_container: 13
2025-07-01 11:41:47,127:INFO:_display_container: 2
2025-07-01 11:41:47,128:INFO:LGBMClassifier(boosting_type='gbdt', class_weight=None, colsample_bytree=1.0,
               importance_type='split', learning_rate=0.1, max_depth=-1,
               min_child_samples=20, min_child_weight=0.001, min_split_gain=0.0,
               n_estimators=100, n_jobs=-1, num_leaves=31, objective=None,
               random_state=123, reg_alpha=0.0, reg_lambda=0.0, subsample=1.0,
               subsample_for_bin=200000, subsample_freq=0)
2025-07-01 11:41:47,128:INFO:create_model() successfully completed......................................
2025-07-01 11:41:47,232:INFO:SubProcess create_model() end ==================================
2025-07-01 11:41:47,232:INFO:Creating metrics dataframe
2025-07-01 11:41:47,243:INFO:Initializing Dummy Classifier
2025-07-01 11:41:47,243:INFO:Total runtime is 1.0234429081281027 minutes
2025-07-01 11:41:47,246:INFO:SubProcess create_model() called ==================================
2025-07-01 11:41:47,246:INFO:Initializing create_model()
2025-07-01 11:41:47,246:INFO:create_model(self=<pycaret.classification.oop.ClassificationExperiment object at 0x00000265F6767D10>, estimator=dummy, fold=StratifiedKFold(n_splits=10, random_state=None, shuffle=False), round=4, cross_validation=True, predict=True, fit_kwargs={}, groups=None, refit=False, probability_threshold=None, experiment_custom_tags=None, verbose=False, system=False, add_to_model_list=True, metrics=None, display=<pycaret.internal.display.display.CommonDisplay object at 0x00000265F6A72510>, model_only=True, return_train_score=False, error_score=0.0, kwargs={})
2025-07-01 11:41:47,247:INFO:Checking exceptions
2025-07-01 11:41:47,247:INFO:Importing libraries
2025-07-01 11:41:47,247:INFO:Copying training dataset
2025-07-01 11:41:47,267:INFO:Defining folds
2025-07-01 11:41:47,280:INFO:Declaring metric variables
2025-07-01 11:41:47,298:INFO:Importing untrained model
2025-07-01 11:41:47,301:INFO:Dummy Classifier Imported successfully
2025-07-01 11:41:47,312:INFO:Starting cross validation
2025-07-01 11:41:47,316:INFO:Cross validating with StratifiedKFold(n_splits=10, random_state=None, shuffle=False), n_jobs=-1
2025-07-01 11:41:48,387:WARNING:C:\Users\fares\anaconda3\envs\pycaret-env\Lib\site-packages\sklearn\metrics\_classification.py:1561: UserWarning: Note that pos_label (set to 'yes') is ignored when average != 'binary' (got 'weighted'). You may use labels=[pos_label] to specify a single positive class.
  warnings.warn(

2025-07-01 11:41:48,392:WARNING:C:\Users\fares\anaconda3\envs\pycaret-env\Lib\site-packages\sklearn\metrics\_classification.py:1561: UserWarning: Note that pos_label (set to 'yes') is ignored when average != 'binary' (got 'weighted'). You may use labels=[pos_label] to specify a single positive class.
  warnings.warn(

2025-07-01 11:41:48,405:WARNING:C:\Users\fares\anaconda3\envs\pycaret-env\Lib\site-packages\sklearn\metrics\_classification.py:1561: UserWarning: Note that pos_label (set to 'yes') is ignored when average != 'binary' (got 'weighted'). You may use labels=[pos_label] to specify a single positive class.
  warnings.warn(

2025-07-01 11:41:48,408:WARNING:C:\Users\fares\anaconda3\envs\pycaret-env\Lib\site-packages\sklearn\metrics\_classification.py:1561: UserWarning: Note that pos_label (set to 'yes') is ignored when average != 'binary' (got 'weighted'). You may use labels=[pos_label] to specify a single positive class.
  warnings.warn(

2025-07-01 11:41:48,413:WARNING:C:\Users\fares\anaconda3\envs\pycaret-env\Lib\site-packages\sklearn\metrics\_classification.py:1561: UserWarning: Note that pos_label (set to 'yes') is ignored when average != 'binary' (got 'weighted'). You may use labels=[pos_label] to specify a single positive class.
  warnings.warn(

2025-07-01 11:41:48,416:WARNING:C:\Users\fares\anaconda3\envs\pycaret-env\Lib\site-packages\sklearn\metrics\_classification.py:1561: UserWarning: Note that pos_label (set to 'yes') is ignored when average != 'binary' (got 'weighted'). You may use labels=[pos_label] to specify a single positive class.
  warnings.warn(

2025-07-01 11:41:48,418:WARNING:C:\Users\fares\anaconda3\envs\pycaret-env\Lib\site-packages\sklearn\metrics\_classification.py:1561: UserWarning: Note that pos_label (set to 'yes') is ignored when average != 'binary' (got 'weighted'). You may use labels=[pos_label] to specify a single positive class.
  warnings.warn(

2025-07-01 11:41:48,423:WARNING:C:\Users\fares\anaconda3\envs\pycaret-env\Lib\site-packages\sklearn\metrics\_classification.py:1561: UserWarning: Note that pos_label (set to 'yes') is ignored when average != 'binary' (got 'weighted'). You may use labels=[pos_label] to specify a single positive class.
  warnings.warn(

2025-07-01 11:41:48,428:WARNING:C:\Users\fares\anaconda3\envs\pycaret-env\Lib\site-packages\sklearn\metrics\_classification.py:1509: UndefinedMetricWarning: Precision is ill-defined and being set to 0.0 in labels with no predicted samples. Use `zero_division` parameter to control this behavior.
  _warn_prf(average, modifier, f"{metric.capitalize()} is", len(result))

2025-07-01 11:41:48,433:WARNING:C:\Users\fares\anaconda3\envs\pycaret-env\Lib\site-packages\sklearn\metrics\_classification.py:1561: UserWarning: Note that pos_label (set to 'yes') is ignored when average != 'binary' (got 'weighted'). You may use labels=[pos_label] to specify a single positive class.
  warnings.warn(

2025-07-01 11:41:48,435:WARNING:C:\Users\fares\anaconda3\envs\pycaret-env\Lib\site-packages\sklearn\metrics\_classification.py:1561: UserWarning: Note that pos_label (set to 'yes') is ignored when average != 'binary' (got 'weighted'). You may use labels=[pos_label] to specify a single positive class.
  warnings.warn(

2025-07-01 11:41:48,435:WARNING:C:\Users\fares\anaconda3\envs\pycaret-env\Lib\site-packages\sklearn\metrics\_classification.py:1561: UserWarning: Note that pos_label (set to 'yes') is ignored when average != 'binary' (got 'weighted'). You may use labels=[pos_label] to specify a single positive class.
  warnings.warn(

2025-07-01 11:41:48,436:WARNING:C:\Users\fares\anaconda3\envs\pycaret-env\Lib\site-packages\sklearn\metrics\_classification.py:1561: UserWarning: Note that pos_label (set to 'yes') is ignored when average != 'binary' (got 'weighted'). You may use labels=[pos_label] to specify a single positive class.
  warnings.warn(

2025-07-01 11:41:48,440:WARNING:C:\Users\fares\anaconda3\envs\pycaret-env\Lib\site-packages\sklearn\metrics\_classification.py:1509: UndefinedMetricWarning: Precision is ill-defined and being set to 0.0 in labels with no predicted samples. Use `zero_division` parameter to control this behavior.
  _warn_prf(average, modifier, f"{metric.capitalize()} is", len(result))

2025-07-01 11:41:48,441:WARNING:C:\Users\fares\anaconda3\envs\pycaret-env\Lib\site-packages\sklearn\metrics\_classification.py:1561: UserWarning: Note that pos_label (set to 'yes') is ignored when average != 'binary' (got 'weighted'). You may use labels=[pos_label] to specify a single positive class.
  warnings.warn(

2025-07-01 11:41:48,443:WARNING:C:\Users\fares\anaconda3\envs\pycaret-env\Lib\site-packages\sklearn\metrics\_classification.py:1561: UserWarning: Note that pos_label (set to 'yes') is ignored when average != 'binary' (got 'weighted'). You may use labels=[pos_label] to specify a single positive class.
  warnings.warn(

2025-07-01 11:41:48,451:WARNING:C:\Users\fares\anaconda3\envs\pycaret-env\Lib\site-packages\sklearn\metrics\_classification.py:1561: UserWarning: Note that pos_label (set to 'yes') is ignored when average != 'binary' (got 'weighted'). You may use labels=[pos_label] to specify a single positive class.
  warnings.warn(

ier, f"{metric.capitalize()} is", len(result))

2025-07-01 11:41:48,453:WARNING:C:\Users\fares\anaconda3\envs\pycaret-env\Lib\site-packages\sklearn\metrics\_classification.py:1509: UndefinedMetricWarning: Precision is ill-defined and being set to 0.0 in labels with no predicted samples. Use `zero_division` parameter to control this behavior.
  _warn_prf(average, modifier, f"{metric.capitalize()} is", len(result))

2025-07-01 11:41:48,453:WARNING:C:\Users\fares\anaconda3\envs\pycaret-env\Lib\site-packages\sklearn\metrics\_classification.py:1561: UserWarning: Note that pos_label (set to 'yes') is ignored when average != 'binary' (got 'weighted'). You may use labels=[pos_label] to specify a single positive class.
  warnings.warn(

2025-07-01 11:41:48,458:WARNING:C:\Users\fares\anaconda3\envs\pycaret-env\Lib\site-packages\sklearn\metrics\_classification.py:1509: UndefinedMetricWarning: Precision is ill-defined and being set to 0.0 in labels with no predicted samples. Use `zero_division` parameter to control this behavior.
  _warn_prf(average, modifier, f"{metric.capitalize()} is", len(result))

2025-07-01 11:41:48,466:WARNING:C:\Users\fares\anaconda3\envs\pycaret-env\Lib\site-packages\sklearn\metrics\_classification.py:1561: UserWarning: Note that pos_label (set to 'yes') is ignored when average != 'binary' (got 'weighted'). You may use labels=[pos_label] to specify a single positive class.
  warnings.warn(

2025-07-01 11:41:48,467:WARNING:C:\Users\fares\anaconda3\envs\pycaret-env\Lib\site-packages\sklearn\metrics\_classification.py:1561: UserWarning: Note that pos_label (set to 'yes') is ignored when average != 'binary' (got 'weighted'). You may use labels=[pos_label] to specify a single positive class.
  warnings.warn(

2025-07-01 11:41:48,467:WARNING:C:\Users\fares\anaconda3\envs\pycaret-env\Lib\site-packages\sklearn\metrics\_classification.py:1561: UserWarning: Note that pos_label (set to 'yes') is ignored when average != 'binary' (got 'weighted'). You may use labels=[pos_label] to specify a single positive class.
  warnings.warn(

2025-07-01 11:41:48,468:WARNING:C:\Users\fares\anaconda3\envs\pycaret-env\Lib\site-packages\sklearn\metrics\_classification.py:1561: UserWarning: Note that pos_label (set to 'yes') is ignored when average != 'binary' (got 'weighted'). You may use labels=[pos_label] to specify a single positive class.
  warnings.warn(

2025-07-01 11:41:48,472:WARNING:C:\Users\fares\anaconda3\envs\pycaret-env\Lib\site-packages\sklearn\metrics\_classification.py:1509: UndefinedMetricWarning: Precision is ill-defined and being set to 0.0 in labels with no predicted samples. Use `zero_division` parameter to control this behavior.
  _warn_prf(average, modifier, f"{metric.capitalize()} is", len(result))

2025-07-01 11:41:48,473:WARNING:C:\Users\fares\anaconda3\envs\pycaret-env\Lib\site-packages\sklearn\metrics\_classification.py:1561: UserWarning: Note that pos_label (set to 'yes') is ignored when average != 'binary' (got 'weighted'). You may use labels=[pos_label] to specify a single positive class.
  warnings.warn(

2025-07-01 11:41:48,483:WARNING:C:\Users\fares\anaconda3\envs\pycaret-env\Lib\site-packages\sklearn\metrics\_classification.py:1561: UserWarning: Note that pos_label (set to 'yes') is ignored when average != 'binary' (got 'weighted'). You may use labels=[pos_label] to specify a single positive class.
  warnings.warn(

2025-07-01 11:41:48,485:WARNING:C:\Users\fares\anaconda3\envs\pycaret-env\Lib\site-packages\sklearn\metrics\_classification.py:1561: UserWarning: Note that pos_label (set to 'yes') is ignored when average != 'binary' (got 'weighted'). You may use labels=[pos_label] to specify a single positive class.
  warnings.warn(

2025-07-01 11:41:48,485:WARNING:C:\Users\fares\anaconda3\envs\pycaret-env\Lib\site-packages\sklearn\metrics\_classification.py:1509: UndefinedMetricWarning: Precision is ill-defined and being set to 0.0 in labels with no predicted samples. Use `zero_division` parameter to control this behavior.
  _warn_prf(average, modifier, f"{metric.capitalize()} is", len(result))

2025-07-01 11:41:48,485:WARNING:C:\Users\fares\anaconda3\envs\pycaret-env\Lib\site-packages\sklearn\metrics\_classification.py:1561: UserWarning: Note that pos_label (set to 'yes') is ignored when average != 'binary' (got 'weighted'). You may use labels=[pos_label] to specify a single positive class.
  warnings.warn(

2025-07-01 11:41:48,486:WARNING:C:\Users\fares\anaconda3\envs\pycaret-env\Lib\site-packages\sklearn\metrics\_classification.py:1509: UndefinedMetricWarning: Precision is ill-defined and being set to 0.0 in labels with no predicted samples. Use `zero_division` parameter to control this behavior.
  _warn_prf(average, modifier, f"{metric.capitalize()} is", len(result))

2025-07-01 11:41:48,500:WARNING:C:\Users\fares\anaconda3\envs\pycaret-env\Lib\site-packages\sklearn\metrics\_classification.py:1509: UndefinedMetricWarning: Precision is ill-defined and being set to 0.0 in labels with no predicted samples. Use `zero_division` parameter to control this behavior.
  _warn_prf(average, modifier, f"{metric.capitalize()} is", len(result))

2025-07-01 11:41:48,500:WARNING:C:\Users\fares\anaconda3\envs\pycaret-env\Lib\site-packages\sklearn\metrics\_classification.py:1561: UserWarning: Note that pos_label (set to 'yes') is ignored when average != 'binary' (got 'weighted'). You may use labels=[pos_label] to specify a single positive class.
  warnings.warn(

2025-07-01 11:41:48,500:WARNING:C:\Users\fares\anaconda3\envs\pycaret-env\Lib\site-packages\sklearn\metrics\_classification.py:1561: UserWarning: Note that pos_label (set to 'yes') is ignored when average != 'binary' (got 'weighted'). You may use labels=[pos_label] to specify a single positive class.
  warnings.warn(

2025-07-01 11:41:48,501:WARNING:C:\Users\fares\anaconda3\envs\pycaret-env\Lib\site-packages\sklearn\metrics\_classification.py:1509: UndefinedMetricWarning: Precision is ill-defined and being set to 0.0 in labels with no predicted samples. Use `zero_division` parameter to control this behavior.
  _warn_prf(average, modifier, f"{metric.capitalize()} is", len(result))

2025-07-01 11:41:48,511:WARNING:C:\Users\fares\anaconda3\envs\pycaret-env\Lib\site-packages\sklearn\metrics\_classification.py:1561: UserWarning: Note that pos_label (set to 'yes') is ignored when average != 'binary' (got 'weighted'). You may use labels=[pos_label] to specify a single positive class.
  warnings.warn(

2025-07-01 11:41:48,511:WARNING:C:\Users\fares\anaconda3\envs\pycaret-env\Lib\site-packages\sklearn\metrics\_classification.py:1561: UserWarning: Note that pos_label (set to 'yes') is ignored when average != 'binary' (got 'weighted'). You may use labels=[pos_label] to specify a single positive class.
  warnings.warn(

2025-07-01 11:41:48,551:INFO:Calculating mean and std
2025-07-01 11:41:48,553:INFO:Creating metrics dataframe
2025-07-01 11:41:48,555:INFO:Uploading results into container
2025-07-01 11:41:48,556:INFO:Uploading model into container now
2025-07-01 11:41:48,556:INFO:_master_model_container: 14
2025-07-01 11:41:48,556:INFO:_display_container: 2
2025-07-01 11:41:48,557:INFO:DummyClassifier(constant=None, random_state=123, strategy='prior')
2025-07-01 11:41:48,557:INFO:create_model() successfully completed......................................
2025-07-01 11:41:48,654:INFO:SubProcess create_model() end ==================================
2025-07-01 11:41:48,654:INFO:Creating metrics dataframe
2025-07-01 11:41:48,675:WARNING:C:\Users\fares\anaconda3\envs\pycaret-env\Lib\site-packages\pycaret\internal\pycaret_experiment\supervised_experiment.py:339: FutureWarning: Styler.applymap has been deprecated. Use Styler.map instead.
  .applymap(highlight_cols, subset=["TT (Sec)"])

2025-07-01 11:41:48,684:INFO:Initializing create_model()
2025-07-01 11:41:48,685:INFO:create_model(self=<pycaret.classification.oop.ClassificationExperiment object at 0x00000265F6767D10>, estimator=GradientBoostingClassifier(ccp_alpha=0.0, criterion='friedman_mse', init=None,
                           learning_rate=0.1, loss='log_loss', max_depth=3,
                           max_features=None, max_leaf_nodes=None,
                           min_impurity_decrease=0.0, min_samples_leaf=1,
                           min_samples_split=2, min_weight_fraction_leaf=0.0,
                           n_estimators=100, n_iter_no_change=None,
                           random_state=123, subsample=1.0, tol=0.0001,
                           validation_fraction=0.1, verbose=0,
                           warm_start=False), fold=StratifiedKFold(n_splits=10, random_state=None, shuffle=False), round=4, cross_validation=False, predict=False, fit_kwargs={}, groups=None, refit=True, probability_threshold=None, experiment_custom_tags=None, verbose=False, system=False, add_to_model_list=True, metrics=None, display=None, model_only=True, return_train_score=False, error_score=0.0, kwargs={})
2025-07-01 11:41:48,685:INFO:Checking exceptions
2025-07-01 11:41:48,686:INFO:Importing libraries
2025-07-01 11:41:48,687:INFO:Copying training dataset
2025-07-01 11:41:48,703:INFO:Defining folds
2025-07-01 11:41:48,703:INFO:Declaring metric variables
2025-07-01 11:41:48,703:INFO:Importing untrained model
2025-07-01 11:41:48,703:INFO:Declaring custom model
2025-07-01 11:41:48,704:INFO:Gradient Boosting Classifier Imported successfully
2025-07-01 11:41:48,707:INFO:Cross validation set to False
2025-07-01 11:41:48,707:INFO:Fitting Model
2025-07-01 11:41:55,346:INFO:GradientBoostingClassifier(ccp_alpha=0.0, criterion='friedman_mse', init=None,
                           learning_rate=0.1, loss='log_loss', max_depth=3,
                           max_features=None, max_leaf_nodes=None,
                           min_impurity_decrease=0.0, min_samples_leaf=1,
                           min_samples_split=2, min_weight_fraction_leaf=0.0,
                           n_estimators=100, n_iter_no_change=None,
                           random_state=123, subsample=1.0, tol=0.0001,
                           validation_fraction=0.1, verbose=0,
                           warm_start=False)
2025-07-01 11:41:55,346:INFO:create_model() successfully completed......................................
2025-07-01 11:41:55,473:INFO:_master_model_container: 14
2025-07-01 11:41:55,473:INFO:_display_container: 2
2025-07-01 11:41:55,474:INFO:GradientBoostingClassifier(ccp_alpha=0.0, criterion='friedman_mse', init=None,
                           learning_rate=0.1, loss='log_loss', max_depth=3,
                           max_features=None, max_leaf_nodes=None,
                           min_impurity_decrease=0.0, min_samples_leaf=1,
                           min_samples_split=2, min_weight_fraction_leaf=0.0,
                           n_estimators=100, n_iter_no_change=None,
                           random_state=123, subsample=1.0, tol=0.0001,
                           validation_fraction=0.1, verbose=0,
                           warm_start=False)
2025-07-01 11:41:55,474:INFO:compare_models() successfully completed......................................
2025-07-01 14:51:31,924:INFO:Initializing evaluate_model()
2025-07-01 14:51:31,925:INFO:evaluate_model(self=<pycaret.classification.oop.ClassificationExperiment object at 0x00000265F6767D10>, estimator=GradientBoostingClassifier(ccp_alpha=0.0, criterion='friedman_mse', init=None,
                           learning_rate=0.1, loss='log_loss', max_depth=3,
                           max_features=None, max_leaf_nodes=None,
                           min_impurity_decrease=0.0, min_samples_leaf=1,
                           min_samples_split=2, min_weight_fraction_leaf=0.0,
                           n_estimators=100, n_iter_no_change=None,
                           random_state=123, subsample=1.0, tol=0.0001,
                           validation_fraction=0.1, verbose=0,
                           warm_start=False), fold=None, fit_kwargs=None, plot_kwargs=None, feature_name=None, groups=None)
2025-07-01 14:51:31,958:INFO:Initializing plot_model()
2025-07-01 14:51:31,958:INFO:plot_model(self=<pycaret.classification.oop.ClassificationExperiment object at 0x00000265F6767D10>, estimator=GradientBoostingClassifier(ccp_alpha=0.0, criterion='friedman_mse', init=None,
                           learning_rate=0.1, loss='log_loss', max_depth=3,
                           max_features=None, max_leaf_nodes=None,
                           min_impurity_decrease=0.0, min_samples_leaf=1,
                           min_samples_split=2, min_weight_fraction_leaf=0.0,
                           n_estimators=100, n_iter_no_change=None,
                           random_state=123, subsample=1.0, tol=0.0001,
                           validation_fraction=0.1, verbose=0,
                           warm_start=False), plot=pipeline, scale=1, save=False, fold=StratifiedKFold(n_splits=10, random_state=None, shuffle=False), fit_kwargs={}, plot_kwargs=None, groups=None, feature_name=None, label=False, verbose=False, system=True, display=None, display_format=None)
2025-07-01 14:51:31,958:INFO:Checking exceptions
2025-07-01 14:51:31,967:INFO:Preloading libraries
2025-07-01 14:51:31,981:INFO:Copying training dataset
2025-07-01 14:51:31,981:INFO:Plot type: pipeline
2025-07-01 14:51:32,612:INFO:Visual Rendered Successfully
2025-07-01 14:51:32,824:INFO:plot_model() successfully completed......................................
2025-07-01 14:55:56,450:INFO:Initializing evaluate_model()
2025-07-01 14:55:56,450:INFO:evaluate_model(self=<pycaret.classification.oop.ClassificationExperiment object at 0x00000265F6767D10>, estimator=GradientBoostingClassifier(ccp_alpha=0.0, criterion='friedman_mse', init=None,
                           learning_rate=0.1, loss='log_loss', max_depth=3,
                           max_features=None, max_leaf_nodes=None,
                           min_impurity_decrease=0.0, min_samples_leaf=1,
                           min_samples_split=2, min_weight_fraction_leaf=0.0,
                           n_estimators=100, n_iter_no_change=None,
                           random_state=123, subsample=1.0, tol=0.0001,
                           validation_fraction=0.1, verbose=0,
                           warm_start=False), fold=None, fit_kwargs=None, plot_kwargs=None, feature_name=None, groups=None)
2025-07-01 14:55:56,465:INFO:Initializing plot_model()
2025-07-01 14:55:56,465:INFO:plot_model(self=<pycaret.classification.oop.ClassificationExperiment object at 0x00000265F6767D10>, estimator=GradientBoostingClassifier(ccp_alpha=0.0, criterion='friedman_mse', init=None,
                           learning_rate=0.1, loss='log_loss', max_depth=3,
                           max_features=None, max_leaf_nodes=None,
                           min_impurity_decrease=0.0, min_samples_leaf=1,
                           min_samples_split=2, min_weight_fraction_leaf=0.0,
                           n_estimators=100, n_iter_no_change=None,
                           random_state=123, subsample=1.0, tol=0.0001,
                           validation_fraction=0.1, verbose=0,
                           warm_start=False), plot=pipeline, scale=1, save=False, fold=StratifiedKFold(n_splits=10, random_state=None, shuffle=False), fit_kwargs={}, plot_kwargs=None, groups=None, feature_name=None, label=False, verbose=False, system=True, display=None, display_format=None)
2025-07-01 14:55:56,466:INFO:Checking exceptions
2025-07-01 14:55:56,474:INFO:Preloading libraries
2025-07-01 14:55:56,481:INFO:Copying training dataset
2025-07-01 14:55:56,481:INFO:Plot type: pipeline
2025-07-01 14:55:56,616:INFO:Visual Rendered Successfully
2025-07-01 14:55:56,713:INFO:plot_model() successfully completed......................................
2025-07-01 14:57:08,367:INFO:Initializing plot_model()
2025-07-01 14:57:08,367:INFO:plot_model(self=<pycaret.classification.oop.ClassificationExperiment object at 0x00000265F6767D10>, estimator=GradientBoostingClassifier(ccp_alpha=0.0, criterion='friedman_mse', init=None,
                           learning_rate=0.1, loss='log_loss', max_depth=3,
                           max_features=None, max_leaf_nodes=None,
                           min_impurity_decrease=0.0, min_samples_leaf=1,
                           min_samples_split=2, min_weight_fraction_leaf=0.0,
                           n_estimators=100, n_iter_no_change=None,
                           random_state=123, subsample=1.0, tol=0.0001,
                           validation_fraction=0.1, verbose=0,
                           warm_start=False), plot=confusion_matrix, scale=1, save=False, fold=None, fit_kwargs=None, plot_kwargs=None, groups=None, feature_name=None, label=False, verbose=True, system=True, display=None, display_format=None)
2025-07-01 14:57:08,367:INFO:Checking exceptions
2025-07-01 14:57:08,379:INFO:Preloading libraries
2025-07-01 14:57:08,386:INFO:Copying training dataset
2025-07-01 14:57:08,386:INFO:Plot type: confusion_matrix
2025-07-01 14:57:08,561:INFO:Fitting Model
2025-07-01 14:57:08,568:WARNING:C:\Users\fares\anaconda3\envs\pycaret-env\Lib\site-packages\sklearn\base.py:493: UserWarning: X does not have valid feature names, but GradientBoostingClassifier was fitted with feature names
  warnings.warn(

2025-07-01 14:57:08,568:INFO:Scoring test/hold-out set
2025-07-01 14:57:08,697:INFO:Visual Rendered Successfully
2025-07-01 14:57:08,811:INFO:plot_model() successfully completed......................................
2025-07-01 14:57:28,239:INFO:Initializing plot_model()
2025-07-01 14:57:28,240:INFO:plot_model(self=<pycaret.classification.oop.ClassificationExperiment object at 0x00000265F6767D10>, estimator=GradientBoostingClassifier(ccp_alpha=0.0, criterion='friedman_mse', init=None,
                           learning_rate=0.1, loss='log_loss', max_depth=3,
                           max_features=None, max_leaf_nodes=None,
                           min_impurity_decrease=0.0, min_samples_leaf=1,
                           min_samples_split=2, min_weight_fraction_leaf=0.0,
                           n_estimators=100, n_iter_no_change=None,
                           random_state=123, subsample=1.0, tol=0.0001,
                           validation_fraction=0.1, verbose=0,
                           warm_start=False), plot=auc, scale=1, save=False, fold=None, fit_kwargs=None, plot_kwargs=None, groups=None, feature_name=None, label=False, verbose=True, system=True, display=None, display_format=None)
2025-07-01 14:57:28,240:INFO:Checking exceptions
2025-07-01 14:57:28,250:INFO:Preloading libraries
2025-07-01 14:57:28,258:INFO:Copying training dataset
2025-07-01 14:57:28,258:INFO:Plot type: auc
2025-07-01 14:57:28,434:INFO:Fitting Model
2025-07-01 14:57:28,435:WARNING:C:\Users\fares\anaconda3\envs\pycaret-env\Lib\site-packages\sklearn\base.py:493: UserWarning: X does not have valid feature names, but GradientBoostingClassifier was fitted with feature names
  warnings.warn(

2025-07-01 14:57:28,435:INFO:Scoring test/hold-out set
2025-07-01 14:57:28,629:INFO:Visual Rendered Successfully
2025-07-01 14:57:28,722:INFO:plot_model() successfully completed......................................
2025-07-01 14:57:41,117:INFO:Initializing plot_model()
2025-07-01 14:57:41,117:INFO:plot_model(self=<pycaret.classification.oop.ClassificationExperiment object at 0x00000265F6767D10>, estimator=GradientBoostingClassifier(ccp_alpha=0.0, criterion='friedman_mse', init=None,
                           learning_rate=0.1, loss='log_loss', max_depth=3,
                           max_features=None, max_leaf_nodes=None,
                           min_impurity_decrease=0.0, min_samples_leaf=1,
                           min_samples_split=2, min_weight_fraction_leaf=0.0,
                           n_estimators=100, n_iter_no_change=None,
                           random_state=123, subsample=1.0, tol=0.0001,
                           validation_fraction=0.1, verbose=0,
                           warm_start=False), plot=feature, scale=1, save=False, fold=None, fit_kwargs=None, plot_kwargs=None, groups=None, feature_name=None, label=False, verbose=True, system=True, display=None, display_format=None)
2025-07-01 14:57:41,117:INFO:Checking exceptions
2025-07-01 14:57:41,126:INFO:Preloading libraries
2025-07-01 14:57:41,133:INFO:Copying training dataset
2025-07-01 14:57:41,134:INFO:Plot type: feature
2025-07-01 14:57:41,134:WARNING:No coef_ found. Trying feature_importances_
2025-07-01 14:57:41,295:INFO:Visual Rendered Successfully
2025-07-01 14:57:41,397:INFO:plot_model() successfully completed......................................
2025-07-01 14:57:53,054:INFO:Initializing plot_model()
2025-07-01 14:57:53,054:INFO:plot_model(self=<pycaret.classification.oop.ClassificationExperiment object at 0x00000265F6767D10>, estimator=GradientBoostingClassifier(ccp_alpha=0.0, criterion='friedman_mse', init=None,
                           learning_rate=0.1, loss='log_loss', max_depth=3,
                           max_features=None, max_leaf_nodes=None,
                           min_impurity_decrease=0.0, min_samples_leaf=1,
                           min_samples_split=2, min_weight_fraction_leaf=0.0,
                           n_estimators=100, n_iter_no_change=None,
                           random_state=123, subsample=1.0, tol=0.0001,
                           validation_fraction=0.1, verbose=0,
                           warm_start=False), plot=pr, scale=1, save=False, fold=None, fit_kwargs=None, plot_kwargs=None, groups=None, feature_name=None, label=False, verbose=True, system=True, display=None, display_format=None)
2025-07-01 14:57:53,054:INFO:Checking exceptions
2025-07-01 14:57:53,063:INFO:Preloading libraries
2025-07-01 14:57:53,072:INFO:Copying training dataset
2025-07-01 14:57:53,072:INFO:Plot type: pr
2025-07-01 14:57:53,258:INFO:Fitting Model
2025-07-01 14:57:53,259:WARNING:C:\Users\fares\anaconda3\envs\pycaret-env\Lib\site-packages\sklearn\base.py:493: UserWarning: X does not have valid feature names, but GradientBoostingClassifier was fitted with feature names
  warnings.warn(

2025-07-01 14:57:53,260:INFO:Scoring test/hold-out set
2025-07-01 14:57:53,426:INFO:Visual Rendered Successfully
2025-07-01 14:57:53,524:INFO:plot_model() successfully completed......................................
2025-07-04 10:04:14,808:WARNING:
'cuml' is a soft dependency and not included in the pycaret installation. Please run: `pip install cuml` to install.
2025-07-04 10:04:14,808:WARNING:
'cuml' is a soft dependency and not included in the pycaret installation. Please run: `pip install cuml` to install.
2025-07-04 10:04:14,808:WARNING:
'cuml' is a soft dependency and not included in the pycaret installation. Please run: `pip install cuml` to install.
2025-07-04 10:04:14,808:WARNING:
'cuml' is a soft dependency and not included in the pycaret installation. Please run: `pip install cuml` to install.
2025-07-04 10:04:17,757:INFO:PyCaret ClassificationExperiment
2025-07-04 10:04:17,757:INFO:Logging name: clf-default-name
2025-07-04 10:04:17,757:INFO:ML Usecase: MLUsecase.CLASSIFICATION
2025-07-04 10:04:17,757:INFO:version 3.3.2
2025-07-04 10:04:17,757:INFO:Initializing setup()
2025-07-04 10:04:17,757:INFO:self.USI: 454b
2025-07-04 10:04:17,757:INFO:self._variable_keys: {'log_plots_param', '_ml_usecase', 'X_train', 'USI', 'y_test', 'X', 'is_multiclass', 'gpu_param', 'exp_name_log', 'target_param', 'fold_shuffle_param', 'fix_imbalance', 'data', 'pipeline', 'fold_groups_param', 'y_train', 'seed', 'n_jobs_param', 'X_test', 'memory', 'exp_id', 'html_param', 'logging_param', 'y', '_available_plots', 'gpu_n_jobs_param', 'fold_generator', 'idx'}
2025-07-04 10:04:17,757:INFO:Checking environment
2025-07-04 10:04:17,757:INFO:python_version: 3.11.13
2025-07-04 10:04:17,757:INFO:python_build: ('main', 'Jun  5 2025 13:03:15')
2025-07-04 10:04:17,757:INFO:machine: AMD64
2025-07-04 10:04:17,757:INFO:platform: Windows-10-10.0.26120-SP0
2025-07-04 10:04:17,764:INFO:Memory: svmem(total=16415322112, available=5316673536, percent=67.6, used=11098648576, free=5316673536)
2025-07-04 10:04:17,764:INFO:Physical Core: 8
2025-07-04 10:04:17,764:INFO:Logical Core: 16
2025-07-04 10:04:17,764:INFO:Checking libraries
2025-07-04 10:04:17,764:INFO:System:
2025-07-04 10:04:17,764:INFO:    python: 3.11.13 | packaged by Anaconda, Inc. | (main, Jun  5 2025, 13:03:15) [MSC v.1929 64 bit (AMD64)]
2025-07-04 10:04:17,764:INFO:executable: C:\Users\fares\anaconda3\envs\pycaret-env\python.exe
2025-07-04 10:04:17,764:INFO:   machine: Windows-10-10.0.26120-SP0
2025-07-04 10:04:17,765:INFO:PyCaret required dependencies:
2025-07-04 10:04:17,852:INFO:                 pip: 25.1
2025-07-04 10:04:17,852:INFO:          setuptools: 72.1.0
2025-07-04 10:04:17,852:INFO:             pycaret: 3.3.2
2025-07-04 10:04:17,852:INFO:             IPython: 9.3.0
2025-07-04 10:04:17,853:INFO:          ipywidgets: 8.1.7
2025-07-04 10:04:17,853:INFO:                tqdm: 4.67.1
2025-07-04 10:04:17,853:INFO:               numpy: 1.26.4
2025-07-04 10:04:17,853:INFO:              pandas: 2.1.4
2025-07-04 10:04:17,853:INFO:              jinja2: 3.1.6
2025-07-04 10:04:17,853:INFO:               scipy: 1.10.1
2025-07-04 10:04:17,853:INFO:              joblib: 1.3.2
2025-07-04 10:04:17,853:INFO:             sklearn: 1.4.2
2025-07-04 10:04:17,853:INFO:                pyod: 2.0.5
2025-07-04 10:04:17,853:INFO:            imblearn: 0.13.0
2025-07-04 10:04:17,853:INFO:   category_encoders: 2.7.0
2025-07-04 10:04:17,853:INFO:            lightgbm: 4.6.0
2025-07-04 10:04:17,853:INFO:               numba: 0.61.2
2025-07-04 10:04:17,853:INFO:            requests: 2.32.4
2025-07-04 10:04:17,853:INFO:          matplotlib: 3.7.5
2025-07-04 10:04:17,853:INFO:          scikitplot: 0.3.7
2025-07-04 10:04:17,853:INFO:         yellowbrick: 1.5
2025-07-04 10:04:17,853:INFO:              plotly: 5.24.1
2025-07-04 10:04:17,853:INFO:    plotly-resampler: Not installed
2025-07-04 10:04:17,853:INFO:             kaleido: 1.0.0
2025-07-04 10:04:17,853:INFO:           schemdraw: 0.15
2025-07-04 10:04:17,853:INFO:         statsmodels: 0.14.4
2025-07-04 10:04:17,853:INFO:              sktime: 0.26.0
2025-07-04 10:04:17,853:INFO:               tbats: 1.1.3
2025-07-04 10:04:17,853:INFO:            pmdarima: 2.0.4
2025-07-04 10:04:17,853:INFO:              psutil: 7.0.0
2025-07-04 10:04:17,853:INFO:          markupsafe: 3.0.2
2025-07-04 10:04:17,853:INFO:             pickle5: Not installed
2025-07-04 10:04:17,853:INFO:         cloudpickle: 3.1.1
2025-07-04 10:04:17,853:INFO:         deprecation: 2.1.0
2025-07-04 10:04:17,853:INFO:              xxhash: 3.5.0
2025-07-04 10:04:17,853:INFO:           wurlitzer: Not installed
2025-07-04 10:04:17,853:INFO:PyCaret optional dependencies:
2025-07-04 10:04:17,871:INFO:                shap: Not installed
2025-07-04 10:04:17,872:INFO:           interpret: Not installed
2025-07-04 10:04:17,872:INFO:                umap: Not installed
2025-07-04 10:04:17,872:INFO:     ydata_profiling: Not installed
2025-07-04 10:04:17,872:INFO:  explainerdashboard: Not installed
2025-07-04 10:04:17,872:INFO:             autoviz: Not installed
2025-07-04 10:04:17,872:INFO:           fairlearn: Not installed
2025-07-04 10:04:17,872:INFO:          deepchecks: Not installed
2025-07-04 10:04:17,872:INFO:             xgboost: Not installed
2025-07-04 10:04:17,872:INFO:            catboost: Not installed
2025-07-04 10:04:17,872:INFO:              kmodes: Not installed
2025-07-04 10:04:17,872:INFO:             mlxtend: Not installed
2025-07-04 10:04:17,872:INFO:       statsforecast: Not installed
2025-07-04 10:04:17,872:INFO:        tune_sklearn: Not installed
2025-07-04 10:04:17,872:INFO:                 ray: Not installed
2025-07-04 10:04:17,872:INFO:            hyperopt: Not installed
2025-07-04 10:04:17,873:INFO:              optuna: Not installed
2025-07-04 10:04:17,873:INFO:               skopt: Not installed
2025-07-04 10:04:17,873:INFO:              mlflow: Not installed
2025-07-04 10:04:17,873:INFO:              gradio: Not installed
2025-07-04 10:04:17,873:INFO:             fastapi: Not installed
2025-07-04 10:04:17,873:INFO:             uvicorn: Not installed
2025-07-04 10:04:17,873:INFO:              m2cgen: Not installed
2025-07-04 10:04:17,873:INFO:           evidently: Not installed
2025-07-04 10:04:17,873:INFO:               fugue: Not installed
2025-07-04 10:04:17,873:INFO:           streamlit: Not installed
2025-07-04 10:04:17,873:INFO:             prophet: Not installed
2025-07-04 10:04:17,873:INFO:None
2025-07-04 10:04:17,874:INFO:Set up data.
2025-07-04 10:04:17,914:INFO:Set up folding strategy.
2025-07-04 10:04:17,914:INFO:Set up train/test split.
2025-07-04 10:04:17,960:INFO:Set up index.
2025-07-04 10:04:17,960:INFO:Assigning column types.
2025-07-04 10:04:17,970:INFO:Engine successfully changes for model 'lr' to 'sklearn'.
2025-07-04 10:04:18,002:INFO:Engine for model 'knn' has not been set explicitly, hence returning None.
2025-07-04 10:04:18,014:INFO:Engine for model 'rbfsvm' has not been set explicitly, hence returning None.
2025-07-04 10:04:18,063:WARNING:
'xgboost' is a soft dependency and not included in the pycaret installation. Please run: `pip install xgboost` to install.
Alternately, you can install this by running `pip install pycaret[models]`
2025-07-04 10:04:18,063:WARNING:
'catboost' is a soft dependency and not included in the pycaret installation. Please run: `pip install catboost` to install.
Alternately, you can install this by running `pip install pycaret[models]`
2025-07-04 10:04:18,097:INFO:Engine for model 'knn' has not been set explicitly, hence returning None.
2025-07-04 10:04:18,098:INFO:Engine for model 'rbfsvm' has not been set explicitly, hence returning None.
2025-07-04 10:04:18,119:WARNING:
'xgboost' is a soft dependency and not included in the pycaret installation. Please run: `pip install xgboost` to install.
Alternately, you can install this by running `pip install pycaret[models]`
2025-07-04 10:04:18,119:WARNING:
'catboost' is a soft dependency and not included in the pycaret installation. Please run: `pip install catboost` to install.
Alternately, you can install this by running `pip install pycaret[models]`
2025-07-04 10:04:18,119:INFO:Engine successfully changes for model 'knn' to 'sklearn'.
2025-07-04 10:04:18,151:INFO:Engine for model 'rbfsvm' has not been set explicitly, hence returning None.
2025-07-04 10:04:18,170:WARNING:
'xgboost' is a soft dependency and not included in the pycaret installation. Please run: `pip install xgboost` to install.
Alternately, you can install this by running `pip install pycaret[models]`
2025-07-04 10:04:18,170:WARNING:
'catboost' is a soft dependency and not included in the pycaret installation. Please run: `pip install catboost` to install.
Alternately, you can install this by running `pip install pycaret[models]`
2025-07-04 10:04:18,203:INFO:Engine for model 'rbfsvm' has not been set explicitly, hence returning None.
2025-07-04 10:04:18,223:WARNING:
'xgboost' is a soft dependency and not included in the pycaret installation. Please run: `pip install xgboost` to install.
Alternately, you can install this by running `pip install pycaret[models]`
2025-07-04 10:04:18,223:WARNING:
'catboost' is a soft dependency and not included in the pycaret installation. Please run: `pip install catboost` to install.
Alternately, you can install this by running `pip install pycaret[models]`
2025-07-04 10:04:18,223:INFO:Engine successfully changes for model 'rbfsvm' to 'sklearn'.
2025-07-04 10:04:18,274:WARNING:
'xgboost' is a soft dependency and not included in the pycaret installation. Please run: `pip install xgboost` to install.
Alternately, you can install this by running `pip install pycaret[models]`
2025-07-04 10:04:18,275:WARNING:
'catboost' is a soft dependency and not included in the pycaret installation. Please run: `pip install catboost` to install.
Alternately, you can install this by running `pip install pycaret[models]`
2025-07-04 10:04:18,327:WARNING:
'xgboost' is a soft dependency and not included in the pycaret installation. Please run: `pip install xgboost` to install.
Alternately, you can install this by running `pip install pycaret[models]`
2025-07-04 10:04:18,327:WARNING:
'catboost' is a soft dependency and not included in the pycaret installation. Please run: `pip install catboost` to install.
Alternately, you can install this by running `pip install pycaret[models]`
2025-07-04 10:04:18,334:INFO:Preparing preprocessing pipeline...
2025-07-04 10:04:18,336:INFO:Set up label encoding.
2025-07-04 10:04:18,336:INFO:Set up simple imputation.
2025-07-04 10:04:18,344:INFO:Set up encoding of ordinal features.
2025-07-04 10:04:18,347:INFO:Set up encoding of categorical features.
2025-07-04 10:04:18,348:INFO:Set up column name cleaning.
2025-07-04 10:04:18,882:INFO:Finished creating preprocessing pipeline.
2025-07-04 10:04:18,894:INFO:Pipeline: Pipeline(memory=FastMemory(location=C:\Users\fares\AppData\Local\Temp\joblib),
         steps=[('label_encoding',
                 TransformerWrapperWithInverse(exclude=None, include=None,
                                               transformer=LabelEncoder())),
                ('numerical_imputer',
                 TransformerWrapper(exclude=None,
                                    include=['age', 'duration', 'campaign',
                                             'pdays', 'previous',
                                             'emp.var.rate', 'cons.price.idx',
                                             'cons.conf.idx', 'euri...
                                    transformer=OneHotEncoder(cols=['job',
                                                                    'marital',
                                                                    'education',
                                                                    'default',
                                                                    'housing',
                                                                    'loan',
                                                                    'month',
                                                                    'day_of_week',
                                                                    'poutcome'],
                                                              drop_invariant=False,
                                                              handle_missing='return_nan',
                                                              handle_unknown='value',
                                                              return_df=True,
                                                              use_cat_names=True,
                                                              verbose=0))),
                ('clean_column_names',
                 TransformerWrapper(exclude=None, include=None,
                                    transformer=CleanColumnNames(match='[\\]\\[\\,\\{\\}\\"\\:]+')))],
         verbose=False)
2025-07-04 10:04:18,894:INFO:Creating final display dataframe.
2025-07-04 10:04:19,430:INFO:Setup _display_container:                     Description             Value
0                    Session id              3977
1                        Target                 y
2                   Target type            Binary
3                Target mapping     no: 0, yes: 1
4           Original data shape       (41188, 21)
5        Transformed data shape       (41188, 63)
6   Transformed train set shape       (28831, 63)
7    Transformed test set shape       (12357, 63)
8              Numeric features                10
9          Categorical features                10
10                   Preprocess              True
11              Imputation type            simple
12           Numeric imputation              mean
13       Categorical imputation              mode
14     Maximum one-hot encoding                25
15              Encoding method              None
16               Fold Generator   StratifiedKFold
17                  Fold Number                10
18                     CPU Jobs                -1
19                      Use GPU             False
20               Log Experiment             False
21              Experiment Name  clf-default-name
22                          USI              454b
2025-07-04 10:04:19,490:WARNING:
'xgboost' is a soft dependency and not included in the pycaret installation. Please run: `pip install xgboost` to install.
Alternately, you can install this by running `pip install pycaret[models]`
2025-07-04 10:04:19,491:WARNING:
'catboost' is a soft dependency and not included in the pycaret installation. Please run: `pip install catboost` to install.
Alternately, you can install this by running `pip install pycaret[models]`
2025-07-04 10:04:19,553:WARNING:
'xgboost' is a soft dependency and not included in the pycaret installation. Please run: `pip install xgboost` to install.
Alternately, you can install this by running `pip install pycaret[models]`
2025-07-04 10:04:19,554:WARNING:
'catboost' is a soft dependency and not included in the pycaret installation. Please run: `pip install catboost` to install.
Alternately, you can install this by running `pip install pycaret[models]`
2025-07-04 10:04:19,555:INFO:setup() successfully completed in 1.81s...............
2025-07-04 10:04:19,686:INFO:PyCaret ClassificationExperiment
2025-07-04 10:04:19,686:INFO:Logging name: clf-default-name
2025-07-04 10:04:19,686:INFO:ML Usecase: MLUsecase.CLASSIFICATION
2025-07-04 10:04:19,686:INFO:version 3.3.2
2025-07-04 10:04:19,686:INFO:Initializing setup()
2025-07-04 10:04:19,686:INFO:self.USI: 5dc7
2025-07-04 10:04:19,686:INFO:self._variable_keys: {'log_plots_param', '_ml_usecase', 'X_train', 'USI', 'y_test', 'X', 'is_multiclass', 'gpu_param', 'exp_name_log', 'target_param', 'fold_shuffle_param', 'fix_imbalance', 'data', 'pipeline', 'fold_groups_param', 'y_train', 'seed', 'n_jobs_param', 'X_test', 'memory', 'exp_id', 'html_param', 'logging_param', 'y', '_available_plots', 'gpu_n_jobs_param', 'fold_generator', 'idx'}
2025-07-04 10:04:19,686:INFO:Checking environment
2025-07-04 10:04:19,686:INFO:python_version: 3.11.13
2025-07-04 10:04:19,686:INFO:python_build: ('main', 'Jun  5 2025 13:03:15')
2025-07-04 10:04:19,686:INFO:machine: AMD64
2025-07-04 10:04:19,686:INFO:platform: Windows-10-10.0.26120-SP0
2025-07-04 10:04:19,692:INFO:Memory: svmem(total=16415322112, available=5250691072, percent=68.0, used=11164631040, free=5250691072)
2025-07-04 10:04:19,693:INFO:Physical Core: 8
2025-07-04 10:04:19,693:INFO:Logical Core: 16
2025-07-04 10:04:19,693:INFO:Checking libraries
2025-07-04 10:04:19,693:INFO:System:
2025-07-04 10:04:19,693:INFO:    python: 3.11.13 | packaged by Anaconda, Inc. | (main, Jun  5 2025, 13:03:15) [MSC v.1929 64 bit (AMD64)]
2025-07-04 10:04:19,693:INFO:executable: C:\Users\fares\anaconda3\envs\pycaret-env\python.exe
2025-07-04 10:04:19,693:INFO:   machine: Windows-10-10.0.26120-SP0
2025-07-04 10:04:19,693:INFO:PyCaret required dependencies:
2025-07-04 10:04:19,693:INFO:                 pip: 25.1
2025-07-04 10:04:19,693:INFO:          setuptools: 72.1.0
2025-07-04 10:04:19,693:INFO:             pycaret: 3.3.2
2025-07-04 10:04:19,693:INFO:             IPython: 9.3.0
2025-07-04 10:04:19,693:INFO:          ipywidgets: 8.1.7
2025-07-04 10:04:19,693:INFO:                tqdm: 4.67.1
2025-07-04 10:04:19,693:INFO:               numpy: 1.26.4
2025-07-04 10:04:19,693:INFO:              pandas: 2.1.4
2025-07-04 10:04:19,693:INFO:              jinja2: 3.1.6
2025-07-04 10:04:19,693:INFO:               scipy: 1.10.1
2025-07-04 10:04:19,693:INFO:              joblib: 1.3.2
2025-07-04 10:04:19,693:INFO:             sklearn: 1.4.2
2025-07-04 10:04:19,693:INFO:                pyod: 2.0.5
2025-07-04 10:04:19,693:INFO:            imblearn: 0.13.0
2025-07-04 10:04:19,693:INFO:   category_encoders: 2.7.0
2025-07-04 10:04:19,693:INFO:            lightgbm: 4.6.0
2025-07-04 10:04:19,693:INFO:               numba: 0.61.2
2025-07-04 10:04:19,693:INFO:            requests: 2.32.4
2025-07-04 10:04:19,693:INFO:          matplotlib: 3.7.5
2025-07-04 10:04:19,693:INFO:          scikitplot: 0.3.7
2025-07-04 10:04:19,693:INFO:         yellowbrick: 1.5
2025-07-04 10:04:19,693:INFO:              plotly: 5.24.1
2025-07-04 10:04:19,693:INFO:    plotly-resampler: Not installed
2025-07-04 10:04:19,694:INFO:             kaleido: 1.0.0
2025-07-04 10:04:19,694:INFO:           schemdraw: 0.15
2025-07-04 10:04:19,694:INFO:         statsmodels: 0.14.4
2025-07-04 10:04:19,694:INFO:              sktime: 0.26.0
2025-07-04 10:04:19,694:INFO:               tbats: 1.1.3
2025-07-04 10:04:19,694:INFO:            pmdarima: 2.0.4
2025-07-04 10:04:19,694:INFO:              psutil: 7.0.0
2025-07-04 10:04:19,694:INFO:          markupsafe: 3.0.2
2025-07-04 10:04:19,694:INFO:             pickle5: Not installed
2025-07-04 10:04:19,694:INFO:         cloudpickle: 3.1.1
2025-07-04 10:04:19,694:INFO:         deprecation: 2.1.0
2025-07-04 10:04:19,694:INFO:              xxhash: 3.5.0
2025-07-04 10:04:19,694:INFO:           wurlitzer: Not installed
2025-07-04 10:04:19,694:INFO:PyCaret optional dependencies:
2025-07-04 10:04:19,694:INFO:                shap: Not installed
2025-07-04 10:04:19,694:INFO:           interpret: Not installed
2025-07-04 10:04:19,694:INFO:                umap: Not installed
2025-07-04 10:04:19,694:INFO:     ydata_profiling: Not installed
2025-07-04 10:04:19,694:INFO:  explainerdashboard: Not installed
2025-07-04 10:04:19,694:INFO:             autoviz: Not installed
2025-07-04 10:04:19,694:INFO:           fairlearn: Not installed
2025-07-04 10:04:19,694:INFO:          deepchecks: Not installed
2025-07-04 10:04:19,694:INFO:             xgboost: Not installed
2025-07-04 10:04:19,694:INFO:            catboost: Not installed
2025-07-04 10:04:19,694:INFO:              kmodes: Not installed
2025-07-04 10:04:19,694:INFO:             mlxtend: Not installed
2025-07-04 10:04:19,694:INFO:       statsforecast: Not installed
2025-07-04 10:04:19,694:INFO:        tune_sklearn: Not installed
2025-07-04 10:04:19,694:INFO:                 ray: Not installed
2025-07-04 10:04:19,694:INFO:            hyperopt: Not installed
2025-07-04 10:04:19,694:INFO:              optuna: Not installed
2025-07-04 10:04:19,694:INFO:               skopt: Not installed
2025-07-04 10:04:19,694:INFO:              mlflow: Not installed
2025-07-04 10:04:19,694:INFO:              gradio: Not installed
2025-07-04 10:04:19,694:INFO:             fastapi: Not installed
2025-07-04 10:04:19,695:INFO:             uvicorn: Not installed
2025-07-04 10:04:19,695:INFO:              m2cgen: Not installed
2025-07-04 10:04:19,695:INFO:           evidently: Not installed
2025-07-04 10:04:19,695:INFO:               fugue: Not installed
2025-07-04 10:04:19,695:INFO:           streamlit: Not installed
2025-07-04 10:04:19,695:INFO:             prophet: Not installed
2025-07-04 10:04:19,695:INFO:None
2025-07-04 10:04:19,695:INFO:Set up data.
2025-07-04 10:04:19,732:INFO:Set up folding strategy.
2025-07-04 10:04:19,733:INFO:Set up train/test split.
2025-07-04 10:04:19,763:INFO:Set up index.
2025-07-04 10:04:19,764:INFO:Assigning column types.
2025-07-04 10:04:19,773:INFO:Engine successfully changes for model 'lr' to 'sklearn'.
2025-07-04 10:04:19,807:INFO:Engine for model 'knn' has not been set explicitly, hence returning None.
2025-07-04 10:04:19,808:INFO:Engine for model 'rbfsvm' has not been set explicitly, hence returning None.
2025-07-04 10:04:19,828:WARNING:
'xgboost' is a soft dependency and not included in the pycaret installation. Please run: `pip install xgboost` to install.
Alternately, you can install this by running `pip install pycaret[models]`
2025-07-04 10:04:19,828:WARNING:
'catboost' is a soft dependency and not included in the pycaret installation. Please run: `pip install catboost` to install.
Alternately, you can install this by running `pip install pycaret[models]`
2025-07-04 10:04:19,863:INFO:Engine for model 'knn' has not been set explicitly, hence returning None.
2025-07-04 10:04:19,864:INFO:Engine for model 'rbfsvm' has not been set explicitly, hence returning None.
2025-07-04 10:04:19,887:WARNING:
'xgboost' is a soft dependency and not included in the pycaret installation. Please run: `pip install xgboost` to install.
Alternately, you can install this by running `pip install pycaret[models]`
2025-07-04 10:04:19,887:WARNING:
'catboost' is a soft dependency and not included in the pycaret installation. Please run: `pip install catboost` to install.
Alternately, you can install this by running `pip install pycaret[models]`
2025-07-04 10:04:19,888:INFO:Engine successfully changes for model 'knn' to 'sklearn'.
2025-07-04 10:04:19,926:INFO:Engine for model 'rbfsvm' has not been set explicitly, hence returning None.
2025-07-04 10:04:19,948:WARNING:
'xgboost' is a soft dependency and not included in the pycaret installation. Please run: `pip install xgboost` to install.
Alternately, you can install this by running `pip install pycaret[models]`
2025-07-04 10:04:19,948:WARNING:
'catboost' is a soft dependency and not included in the pycaret installation. Please run: `pip install catboost` to install.
Alternately, you can install this by running `pip install pycaret[models]`
2025-07-04 10:04:19,984:INFO:Engine for model 'rbfsvm' has not been set explicitly, hence returning None.
2025-07-04 10:04:20,005:WARNING:
'xgboost' is a soft dependency and not included in the pycaret installation. Please run: `pip install xgboost` to install.
Alternately, you can install this by running `pip install pycaret[models]`
2025-07-04 10:04:20,006:WARNING:
'catboost' is a soft dependency and not included in the pycaret installation. Please run: `pip install catboost` to install.
Alternately, you can install this by running `pip install pycaret[models]`
2025-07-04 10:04:20,006:INFO:Engine successfully changes for model 'rbfsvm' to 'sklearn'.
2025-07-04 10:04:20,065:WARNING:
'xgboost' is a soft dependency and not included in the pycaret installation. Please run: `pip install xgboost` to install.
Alternately, you can install this by running `pip install pycaret[models]`
2025-07-04 10:04:20,065:WARNING:
'catboost' is a soft dependency and not included in the pycaret installation. Please run: `pip install catboost` to install.
Alternately, you can install this by running `pip install pycaret[models]`
2025-07-04 10:04:20,117:WARNING:
'xgboost' is a soft dependency and not included in the pycaret installation. Please run: `pip install xgboost` to install.
Alternately, you can install this by running `pip install pycaret[models]`
2025-07-04 10:04:20,118:WARNING:
'catboost' is a soft dependency and not included in the pycaret installation. Please run: `pip install catboost` to install.
Alternately, you can install this by running `pip install pycaret[models]`
2025-07-04 10:04:20,120:INFO:Preparing preprocessing pipeline...
2025-07-04 10:04:20,122:INFO:Set up label encoding.
2025-07-04 10:04:20,123:INFO:Set up simple imputation.
2025-07-04 10:04:20,131:INFO:Set up encoding of ordinal features.
2025-07-04 10:04:20,134:INFO:Set up encoding of categorical features.
2025-07-04 10:04:20,136:INFO:Set up column name cleaning.
2025-07-04 10:04:20,386:INFO:Finished creating preprocessing pipeline.
2025-07-04 10:04:20,398:INFO:Pipeline: Pipeline(memory=FastMemory(location=C:\Users\fares\AppData\Local\Temp\joblib),
         steps=[('label_encoding',
                 TransformerWrapperWithInverse(exclude=None, include=None,
                                               transformer=LabelEncoder())),
                ('numerical_imputer',
                 TransformerWrapper(exclude=None,
                                    include=['age', 'duration', 'campaign',
                                             'pdays', 'previous',
                                             'emp.var.rate', 'cons.price.idx',
                                             'cons.conf.idx', 'euri...
                                    transformer=OneHotEncoder(cols=['job',
                                                                    'marital',
                                                                    'education',
                                                                    'default',
                                                                    'housing',
                                                                    'loan',
                                                                    'month',
                                                                    'day_of_week',
                                                                    'poutcome'],
                                                              drop_invariant=False,
                                                              handle_missing='return_nan',
                                                              handle_unknown='value',
                                                              return_df=True,
                                                              use_cat_names=True,
                                                              verbose=0))),
                ('clean_column_names',
                 TransformerWrapper(exclude=None, include=None,
                                    transformer=CleanColumnNames(match='[\\]\\[\\,\\{\\}\\"\\:]+')))],
         verbose=False)
2025-07-04 10:04:20,398:INFO:Creating final display dataframe.
2025-07-04 10:04:20,569:INFO:Setup _display_container:                     Description             Value
0                    Session id               123
1                        Target                 y
2                   Target type            Binary
3                Target mapping     no: 0, yes: 1
4           Original data shape       (41183, 21)
5        Transformed data shape       (41183, 63)
6   Transformed train set shape       (28828, 63)
7    Transformed test set shape       (12355, 63)
8              Numeric features                10
9          Categorical features                10
10                   Preprocess              True
11              Imputation type            simple
12           Numeric imputation              mean
13       Categorical imputation              mode
14     Maximum one-hot encoding                25
15              Encoding method              None
16               Fold Generator   StratifiedKFold
17                  Fold Number                10
18                     CPU Jobs                -1
19                      Use GPU             False
20               Log Experiment             False
21              Experiment Name  clf-default-name
22                          USI              5dc7
2025-07-04 10:04:20,631:WARNING:
'xgboost' is a soft dependency and not included in the pycaret installation. Please run: `pip install xgboost` to install.
Alternately, you can install this by running `pip install pycaret[models]`
2025-07-04 10:04:20,632:WARNING:
'catboost' is a soft dependency and not included in the pycaret installation. Please run: `pip install catboost` to install.
Alternately, you can install this by running `pip install pycaret[models]`
2025-07-04 10:04:20,688:WARNING:
'xgboost' is a soft dependency and not included in the pycaret installation. Please run: `pip install xgboost` to install.
Alternately, you can install this by running `pip install pycaret[models]`
2025-07-04 10:04:20,688:WARNING:
'catboost' is a soft dependency and not included in the pycaret installation. Please run: `pip install catboost` to install.
Alternately, you can install this by running `pip install pycaret[models]`
2025-07-04 10:04:20,689:INFO:setup() successfully completed in 1.01s...............
2025-07-04 10:04:20,697:INFO:Initializing compare_models()
2025-07-04 10:04:20,697:INFO:compare_models(self=<pycaret.classification.oop.ClassificationExperiment object at 0x000001EC2D533E10>, include=None, exclude=None, fold=None, round=4, cross_validation=True, sort=Accuracy, n_select=1, budget_time=None, turbo=True, errors=ignore, fit_kwargs=None, groups=None, experiment_custom_tags=None, probability_threshold=None, verbose=True, parallel=None, caller_params={'self': <pycaret.classification.oop.ClassificationExperiment object at 0x000001EC2D533E10>, 'include': None, 'exclude': None, 'fold': None, 'round': 4, 'cross_validation': True, 'sort': 'Accuracy', 'n_select': 1, 'budget_time': None, 'turbo': True, 'errors': 'ignore', 'fit_kwargs': None, 'groups': None, 'experiment_custom_tags': None, 'probability_threshold': None, 'engine': None, 'verbose': True, 'parallel': None, '__class__': <class 'pycaret.classification.oop.ClassificationExperiment'>})
2025-07-04 10:04:20,697:INFO:Checking exceptions
2025-07-04 10:04:20,707:INFO:Preparing display monitor
2025-07-04 10:04:20,726:INFO:Initializing Logistic Regression
2025-07-04 10:04:20,726:INFO:Total runtime is 0.0 minutes
2025-07-04 10:04:20,729:INFO:SubProcess create_model() called ==================================
2025-07-04 10:04:20,729:INFO:Initializing create_model()
2025-07-04 10:04:20,729:INFO:create_model(self=<pycaret.classification.oop.ClassificationExperiment object at 0x000001EC2D533E10>, estimator=lr, fold=StratifiedKFold(n_splits=10, random_state=None, shuffle=False), round=4, cross_validation=True, predict=True, fit_kwargs={}, groups=None, refit=False, probability_threshold=None, experiment_custom_tags=None, verbose=False, system=False, add_to_model_list=True, metrics=None, display=<pycaret.internal.display.display.CommonDisplay object at 0x000001EC2D2E4D10>, model_only=True, return_train_score=False, error_score=0.0, kwargs={})
2025-07-04 10:04:20,729:INFO:Checking exceptions
2025-07-04 10:04:20,730:INFO:Importing libraries
2025-07-04 10:04:20,730:INFO:Copying training dataset
2025-07-04 10:04:20,745:INFO:Defining folds
2025-07-04 10:04:20,745:INFO:Declaring metric variables
2025-07-04 10:04:20,750:INFO:Importing untrained model
2025-07-04 10:04:20,752:INFO:Logistic Regression Imported successfully
2025-07-04 10:04:20,758:INFO:Starting cross validation
2025-07-04 10:04:20,762:INFO:Cross validating with StratifiedKFold(n_splits=10, random_state=None, shuffle=False), n_jobs=-1
2025-07-04 10:04:31,570:WARNING:C:\Users\fares\anaconda3\envs\pycaret-env\Lib\site-packages\sklearn\linear_model\_logistic.py:469: ConvergenceWarning: lbfgs failed to converge (status=1):
STOP: TOTAL NO. of ITERATIONS REACHED LIMIT.

Increase the number of iterations (max_iter) or scale the data as shown in:
    https://scikit-learn.org/stable/modules/preprocessing.html
Please also refer to the documentation for alternative solver options:
    https://scikit-learn.org/stable/modules/linear_model.html#logistic-regression
  n_iter_i = _check_optimize_result(

2025-07-04 10:04:31,572:WARNING:C:\Users\fares\anaconda3\envs\pycaret-env\Lib\site-packages\sklearn\linear_model\_logistic.py:469: ConvergenceWarning: lbfgs failed to converge (status=1):
STOP: TOTAL NO. of ITERATIONS REACHED LIMIT.

Increase the number of iterations (max_iter) or scale the data as shown in:
    https://scikit-learn.org/stable/modules/preprocessing.html
Please also refer to the documentation for alternative solver options:
    https://scikit-learn.org/stable/modules/linear_model.html#logistic-regression
  n_iter_i = _check_optimize_result(

2025-07-04 10:04:31,643:WARNING:C:\Users\fares\anaconda3\envs\pycaret-env\Lib\site-packages\sklearn\linear_model\_logistic.py:469: ConvergenceWarning: lbfgs failed to converge (status=1):
STOP: TOTAL NO. of ITERATIONS REACHED LIMIT.

Increase the number of iterations (max_iter) or scale the data as shown in:
    https://scikit-learn.org/stable/modules/preprocessing.html
Please also refer to the documentation for alternative solver options:
    https://scikit-learn.org/stable/modules/linear_model.html#logistic-regression
  n_iter_i = _check_optimize_result(

2025-07-04 10:04:31,645:WARNING:C:\Users\fares\anaconda3\envs\pycaret-env\Lib\site-packages\sklearn\linear_model\_logistic.py:469: ConvergenceWarning: lbfgs failed to converge (status=1):
STOP: TOTAL NO. of ITERATIONS REACHED LIMIT.

Increase the number of iterations (max_iter) or scale the data as shown in:
    https://scikit-learn.org/stable/modules/preprocessing.html
Please also refer to the documentation for alternative solver options:
    https://scikit-learn.org/stable/modules/linear_model.html#logistic-regression
  n_iter_i = _check_optimize_result(

2025-07-04 10:04:31,721:WARNING:C:\Users\fares\anaconda3\envs\pycaret-env\Lib\site-packages\sklearn\linear_model\_logistic.py:469: ConvergenceWarning: lbfgs failed to converge (status=1):
STOP: TOTAL NO. of ITERATIONS REACHED LIMIT.

Increase the number of iterations (max_iter) or scale the data as shown in:
    https://scikit-learn.org/stable/modules/preprocessing.html
Please also refer to the documentation for alternative solver options:
    https://scikit-learn.org/stable/modules/linear_model.html#logistic-regression
  n_iter_i = _check_optimize_result(

2025-07-04 10:04:31,739:WARNING:C:\Users\fares\anaconda3\envs\pycaret-env\Lib\site-packages\sklearn\linear_model\_logistic.py:469: ConvergenceWarning: lbfgs failed to converge (status=1):
STOP: TOTAL NO. of ITERATIONS REACHED LIMIT.

Increase the number of iterations (max_iter) or scale the data as shown in:
    https://scikit-learn.org/stable/modules/preprocessing.html
Please also refer to the documentation for alternative solver options:
    https://scikit-learn.org/stable/modules/linear_model.html#logistic-regression
  n_iter_i = _check_optimize_result(

2025-07-04 10:04:31,750:WARNING:C:\Users\fares\anaconda3\envs\pycaret-env\Lib\site-packages\sklearn\metrics\_classification.py:1561: UserWarning: Note that pos_label (set to 'yes') is ignored when average != 'binary' (got 'weighted'). You may use labels=[pos_label] to specify a single positive class.
  warnings.warn(

2025-07-04 10:04:31,753:WARNING:C:\Users\fares\anaconda3\envs\pycaret-env\Lib\site-packages\sklearn\metrics\_classification.py:1561: UserWarning: Note that pos_label (set to 'yes') is ignored when average != 'binary' (got 'weighted'). You may use labels=[pos_label] to specify a single positive class.
  warnings.warn(

2025-07-04 10:04:31,758:WARNING:C:\Users\fares\anaconda3\envs\pycaret-env\Lib\site-packages\sklearn\linear_model\_logistic.py:469: ConvergenceWarning: lbfgs failed to converge (status=1):
STOP: TOTAL NO. of ITERATIONS REACHED LIMIT.

Increase the number of iterations (max_iter) or scale the data as shown in:
    https://scikit-learn.org/stable/modules/preprocessing.html
Please also refer to the documentation for alternative solver options:
    https://scikit-learn.org/stable/modules/linear_model.html#logistic-regression
  n_iter_i = _check_optimize_result(

2025-07-04 10:04:31,776:WARNING:C:\Users\fares\anaconda3\envs\pycaret-env\Lib\site-packages\sklearn\metrics\_classification.py:1561: UserWarning: Note that pos_label (set to 'yes') is ignored when average != 'binary' (got 'weighted'). You may use labels=[pos_label] to specify a single positive class.
  warnings.warn(

2025-07-04 10:04:31,776:WARNING:C:\Users\fares\anaconda3\envs\pycaret-env\Lib\site-packages\sklearn\metrics\_classification.py:1561: UserWarning: Note that pos_label (set to 'yes') is ignored when average != 'binary' (got 'weighted'). You may use labels=[pos_label] to specify a single positive class.
  warnings.warn(

2025-07-04 10:04:31,797:WARNING:C:\Users\fares\anaconda3\envs\pycaret-env\Lib\site-packages\sklearn\metrics\_classification.py:1561: UserWarning: Note that pos_label (set to 'yes') is ignored when average != 'binary' (got 'weighted'). You may use labels=[pos_label] to specify a single positive class.
  warnings.warn(

2025-07-04 10:04:31,798:WARNING:C:\Users\fares\anaconda3\envs\pycaret-env\Lib\site-packages\sklearn\metrics\_classification.py:1561: UserWarning: Note that pos_label (set to 'yes') is ignored when average != 'binary' (got 'weighted'). You may use labels=[pos_label] to specify a single positive class.
  warnings.warn(

2025-07-04 10:04:31,802:WARNING:C:\Users\fares\anaconda3\envs\pycaret-env\Lib\site-packages\sklearn\linear_model\_logistic.py:469: ConvergenceWarning: lbfgs failed to converge (status=1):
STOP: TOTAL NO. of ITERATIONS REACHED LIMIT.

Increase the number of iterations (max_iter) or scale the data as shown in:
    https://scikit-learn.org/stable/modules/preprocessing.html
Please also refer to the documentation for alternative solver options:
    https://scikit-learn.org/stable/modules/linear_model.html#logistic-regression
  n_iter_i = _check_optimize_result(

2025-07-04 10:04:31,803:WARNING:C:\Users\fares\anaconda3\envs\pycaret-env\Lib\site-packages\sklearn\metrics\_classification.py:1561: UserWarning: Note that pos_label (set to 'yes') is ignored when average != 'binary' (got 'weighted'). You may use labels=[pos_label] to specify a single positive class.
  warnings.warn(

2025-07-04 10:04:31,821:WARNING:C:\Users\fares\anaconda3\envs\pycaret-env\Lib\site-packages\sklearn\metrics\_classification.py:1561: UserWarning: Note that pos_label (set to 'yes') is ignored when average != 'binary' (got 'weighted'). You may use labels=[pos_label] to specify a single positive class.
  warnings.warn(

2025-07-04 10:04:31,821:WARNING:C:\Users\fares\anaconda3\envs\pycaret-env\Lib\site-packages\sklearn\metrics\_classification.py:1561: UserWarning: Note that pos_label (set to 'yes') is ignored when average != 'binary' (got 'weighted'). You may use labels=[pos_label] to specify a single positive class.
  warnings.warn(

2025-07-04 10:04:31,844:WARNING:C:\Users\fares\anaconda3\envs\pycaret-env\Lib\site-packages\sklearn\metrics\_classification.py:1561: UserWarning: Note that pos_label (set to 'yes') is ignored when average != 'binary' (got 'weighted'). You may use labels=[pos_label] to specify a single positive class.
  warnings.warn(

2025-07-04 10:04:31,845:WARNING:C:\Users\fares\anaconda3\envs\pycaret-env\Lib\site-packages\sklearn\metrics\_classification.py:1561: UserWarning: Note that pos_label (set to 'yes') is ignored when average != 'binary' (got 'weighted'). You may use labels=[pos_label] to specify a single positive class.
  warnings.warn(

2025-07-04 10:04:31,845:WARNING:C:\Users\fares\anaconda3\envs\pycaret-env\Lib\site-packages\sklearn\linear_model\_logistic.py:469: ConvergenceWarning: lbfgs failed to converge (status=1):
STOP: TOTAL NO. of ITERATIONS REACHED LIMIT.

Increase the number of iterations (max_iter) or scale the data as shown in:
    https://scikit-learn.org/stable/modules/preprocessing.html
Please also refer to the documentation for alternative solver options:
    https://scikit-learn.org/stable/modules/linear_model.html#logistic-regression
  n_iter_i = _check_optimize_result(

2025-07-04 10:04:31,846:WARNING:C:\Users\fares\anaconda3\envs\pycaret-env\Lib\site-packages\sklearn\metrics\_classification.py:1561: UserWarning: Note that pos_label (set to 'yes') is ignored when average != 'binary' (got 'weighted'). You may use labels=[pos_label] to specify a single positive class.
  warnings.warn(

2025-07-04 10:04:31,850:WARNING:C:\Users\fares\anaconda3\envs\pycaret-env\Lib\site-packages\sklearn\metrics\_classification.py:1561: UserWarning: Note that pos_label (set to 'yes') is ignored when average != 'binary' (got 'weighted'). You may use labels=[pos_label] to specify a single positive class.
  warnings.warn(

2025-07-04 10:04:31,865:WARNING:C:\Users\fares\anaconda3\envs\pycaret-env\Lib\site-packages\sklearn\metrics\_classification.py:1561: UserWarning: Note that pos_label (set to 'yes') is ignored when average != 'binary' (got 'weighted'). You may use labels=[pos_label] to specify a single positive class.
  warnings.warn(

2025-07-04 10:04:31,868:WARNING:C:\Users\fares\anaconda3\envs\pycaret-env\Lib\site-packages\sklearn\metrics\_classification.py:1561: UserWarning: Note that pos_label (set to 'yes') is ignored when average != 'binary' (got 'weighted'). You may use labels=[pos_label] to specify a single positive class.
  warnings.warn(

2025-07-04 10:04:31,872:WARNING:C:\Users\fares\anaconda3\envs\pycaret-env\Lib\site-packages\sklearn\linear_model\_logistic.py:469: ConvergenceWarning: lbfgs failed to converge (status=1):
STOP: TOTAL NO. of ITERATIONS REACHED LIMIT.

Increase the number of iterations (max_iter) or scale the data as shown in:
    https://scikit-learn.org/stable/modules/preprocessing.html
Please also refer to the documentation for alternative solver options:
    https://scikit-learn.org/stable/modules/linear_model.html#logistic-regression
  n_iter_i = _check_optimize_result(

2025-07-04 10:04:31,872:WARNING:C:\Users\fares\anaconda3\envs\pycaret-env\Lib\site-packages\sklearn\metrics\_classification.py:1561: UserWarning: Note that pos_label (set to 'yes') is ignored when average != 'binary' (got 'weighted'). You may use labels=[pos_label] to specify a single positive class.
  warnings.warn(

2025-07-04 10:04:31,886:WARNING:C:\Users\fares\anaconda3\envs\pycaret-env\Lib\site-packages\sklearn\metrics\_classification.py:1561: UserWarning: Note that pos_label (set to 'yes') is ignored when average != 'binary' (got 'weighted'). You may use labels=[pos_label] to specify a single positive class.
  warnings.warn(

2025-07-04 10:04:31,891:WARNING:C:\Users\fares\anaconda3\envs\pycaret-env\Lib\site-packages\sklearn\metrics\_classification.py:1561: UserWarning: Note that pos_label (set to 'yes') is ignored when average != 'binary' (got 'weighted'). You may use labels=[pos_label] to specify a single positive class.
  warnings.warn(

2025-07-04 10:04:31,898:WARNING:C:\Users\fares\anaconda3\envs\pycaret-env\Lib\site-packages\sklearn\metrics\_classification.py:1561: UserWarning: Note that pos_label (set to 'yes') is ignored when average != 'binary' (got 'weighted'). You may use labels=[pos_label] to specify a single positive class.
  warnings.warn(

2025-07-04 10:04:31,903:WARNING:C:\Users\fares\anaconda3\envs\pycaret-env\Lib\site-packages\sklearn\metrics\_classification.py:1561: UserWarning: Note that pos_label (set to 'yes') is ignored when average != 'binary' (got 'weighted'). You may use labels=[pos_label] to specify a single positive class.
  warnings.warn(

2025-07-04 10:04:31,915:WARNING:C:\Users\fares\anaconda3\envs\pycaret-env\Lib\site-packages\sklearn\metrics\_classification.py:1561: UserWarning: Note that pos_label (set to 'yes') is ignored when average != 'binary' (got 'weighted'). You may use labels=[pos_label] to specify a single positive class.
  warnings.warn(

2025-07-04 10:04:31,925:WARNING:C:\Users\fares\anaconda3\envs\pycaret-env\Lib\site-packages\sklearn\metrics\_classification.py:1561: UserWarning: Note that pos_label (set to 'yes') is ignored when average != 'binary' (got 'weighted'). You may use labels=[pos_label] to specify a single positive class.
  warnings.warn(

2025-07-04 10:04:31,946:WARNING:C:\Users\fares\anaconda3\envs\pycaret-env\Lib\site-packages\sklearn\metrics\_classification.py:1561: UserWarning: Note that pos_label (set to 'yes') is ignored when average != 'binary' (got 'weighted'). You may use labels=[pos_label] to specify a single positive class.
  warnings.warn(

2025-07-04 10:04:31,960:WARNING:C:\Users\fares\anaconda3\envs\pycaret-env\Lib\site-packages\sklearn\metrics\_classification.py:1561: UserWarning: Note that pos_label (set to 'yes') is ignored when average != 'binary' (got 'weighted'). You may use labels=[pos_label] to specify a single positive class.
  warnings.warn(

2025-07-04 10:04:31,978:WARNING:C:\Users\fares\anaconda3\envs\pycaret-env\Lib\site-packages\sklearn\metrics\_classification.py:1561: UserWarning: Note that pos_label (set to 'yes') is ignored when average != 'binary' (got 'weighted'). You may use labels=[pos_label] to specify a single positive class.
  warnings.warn(

2025-07-04 10:04:31,984:WARNING:C:\Users\fares\anaconda3\envs\pycaret-env\Lib\site-packages\sklearn\metrics\_classification.py:1561: UserWarning: Note that pos_label (set to 'yes') is ignored when average != 'binary' (got 'weighted'). You may use labels=[pos_label] to specify a single positive class.
  warnings.warn(

2025-07-04 10:04:32,002:WARNING:C:\Users\fares\anaconda3\envs\pycaret-env\Lib\site-packages\sklearn\metrics\_classification.py:1561: UserWarning: Note that pos_label (set to 'yes') is ignored when average != 'binary' (got 'weighted'). You may use labels=[pos_label] to specify a single positive class.
  warnings.warn(

2025-07-04 10:04:32,005:WARNING:C:\Users\fares\anaconda3\envs\pycaret-env\Lib\site-packages\sklearn\metrics\_classification.py:1561: UserWarning: Note that pos_label (set to 'yes') is ignored when average != 'binary' (got 'weighted'). You may use labels=[pos_label] to specify a single positive class.
  warnings.warn(

2025-07-04 10:04:32,019:WARNING:C:\Users\fares\anaconda3\envs\pycaret-env\Lib\site-packages\sklearn\metrics\_classification.py:1561: UserWarning: Note that pos_label (set to 'yes') is ignored when average != 'binary' (got 'weighted'). You may use labels=[pos_label] to specify a single positive class.
  warnings.warn(

2025-07-04 10:04:32,063:INFO:Calculating mean and std
2025-07-04 10:04:32,065:INFO:Creating metrics dataframe
2025-07-04 10:04:32,066:INFO:Uploading results into container
2025-07-04 10:04:32,067:INFO:Uploading model into container now
2025-07-04 10:04:32,067:INFO:_master_model_container: 1
2025-07-04 10:04:32,067:INFO:_display_container: 2
2025-07-04 10:04:32,068:INFO:LogisticRegression(C=1.0, class_weight=None, dual=False, fit_intercept=True,
                   intercept_scaling=1, l1_ratio=None, max_iter=1000,
                   multi_class='auto', n_jobs=None, penalty='l2',
                   random_state=123, solver='lbfgs', tol=0.0001, verbose=0,
                   warm_start=False)
2025-07-04 10:04:32,068:INFO:create_model() successfully completed......................................
2025-07-04 10:04:32,163:INFO:SubProcess create_model() end ==================================
2025-07-04 10:04:32,163:INFO:Creating metrics dataframe
2025-07-04 10:04:32,169:INFO:Initializing K Neighbors Classifier
2025-07-04 10:04:32,169:INFO:Total runtime is 0.19072389205296833 minutes
2025-07-04 10:04:32,173:INFO:SubProcess create_model() called ==================================
2025-07-04 10:04:32,173:INFO:Initializing create_model()
2025-07-04 10:04:32,173:INFO:create_model(self=<pycaret.classification.oop.ClassificationExperiment object at 0x000001EC2D533E10>, estimator=knn, fold=StratifiedKFold(n_splits=10, random_state=None, shuffle=False), round=4, cross_validation=True, predict=True, fit_kwargs={}, groups=None, refit=False, probability_threshold=None, experiment_custom_tags=None, verbose=False, system=False, add_to_model_list=True, metrics=None, display=<pycaret.internal.display.display.CommonDisplay object at 0x000001EC2D2E4D10>, model_only=True, return_train_score=False, error_score=0.0, kwargs={})
2025-07-04 10:04:32,173:INFO:Checking exceptions
2025-07-04 10:04:32,174:INFO:Importing libraries
2025-07-04 10:04:32,174:INFO:Copying training dataset
2025-07-04 10:04:32,192:INFO:Defining folds
2025-07-04 10:04:32,192:INFO:Declaring metric variables
2025-07-04 10:04:32,195:INFO:Importing untrained model
2025-07-04 10:04:32,200:INFO:K Neighbors Classifier Imported successfully
2025-07-04 10:04:32,208:INFO:Starting cross validation
2025-07-04 10:04:32,210:INFO:Cross validating with StratifiedKFold(n_splits=10, random_state=None, shuffle=False), n_jobs=-1
2025-07-04 10:04:34,448:WARNING:C:\Users\fares\anaconda3\envs\pycaret-env\Lib\site-packages\sklearn\metrics\_classification.py:1561: UserWarning: Note that pos_label (set to 'yes') is ignored when average != 'binary' (got 'weighted'). You may use labels=[pos_label] to specify a single positive class.
  warnings.warn(

2025-07-04 10:04:34,452:WARNING:C:\Users\fares\anaconda3\envs\pycaret-env\Lib\site-packages\sklearn\metrics\_classification.py:1561: UserWarning: Note that pos_label (set to 'yes') is ignored when average != 'binary' (got 'weighted'). You may use labels=[pos_label] to specify a single positive class.
  warnings.warn(

2025-07-04 10:04:34,469:WARNING:C:\Users\fares\anaconda3\envs\pycaret-env\Lib\site-packages\sklearn\metrics\_classification.py:1561: UserWarning: Note that pos_label (set to 'yes') is ignored when average != 'binary' (got 'weighted'). You may use labels=[pos_label] to specify a single positive class.
  warnings.warn(

2025-07-04 10:04:34,471:WARNING:C:\Users\fares\anaconda3\envs\pycaret-env\Lib\site-packages\sklearn\metrics\_classification.py:1561: UserWarning: Note that pos_label (set to 'yes') is ignored when average != 'binary' (got 'weighted'). You may use labels=[pos_label] to specify a single positive class.
  warnings.warn(

2025-07-04 10:04:34,482:WARNING:C:\Users\fares\anaconda3\envs\pycaret-env\Lib\site-packages\sklearn\metrics\_classification.py:1561: UserWarning: Note that pos_label (set to 'yes') is ignored when average != 'binary' (got 'weighted'). You may use labels=[pos_label] to specify a single positive class.
  warnings.warn(

2025-07-04 10:04:34,488:WARNING:C:\Users\fares\anaconda3\envs\pycaret-env\Lib\site-packages\sklearn\metrics\_classification.py:1561: UserWarning: Note that pos_label (set to 'yes') is ignored when average != 'binary' (got 'weighted'). You may use labels=[pos_label] to specify a single positive class.
  warnings.warn(

2025-07-04 10:04:34,489:WARNING:C:\Users\fares\anaconda3\envs\pycaret-env\Lib\site-packages\sklearn\metrics\_classification.py:1561: UserWarning: Note that pos_label (set to 'yes') is ignored when average != 'binary' (got 'weighted'). You may use labels=[pos_label] to specify a single positive class.
  warnings.warn(

2025-07-04 10:04:34,493:WARNING:C:\Users\fares\anaconda3\envs\pycaret-env\Lib\site-packages\sklearn\metrics\_classification.py:1561: UserWarning: Note that pos_label (set to 'yes') is ignored when average != 'binary' (got 'weighted'). You may use labels=[pos_label] to specify a single positive class.
  warnings.warn(

2025-07-04 10:04:34,506:WARNING:C:\Users\fares\anaconda3\envs\pycaret-env\Lib\site-packages\sklearn\metrics\_classification.py:1561: UserWarning: Note that pos_label (set to 'yes') is ignored when average != 'binary' (got 'weighted'). You may use labels=[pos_label] to specify a single positive class.
  warnings.warn(

2025-07-04 10:04:34,526:WARNING:C:\Users\fares\anaconda3\envs\pycaret-env\Lib\site-packages\sklearn\metrics\_classification.py:1561: UserWarning: Note that pos_label (set to 'yes') is ignored when average != 'binary' (got 'weighted'). You may use labels=[pos_label] to specify a single positive class.
  warnings.warn(

2025-07-04 10:04:34,529:WARNING:C:\Users\fares\anaconda3\envs\pycaret-env\Lib\site-packages\sklearn\metrics\_classification.py:1561: UserWarning: Note that pos_label (set to 'yes') is ignored when average != 'binary' (got 'weighted'). You may use labels=[pos_label] to specify a single positive class.
  warnings.warn(

2025-07-04 10:04:37,016:WARNING:C:\Users\fares\anaconda3\envs\pycaret-env\Lib\site-packages\sklearn\metrics\_classification.py:1561: UserWarning: Note that pos_label (set to 'yes') is ignored when average != 'binary' (got 'weighted'). You may use labels=[pos_label] to specify a single positive class.
  warnings.warn(

2025-07-04 10:04:37,037:WARNING:C:\Users\fares\anaconda3\envs\pycaret-env\Lib\site-packages\sklearn\metrics\_classification.py:1561: UserWarning: Note that pos_label (set to 'yes') is ignored when average != 'binary' (got 'weighted'). You may use labels=[pos_label] to specify a single positive class.
  warnings.warn(

2025-07-04 10:04:37,058:WARNING:C:\Users\fares\anaconda3\envs\pycaret-env\Lib\site-packages\sklearn\metrics\_classification.py:1561: UserWarning: Note that pos_label (set to 'yes') is ignored when average != 'binary' (got 'weighted'). You may use labels=[pos_label] to specify a single positive class.
  warnings.warn(

2025-07-04 10:04:37,094:WARNING:C:\Users\fares\anaconda3\envs\pycaret-env\Lib\site-packages\sklearn\metrics\_classification.py:1561: UserWarning: Note that pos_label (set to 'yes') is ignored when average != 'binary' (got 'weighted'). You may use labels=[pos_label] to specify a single positive class.
  warnings.warn(

2025-07-04 10:04:37,114:WARNING:C:\Users\fares\anaconda3\envs\pycaret-env\Lib\site-packages\sklearn\metrics\_classification.py:1561: UserWarning: Note that pos_label (set to 'yes') is ignored when average != 'binary' (got 'weighted'). You may use labels=[pos_label] to specify a single positive class.
  warnings.warn(

2025-07-04 10:04:37,118:WARNING:C:\Users\fares\anaconda3\envs\pycaret-env\Lib\site-packages\sklearn\metrics\_classification.py:1561: UserWarning: Note that pos_label (set to 'yes') is ignored when average != 'binary' (got 'weighted'). You may use labels=[pos_label] to specify a single positive class.
  warnings.warn(

2025-07-04 10:04:37,135:WARNING:C:\Users\fares\anaconda3\envs\pycaret-env\Lib\site-packages\sklearn\metrics\_classification.py:1561: UserWarning: Note that pos_label (set to 'yes') is ignored when average != 'binary' (got 'weighted'). You may use labels=[pos_label] to specify a single positive class.
  warnings.warn(

2025-07-04 10:04:37,135:WARNING:C:\Users\fares\anaconda3\envs\pycaret-env\Lib\site-packages\sklearn\metrics\_classification.py:1561: UserWarning: Note that pos_label (set to 'yes') is ignored when average != 'binary' (got 'weighted'). You may use labels=[pos_label] to specify a single positive class.
  warnings.warn(

2025-07-04 10:04:37,142:WARNING:C:\Users\fares\anaconda3\envs\pycaret-env\Lib\site-packages\sklearn\metrics\_classification.py:1561: UserWarning: Note that pos_label (set to 'yes') is ignored when average != 'binary' (got 'weighted'). You may use labels=[pos_label] to specify a single positive class.
  warnings.warn(

2025-07-04 10:04:37,158:WARNING:C:\Users\fares\anaconda3\envs\pycaret-env\Lib\site-packages\sklearn\metrics\_classification.py:1561: UserWarning: Note that pos_label (set to 'yes') is ignored when average != 'binary' (got 'weighted'). You may use labels=[pos_label] to specify a single positive class.
  warnings.warn(

2025-07-04 10:04:37,159:WARNING:C:\Users\fares\anaconda3\envs\pycaret-env\Lib\site-packages\sklearn\metrics\_classification.py:1561: UserWarning: Note that pos_label (set to 'yes') is ignored when average != 'binary' (got 'weighted'). You may use labels=[pos_label] to specify a single positive class.
  warnings.warn(

2025-07-04 10:04:37,170:WARNING:C:\Users\fares\anaconda3\envs\pycaret-env\Lib\site-packages\sklearn\metrics\_classification.py:1561: UserWarning: Note that pos_label (set to 'yes') is ignored when average != 'binary' (got 'weighted'). You may use labels=[pos_label] to specify a single positive class.
  warnings.warn(

2025-07-04 10:04:37,182:WARNING:C:\Users\fares\anaconda3\envs\pycaret-env\Lib\site-packages\sklearn\metrics\_classification.py:1561: UserWarning: Note that pos_label (set to 'yes') is ignored when average != 'binary' (got 'weighted'). You may use labels=[pos_label] to specify a single positive class.
  warnings.warn(

2025-07-04 10:04:37,182:WARNING:C:\Users\fares\anaconda3\envs\pycaret-env\Lib\site-packages\sklearn\metrics\_classification.py:1561: UserWarning: Note that pos_label (set to 'yes') is ignored when average != 'binary' (got 'weighted'). You may use labels=[pos_label] to specify a single positive class.
  warnings.warn(

2025-07-04 10:04:37,195:WARNING:C:\Users\fares\anaconda3\envs\pycaret-env\Lib\site-packages\sklearn\metrics\_classification.py:1561: UserWarning: Note that pos_label (set to 'yes') is ignored when average != 'binary' (got 'weighted'). You may use labels=[pos_label] to specify a single positive class.
  warnings.warn(

2025-07-04 10:04:37,200:WARNING:C:\Users\fares\anaconda3\envs\pycaret-env\Lib\site-packages\sklearn\metrics\_classification.py:1561: UserWarning: Note that pos_label (set to 'yes') is ignored when average != 'binary' (got 'weighted'). You may use labels=[pos_label] to specify a single positive class.
  warnings.warn(

2025-07-04 10:04:37,212:WARNING:C:\Users\fares\anaconda3\envs\pycaret-env\Lib\site-packages\sklearn\metrics\_classification.py:1561: UserWarning: Note that pos_label (set to 'yes') is ignored when average != 'binary' (got 'weighted'). You may use labels=[pos_label] to specify a single positive class.
  warnings.warn(

2025-07-04 10:04:37,221:WARNING:C:\Users\fares\anaconda3\envs\pycaret-env\Lib\site-packages\sklearn\metrics\_classification.py:1561: UserWarning: Note that pos_label (set to 'yes') is ignored when average != 'binary' (got 'weighted'). You may use labels=[pos_label] to specify a single positive class.
  warnings.warn(

2025-07-04 10:04:37,252:INFO:Calculating mean and std
2025-07-04 10:04:37,254:INFO:Creating metrics dataframe
2025-07-04 10:04:37,256:INFO:Uploading results into container
2025-07-04 10:04:37,257:INFO:Uploading model into container now
2025-07-04 10:04:37,257:INFO:_master_model_container: 2
2025-07-04 10:04:37,257:INFO:_display_container: 2
2025-07-04 10:04:37,258:INFO:KNeighborsClassifier(algorithm='auto', leaf_size=30, metric='minkowski',
                     metric_params=None, n_jobs=-1, n_neighbors=5, p=2,
                     weights='uniform')
2025-07-04 10:04:37,258:INFO:create_model() successfully completed......................................
2025-07-04 10:04:37,354:INFO:SubProcess create_model() end ==================================
2025-07-04 10:04:37,354:INFO:Creating metrics dataframe
2025-07-04 10:04:37,362:INFO:Initializing Naive Bayes
2025-07-04 10:04:37,362:INFO:Total runtime is 0.2772682189941406 minutes
2025-07-04 10:04:37,364:INFO:SubProcess create_model() called ==================================
2025-07-04 10:04:37,365:INFO:Initializing create_model()
2025-07-04 10:04:37,365:INFO:create_model(self=<pycaret.classification.oop.ClassificationExperiment object at 0x000001EC2D533E10>, estimator=nb, fold=StratifiedKFold(n_splits=10, random_state=None, shuffle=False), round=4, cross_validation=True, predict=True, fit_kwargs={}, groups=None, refit=False, probability_threshold=None, experiment_custom_tags=None, verbose=False, system=False, add_to_model_list=True, metrics=None, display=<pycaret.internal.display.display.CommonDisplay object at 0x000001EC2D2E4D10>, model_only=True, return_train_score=False, error_score=0.0, kwargs={})
2025-07-04 10:04:37,365:INFO:Checking exceptions
2025-07-04 10:04:37,365:INFO:Importing libraries
2025-07-04 10:04:37,365:INFO:Copying training dataset
2025-07-04 10:04:37,385:INFO:Defining folds
2025-07-04 10:04:37,385:INFO:Declaring metric variables
2025-07-04 10:04:37,390:INFO:Importing untrained model
2025-07-04 10:04:37,393:INFO:Naive Bayes Imported successfully
2025-07-04 10:04:37,397:INFO:Starting cross validation
2025-07-04 10:04:37,401:INFO:Cross validating with StratifiedKFold(n_splits=10, random_state=None, shuffle=False), n_jobs=-1
2025-07-04 10:04:38,580:WARNING:C:\Users\fares\anaconda3\envs\pycaret-env\Lib\site-packages\sklearn\metrics\_classification.py:1561: UserWarning: Note that pos_label (set to 'yes') is ignored when average != 'binary' (got 'weighted'). You may use labels=[pos_label] to specify a single positive class.
  warnings.warn(

2025-07-04 10:04:38,583:WARNING:C:\Users\fares\anaconda3\envs\pycaret-env\Lib\site-packages\sklearn\metrics\_classification.py:1561: UserWarning: Note that pos_label (set to 'yes') is ignored when average != 'binary' (got 'weighted'). You may use labels=[pos_label] to specify a single positive class.
  warnings.warn(

2025-07-04 10:04:38,586:WARNING:C:\Users\fares\anaconda3\envs\pycaret-env\Lib\site-packages\sklearn\metrics\_classification.py:1561: UserWarning: Note that pos_label (set to 'yes') is ignored when average != 'binary' (got 'weighted'). You may use labels=[pos_label] to specify a single positive class.
  warnings.warn(

2025-07-04 10:04:38,598:WARNING:C:\Users\fares\anaconda3\envs\pycaret-env\Lib\site-packages\sklearn\metrics\_classification.py:1561: UserWarning: Note that pos_label (set to 'yes') is ignored when average != 'binary' (got 'weighted'). You may use labels=[pos_label] to specify a single positive class.
  warnings.warn(

2025-07-04 10:04:38,602:WARNING:C:\Users\fares\anaconda3\envs\pycaret-env\Lib\site-packages\sklearn\metrics\_classification.py:1561: UserWarning: Note that pos_label (set to 'yes') is ignored when average != 'binary' (got 'weighted'). You may use labels=[pos_label] to specify a single positive class.
  warnings.warn(

2025-07-04 10:04:38,603:WARNING:C:\Users\fares\anaconda3\envs\pycaret-env\Lib\site-packages\sklearn\metrics\_classification.py:1561: UserWarning: Note that pos_label (set to 'yes') is ignored when average != 'binary' (got 'weighted'). You may use labels=[pos_label] to specify a single positive class.
  warnings.warn(

2025-07-04 10:04:38,605:WARNING:C:\Users\fares\anaconda3\envs\pycaret-env\Lib\site-packages\sklearn\metrics\_classification.py:1561: UserWarning: Note that pos_label (set to 'yes') is ignored when average != 'binary' (got 'weighted'). You may use labels=[pos_label] to specify a single positive class.
  warnings.warn(

2025-07-04 10:04:38,606:WARNING:C:\Users\fares\anaconda3\envs\pycaret-env\Lib\site-packages\sklearn\metrics\_classification.py:1561: UserWarning: Note that pos_label (set to 'yes') is ignored when average != 'binary' (got 'weighted'). You may use labels=[pos_label] to specify a single positive class.
  warnings.warn(

2025-07-04 10:04:38,607:WARNING:C:\Users\fares\anaconda3\envs\pycaret-env\Lib\site-packages\sklearn\metrics\_classification.py:1561: UserWarning: Note that pos_label (set to 'yes') is ignored when average != 'binary' (got 'weighted'). You may use labels=[pos_label] to specify a single positive class.
  warnings.warn(

2025-07-04 10:04:38,607:WARNING:C:\Users\fares\anaconda3\envs\pycaret-env\Lib\site-packages\sklearn\metrics\_classification.py:1561: UserWarning: Note that pos_label (set to 'yes') is ignored when average != 'binary' (got 'weighted'). You may use labels=[pos_label] to specify a single positive class.
  warnings.warn(

2025-07-04 10:04:38,609:WARNING:C:\Users\fares\anaconda3\envs\pycaret-env\Lib\site-packages\sklearn\metrics\_classification.py:1561: UserWarning: Note that pos_label (set to 'yes') is ignored when average != 'binary' (got 'weighted'). You may use labels=[pos_label] to specify a single positive class.
  warnings.warn(

2025-07-04 10:04:38,610:WARNING:C:\Users\fares\anaconda3\envs\pycaret-env\Lib\site-packages\sklearn\metrics\_classification.py:1561: UserWarning: Note that pos_label (set to 'yes') is ignored when average != 'binary' (got 'weighted'). You may use labels=[pos_label] to specify a single positive class.
  warnings.warn(

2025-07-04 10:04:38,611:WARNING:C:\Users\fares\anaconda3\envs\pycaret-env\Lib\site-packages\sklearn\metrics\_classification.py:1561: UserWarning: Note that pos_label (set to 'yes') is ignored when average != 'binary' (got 'weighted'). You may use labels=[pos_label] to specify a single positive class.
  warnings.warn(

2025-07-04 10:04:38,624:WARNING:C:\Users\fares\anaconda3\envs\pycaret-env\Lib\site-packages\sklearn\metrics\_classification.py:1561: UserWarning: Note that pos_label (set to 'yes') is ignored when average != 'binary' (got 'weighted'). You may use labels=[pos_label] to specify a single positive class.
  warnings.warn(

2025-07-04 10:04:38,628:WARNING:C:\Users\fares\anaconda3\envs\pycaret-env\Lib\site-packages\sklearn\metrics\_classification.py:1561: UserWarning: Note that pos_label (set to 'yes') is ignored when average != 'binary' (got 'weighted'). You may use labels=[pos_label] to specify a single positive class.
  warnings.warn(

2025-07-04 10:04:38,631:WARNING:C:\Users\fares\anaconda3\envs\pycaret-env\Lib\site-packages\sklearn\metrics\_classification.py:1561: UserWarning: Note that pos_label (set to 'yes') is ignored when average != 'binary' (got 'weighted'). You may use labels=[pos_label] to specify a single positive class.
  warnings.warn(

2025-07-04 10:04:38,632:WARNING:C:\Users\fares\anaconda3\envs\pycaret-env\Lib\site-packages\sklearn\metrics\_classification.py:1561: UserWarning: Note that pos_label (set to 'yes') is ignored when average != 'binary' (got 'weighted'). You may use labels=[pos_label] to specify a single positive class.
  warnings.warn(

2025-07-04 10:04:38,635:WARNING:C:\Users\fares\anaconda3\envs\pycaret-env\Lib\site-packages\sklearn\metrics\_classification.py:1561: UserWarning: Note that pos_label (set to 'yes') is ignored when average != 'binary' (got 'weighted'). You may use labels=[pos_label] to specify a single positive class.
  warnings.warn(

2025-07-04 10:04:38,635:WARNING:C:\Users\fares\anaconda3\envs\pycaret-env\Lib\site-packages\sklearn\metrics\_classification.py:1561: UserWarning: Note that pos_label (set to 'yes') is ignored when average != 'binary' (got 'weighted'). You may use labels=[pos_label] to specify a single positive class.
  warnings.warn(

2025-07-04 10:04:38,636:WARNING:C:\Users\fares\anaconda3\envs\pycaret-env\Lib\site-packages\sklearn\metrics\_classification.py:1561: UserWarning: Note that pos_label (set to 'yes') is ignored when average != 'binary' (got 'weighted'). You may use labels=[pos_label] to specify a single positive class.
  warnings.warn(

2025-07-04 10:04:38,640:WARNING:C:\Users\fares\anaconda3\envs\pycaret-env\Lib\site-packages\sklearn\metrics\_classification.py:1561: UserWarning: Note that pos_label (set to 'yes') is ignored when average != 'binary' (got 'weighted'). You may use labels=[pos_label] to specify a single positive class.
  warnings.warn(

2025-07-04 10:04:38,641:WARNING:C:\Users\fares\anaconda3\envs\pycaret-env\Lib\site-packages\sklearn\metrics\_classification.py:1561: UserWarning: Note that pos_label (set to 'yes') is ignored when average != 'binary' (got 'weighted'). You may use labels=[pos_label] to specify a single positive class.
  warnings.warn(

2025-07-04 10:04:38,642:WARNING:C:\Users\fares\anaconda3\envs\pycaret-env\Lib\site-packages\sklearn\metrics\_classification.py:1561: UserWarning: Note that pos_label (set to 'yes') is ignored when average != 'binary' (got 'weighted'). You may use labels=[pos_label] to specify a single positive class.
  warnings.warn(

2025-07-04 10:04:38,650:WARNING:C:\Users\fares\anaconda3\envs\pycaret-env\Lib\site-packages\sklearn\metrics\_classification.py:1561: UserWarning: Note that pos_label (set to 'yes') is ignored when average != 'binary' (got 'weighted'). You may use labels=[pos_label] to specify a single positive class.
  warnings.warn(

2025-07-04 10:04:38,653:WARNING:C:\Users\fares\anaconda3\envs\pycaret-env\Lib\site-packages\sklearn\metrics\_classification.py:1561: UserWarning: Note that pos_label (set to 'yes') is ignored when average != 'binary' (got 'weighted'). You may use labels=[pos_label] to specify a single positive class.
  warnings.warn(

2025-07-04 10:04:38,658:WARNING:C:\Users\fares\anaconda3\envs\pycaret-env\Lib\site-packages\sklearn\metrics\_classification.py:1561: UserWarning: Note that pos_label (set to 'yes') is ignored when average != 'binary' (got 'weighted'). You may use labels=[pos_label] to specify a single positive class.
  warnings.warn(

2025-07-04 10:04:38,661:WARNING:C:\Users\fares\anaconda3\envs\pycaret-env\Lib\site-packages\sklearn\metrics\_classification.py:1561: UserWarning: Note that pos_label (set to 'yes') is ignored when average != 'binary' (got 'weighted'). You may use labels=[pos_label] to specify a single positive class.
  warnings.warn(

2025-07-04 10:04:38,663:WARNING:C:\Users\fares\anaconda3\envs\pycaret-env\Lib\site-packages\sklearn\metrics\_classification.py:1561: UserWarning: Note that pos_label (set to 'yes') is ignored when average != 'binary' (got 'weighted'). You may use labels=[pos_label] to specify a single positive class.
  warnings.warn(

2025-07-04 10:04:38,665:WARNING:C:\Users\fares\anaconda3\envs\pycaret-env\Lib\site-packages\sklearn\metrics\_classification.py:1561: UserWarning: Note that pos_label (set to 'yes') is ignored when average != 'binary' (got 'weighted'). You may use labels=[pos_label] to specify a single positive class.
  warnings.warn(

2025-07-04 10:04:38,665:WARNING:C:\Users\fares\anaconda3\envs\pycaret-env\Lib\site-packages\sklearn\metrics\_classification.py:1561: UserWarning: Note that pos_label (set to 'yes') is ignored when average != 'binary' (got 'weighted'). You may use labels=[pos_label] to specify a single positive class.
  warnings.warn(

2025-07-04 10:04:38,705:INFO:Calculating mean and std
2025-07-04 10:04:38,706:INFO:Creating metrics dataframe
2025-07-04 10:04:38,708:INFO:Uploading results into container
2025-07-04 10:04:38,708:INFO:Uploading model into container now
2025-07-04 10:04:38,709:INFO:_master_model_container: 3
2025-07-04 10:04:38,709:INFO:_display_container: 2
2025-07-04 10:04:38,709:INFO:GaussianNB(priors=None, var_smoothing=1e-09)
2025-07-04 10:04:38,709:INFO:create_model() successfully completed......................................
2025-07-04 10:04:38,795:INFO:SubProcess create_model() end ==================================
2025-07-04 10:04:38,795:INFO:Creating metrics dataframe
2025-07-04 10:04:38,803:INFO:Initializing Decision Tree Classifier
2025-07-04 10:04:38,803:INFO:Total runtime is 0.3012826363245646 minutes
2025-07-04 10:04:38,806:INFO:SubProcess create_model() called ==================================
2025-07-04 10:04:38,807:INFO:Initializing create_model()
2025-07-04 10:04:38,807:INFO:create_model(self=<pycaret.classification.oop.ClassificationExperiment object at 0x000001EC2D533E10>, estimator=dt, fold=StratifiedKFold(n_splits=10, random_state=None, shuffle=False), round=4, cross_validation=True, predict=True, fit_kwargs={}, groups=None, refit=False, probability_threshold=None, experiment_custom_tags=None, verbose=False, system=False, add_to_model_list=True, metrics=None, display=<pycaret.internal.display.display.CommonDisplay object at 0x000001EC2D2E4D10>, model_only=True, return_train_score=False, error_score=0.0, kwargs={})
2025-07-04 10:04:38,807:INFO:Checking exceptions
2025-07-04 10:04:38,807:INFO:Importing libraries
2025-07-04 10:04:38,807:INFO:Copying training dataset
2025-07-04 10:04:38,827:INFO:Defining folds
2025-07-04 10:04:38,827:INFO:Declaring metric variables
2025-07-04 10:04:38,832:INFO:Importing untrained model
2025-07-04 10:04:38,836:INFO:Decision Tree Classifier Imported successfully
2025-07-04 10:04:38,841:INFO:Starting cross validation
2025-07-04 10:04:38,847:INFO:Cross validating with StratifiedKFold(n_splits=10, random_state=None, shuffle=False), n_jobs=-1
2025-07-04 10:04:40,182:WARNING:C:\Users\fares\anaconda3\envs\pycaret-env\Lib\site-packages\sklearn\metrics\_classification.py:1561: UserWarning: Note that pos_label (set to 'yes') is ignored when average != 'binary' (got 'weighted'). You may use labels=[pos_label] to specify a single positive class.
  warnings.warn(

2025-07-04 10:04:40,196:WARNING:C:\Users\fares\anaconda3\envs\pycaret-env\Lib\site-packages\sklearn\metrics\_classification.py:1561: UserWarning: Note that pos_label (set to 'yes') is ignored when average != 'binary' (got 'weighted'). You may use labels=[pos_label] to specify a single positive class.
  warnings.warn(

2025-07-04 10:04:40,208:WARNING:C:\Users\fares\anaconda3\envs\pycaret-env\Lib\site-packages\sklearn\metrics\_classification.py:1561: UserWarning: Note that pos_label (set to 'yes') is ignored when average != 'binary' (got 'weighted'). You may use labels=[pos_label] to specify a single positive class.
  warnings.warn(

2025-07-04 10:04:40,213:WARNING:C:\Users\fares\anaconda3\envs\pycaret-env\Lib\site-packages\sklearn\metrics\_classification.py:1561: UserWarning: Note that pos_label (set to 'yes') is ignored when average != 'binary' (got 'weighted'). You may use labels=[pos_label] to specify a single positive class.
  warnings.warn(

2025-07-04 10:04:40,219:WARNING:C:\Users\fares\anaconda3\envs\pycaret-env\Lib\site-packages\sklearn\metrics\_classification.py:1561: UserWarning: Note that pos_label (set to 'yes') is ignored when average != 'binary' (got 'weighted'). You may use labels=[pos_label] to specify a single positive class.
  warnings.warn(

2025-07-04 10:04:40,220:WARNING:C:\Users\fares\anaconda3\envs\pycaret-env\Lib\site-packages\sklearn\metrics\_classification.py:1561: UserWarning: Note that pos_label (set to 'yes') is ignored when average != 'binary' (got 'weighted'). You may use labels=[pos_label] to specify a single positive class.
  warnings.warn(

2025-07-04 10:04:40,223:WARNING:C:\Users\fares\anaconda3\envs\pycaret-env\Lib\site-packages\sklearn\metrics\_classification.py:1561: UserWarning: Note that pos_label (set to 'yes') is ignored when average != 'binary' (got 'weighted'). You may use labels=[pos_label] to specify a single positive class.
  warnings.warn(

2025-07-04 10:04:40,223:WARNING:C:\Users\fares\anaconda3\envs\pycaret-env\Lib\site-packages\sklearn\metrics\_classification.py:1561: UserWarning: Note that pos_label (set to 'yes') is ignored when average != 'binary' (got 'weighted'). You may use labels=[pos_label] to specify a single positive class.
  warnings.warn(

2025-07-04 10:04:40,225:WARNING:C:\Users\fares\anaconda3\envs\pycaret-env\Lib\site-packages\sklearn\metrics\_classification.py:1561: UserWarning: Note that pos_label (set to 'yes') is ignored when average != 'binary' (got 'weighted'). You may use labels=[pos_label] to specify a single positive class.
  warnings.warn(

2025-07-04 10:04:40,229:WARNING:C:\Users\fares\anaconda3\envs\pycaret-env\Lib\site-packages\sklearn\metrics\_classification.py:1561: UserWarning: Note that pos_label (set to 'yes') is ignored when average != 'binary' (got 'weighted'). You may use labels=[pos_label] to specify a single positive class.
  warnings.warn(

2025-07-04 10:04:40,230:WARNING:C:\Users\fares\anaconda3\envs\pycaret-env\Lib\site-packages\sklearn\metrics\_classification.py:1561: UserWarning: Note that pos_label (set to 'yes') is ignored when average != 'binary' (got 'weighted'). You may use labels=[pos_label] to specify a single positive class.
  warnings.warn(

2025-07-04 10:04:40,233:WARNING:C:\Users\fares\anaconda3\envs\pycaret-env\Lib\site-packages\sklearn\metrics\_classification.py:1561: UserWarning: Note that pos_label (set to 'yes') is ignored when average != 'binary' (got 'weighted'). You may use labels=[pos_label] to specify a single positive class.
  warnings.warn(

2025-07-04 10:04:40,236:WARNING:C:\Users\fares\anaconda3\envs\pycaret-env\Lib\site-packages\sklearn\metrics\_classification.py:1561: UserWarning: Note that pos_label (set to 'yes') is ignored when average != 'binary' (got 'weighted'). You may use labels=[pos_label] to specify a single positive class.
  warnings.warn(

2025-07-04 10:04:40,242:WARNING:C:\Users\fares\anaconda3\envs\pycaret-env\Lib\site-packages\sklearn\metrics\_classification.py:1561: UserWarning: Note that pos_label (set to 'yes') is ignored when average != 'binary' (got 'weighted'). You may use labels=[pos_label] to specify a single positive class.
  warnings.warn(

2025-07-04 10:04:40,243:WARNING:C:\Users\fares\anaconda3\envs\pycaret-env\Lib\site-packages\sklearn\metrics\_classification.py:1561: UserWarning: Note that pos_label (set to 'yes') is ignored when average != 'binary' (got 'weighted'). You may use labels=[pos_label] to specify a single positive class.
  warnings.warn(

2025-07-04 10:04:40,245:WARNING:C:\Users\fares\anaconda3\envs\pycaret-env\Lib\site-packages\sklearn\metrics\_classification.py:1561: UserWarning: Note that pos_label (set to 'yes') is ignored when average != 'binary' (got 'weighted'). You may use labels=[pos_label] to specify a single positive class.
  warnings.warn(

2025-07-04 10:04:40,245:WARNING:C:\Users\fares\anaconda3\envs\pycaret-env\Lib\site-packages\sklearn\metrics\_classification.py:1561: UserWarning: Note that pos_label (set to 'yes') is ignored when average != 'binary' (got 'weighted'). You may use labels=[pos_label] to specify a single positive class.
  warnings.warn(

2025-07-04 10:04:40,247:WARNING:C:\Users\fares\anaconda3\envs\pycaret-env\Lib\site-packages\sklearn\metrics\_classification.py:1561: UserWarning: Note that pos_label (set to 'yes') is ignored when average != 'binary' (got 'weighted'). You may use labels=[pos_label] to specify a single positive class.
  warnings.warn(

2025-07-04 10:04:40,250:WARNING:C:\Users\fares\anaconda3\envs\pycaret-env\Lib\site-packages\sklearn\metrics\_classification.py:1561: UserWarning: Note that pos_label (set to 'yes') is ignored when average != 'binary' (got 'weighted'). You may use labels=[pos_label] to specify a single positive class.
  warnings.warn(

2025-07-04 10:04:40,255:WARNING:C:\Users\fares\anaconda3\envs\pycaret-env\Lib\site-packages\sklearn\metrics\_classification.py:1561: UserWarning: Note that pos_label (set to 'yes') is ignored when average != 'binary' (got 'weighted'). You may use labels=[pos_label] to specify a single positive class.
  warnings.warn(

2025-07-04 10:04:40,257:WARNING:C:\Users\fares\anaconda3\envs\pycaret-env\Lib\site-packages\sklearn\metrics\_classification.py:1561: UserWarning: Note that pos_label (set to 'yes') is ignored when average != 'binary' (got 'weighted'). You may use labels=[pos_label] to specify a single positive class.
  warnings.warn(

2025-07-04 10:04:40,259:WARNING:C:\Users\fares\anaconda3\envs\pycaret-env\Lib\site-packages\sklearn\metrics\_classification.py:1561: UserWarning: Note that pos_label (set to 'yes') is ignored when average != 'binary' (got 'weighted'). You may use labels=[pos_label] to specify a single positive class.
  warnings.warn(

2025-07-04 10:04:40,267:WARNING:C:\Users\fares\anaconda3\envs\pycaret-env\Lib\site-packages\sklearn\metrics\_classification.py:1561: UserWarning: Note that pos_label (set to 'yes') is ignored when average != 'binary' (got 'weighted'). You may use labels=[pos_label] to specify a single positive class.
  warnings.warn(

2025-07-04 10:04:40,268:WARNING:C:\Users\fares\anaconda3\envs\pycaret-env\Lib\site-packages\sklearn\metrics\_classification.py:1561: UserWarning: Note that pos_label (set to 'yes') is ignored when average != 'binary' (got 'weighted'). You may use labels=[pos_label] to specify a single positive class.
  warnings.warn(

2025-07-04 10:04:40,268:WARNING:C:\Users\fares\anaconda3\envs\pycaret-env\Lib\site-packages\sklearn\metrics\_classification.py:1561: UserWarning: Note that pos_label (set to 'yes') is ignored when average != 'binary' (got 'weighted'). You may use labels=[pos_label] to specify a single positive class.
  warnings.warn(

2025-07-04 10:04:40,270:WARNING:C:\Users\fares\anaconda3\envs\pycaret-env\Lib\site-packages\sklearn\metrics\_classification.py:1561: UserWarning: Note that pos_label (set to 'yes') is ignored when average != 'binary' (got 'weighted'). You may use labels=[pos_label] to specify a single positive class.
  warnings.warn(

2025-07-04 10:04:40,272:WARNING:C:\Users\fares\anaconda3\envs\pycaret-env\Lib\site-packages\sklearn\metrics\_classification.py:1561: UserWarning: Note that pos_label (set to 'yes') is ignored when average != 'binary' (got 'weighted'). You may use labels=[pos_label] to specify a single positive class.
  warnings.warn(

2025-07-04 10:04:40,279:WARNING:C:\Users\fares\anaconda3\envs\pycaret-env\Lib\site-packages\sklearn\metrics\_classification.py:1561: UserWarning: Note that pos_label (set to 'yes') is ignored when average != 'binary' (got 'weighted'). You may use labels=[pos_label] to specify a single positive class.
  warnings.warn(

2025-07-04 10:04:40,281:WARNING:C:\Users\fares\anaconda3\envs\pycaret-env\Lib\site-packages\sklearn\metrics\_classification.py:1561: UserWarning: Note that pos_label (set to 'yes') is ignored when average != 'binary' (got 'weighted'). You may use labels=[pos_label] to specify a single positive class.
  warnings.warn(

2025-07-04 10:04:40,319:INFO:Calculating mean and std
2025-07-04 10:04:40,321:INFO:Creating metrics dataframe
2025-07-04 10:04:40,322:INFO:Uploading results into container
2025-07-04 10:04:40,322:INFO:Uploading model into container now
2025-07-04 10:04:40,323:INFO:_master_model_container: 4
2025-07-04 10:04:40,323:INFO:_display_container: 2
2025-07-04 10:04:40,323:INFO:DecisionTreeClassifier(ccp_alpha=0.0, class_weight=None, criterion='gini',
                       max_depth=None, max_features=None, max_leaf_nodes=None,
                       min_impurity_decrease=0.0, min_samples_leaf=1,
                       min_samples_split=2, min_weight_fraction_leaf=0.0,
                       monotonic_cst=None, random_state=123, splitter='best')
2025-07-04 10:04:40,323:INFO:create_model() successfully completed......................................
2025-07-04 10:04:40,419:INFO:SubProcess create_model() end ==================================
2025-07-04 10:04:40,420:INFO:Creating metrics dataframe
2025-07-04 10:04:40,426:INFO:Initializing SVM - Linear Kernel
2025-07-04 10:04:40,427:INFO:Total runtime is 0.3283481876055399 minutes
2025-07-04 10:04:40,430:INFO:SubProcess create_model() called ==================================
2025-07-04 10:04:40,431:INFO:Initializing create_model()
2025-07-04 10:04:40,431:INFO:create_model(self=<pycaret.classification.oop.ClassificationExperiment object at 0x000001EC2D533E10>, estimator=svm, fold=StratifiedKFold(n_splits=10, random_state=None, shuffle=False), round=4, cross_validation=True, predict=True, fit_kwargs={}, groups=None, refit=False, probability_threshold=None, experiment_custom_tags=None, verbose=False, system=False, add_to_model_list=True, metrics=None, display=<pycaret.internal.display.display.CommonDisplay object at 0x000001EC2D2E4D10>, model_only=True, return_train_score=False, error_score=0.0, kwargs={})
2025-07-04 10:04:40,431:INFO:Checking exceptions
2025-07-04 10:04:40,431:INFO:Importing libraries
2025-07-04 10:04:40,431:INFO:Copying training dataset
2025-07-04 10:04:40,453:INFO:Defining folds
2025-07-04 10:04:40,453:INFO:Declaring metric variables
2025-07-04 10:04:40,456:INFO:Importing untrained model
2025-07-04 10:04:40,461:INFO:SVM - Linear Kernel Imported successfully
2025-07-04 10:04:40,466:INFO:Starting cross validation
2025-07-04 10:04:40,469:INFO:Cross validating with StratifiedKFold(n_splits=10, random_state=None, shuffle=False), n_jobs=-1
2025-07-04 10:04:43,136:WARNING:C:\Users\fares\anaconda3\envs\pycaret-env\Lib\site-packages\sklearn\metrics\_classification.py:1561: UserWarning: Note that pos_label (set to 'yes') is ignored when average != 'binary' (got 'weighted'). You may use labels=[pos_label] to specify a single positive class.
  warnings.warn(

2025-07-04 10:04:43,160:WARNING:C:\Users\fares\anaconda3\envs\pycaret-env\Lib\site-packages\sklearn\metrics\_classification.py:1561: UserWarning: Note that pos_label (set to 'yes') is ignored when average != 'binary' (got 'weighted'). You may use labels=[pos_label] to specify a single positive class.
  warnings.warn(

2025-07-04 10:04:43,185:WARNING:C:\Users\fares\anaconda3\envs\pycaret-env\Lib\site-packages\sklearn\metrics\_classification.py:1561: UserWarning: Note that pos_label (set to 'yes') is ignored when average != 'binary' (got 'weighted'). You may use labels=[pos_label] to specify a single positive class.
  warnings.warn(

2025-07-04 10:04:43,508:WARNING:C:\Users\fares\anaconda3\envs\pycaret-env\Lib\site-packages\sklearn\metrics\_classification.py:1561: UserWarning: Note that pos_label (set to 'yes') is ignored when average != 'binary' (got 'weighted'). You may use labels=[pos_label] to specify a single positive class.
  warnings.warn(

2025-07-04 10:04:43,530:WARNING:C:\Users\fares\anaconda3\envs\pycaret-env\Lib\site-packages\sklearn\metrics\_classification.py:1561: UserWarning: Note that pos_label (set to 'yes') is ignored when average != 'binary' (got 'weighted'). You may use labels=[pos_label] to specify a single positive class.
  warnings.warn(

2025-07-04 10:04:43,542:WARNING:C:\Users\fares\anaconda3\envs\pycaret-env\Lib\site-packages\sklearn\metrics\_classification.py:1561: UserWarning: Note that pos_label (set to 'yes') is ignored when average != 'binary' (got 'weighted'). You may use labels=[pos_label] to specify a single positive class.
  warnings.warn(

2025-07-04 10:04:43,555:WARNING:C:\Users\fares\anaconda3\envs\pycaret-env\Lib\site-packages\sklearn\metrics\_classification.py:1561: UserWarning: Note that pos_label (set to 'yes') is ignored when average != 'binary' (got 'weighted'). You may use labels=[pos_label] to specify a single positive class.
  warnings.warn(

2025-07-04 10:04:43,564:WARNING:C:\Users\fares\anaconda3\envs\pycaret-env\Lib\site-packages\sklearn\metrics\_classification.py:1561: UserWarning: Note that pos_label (set to 'yes') is ignored when average != 'binary' (got 'weighted'). You may use labels=[pos_label] to specify a single positive class.
  warnings.warn(

2025-07-04 10:04:43,588:WARNING:C:\Users\fares\anaconda3\envs\pycaret-env\Lib\site-packages\sklearn\metrics\_classification.py:1561: UserWarning: Note that pos_label (set to 'yes') is ignored when average != 'binary' (got 'weighted'). You may use labels=[pos_label] to specify a single positive class.
  warnings.warn(

2025-07-04 10:04:43,612:WARNING:C:\Users\fares\anaconda3\envs\pycaret-env\Lib\site-packages\sklearn\metrics\_classification.py:1561: UserWarning: Note that pos_label (set to 'yes') is ignored when average != 'binary' (got 'weighted'). You may use labels=[pos_label] to specify a single positive class.
  warnings.warn(

2025-07-04 10:04:43,636:WARNING:C:\Users\fares\anaconda3\envs\pycaret-env\Lib\site-packages\sklearn\metrics\_classification.py:1561: UserWarning: Note that pos_label (set to 'yes') is ignored when average != 'binary' (got 'weighted'). You may use labels=[pos_label] to specify a single positive class.
  warnings.warn(

2025-07-04 10:04:43,660:WARNING:C:\Users\fares\anaconda3\envs\pycaret-env\Lib\site-packages\sklearn\metrics\_classification.py:1561: UserWarning: Note that pos_label (set to 'yes') is ignored when average != 'binary' (got 'weighted'). You may use labels=[pos_label] to specify a single positive class.
  warnings.warn(

2025-07-04 10:04:43,686:WARNING:C:\Users\fares\anaconda3\envs\pycaret-env\Lib\site-packages\sklearn\metrics\_classification.py:1561: UserWarning: Note that pos_label (set to 'yes') is ignored when average != 'binary' (got 'weighted'). You may use labels=[pos_label] to specify a single positive class.
  warnings.warn(

2025-07-04 10:04:43,708:WARNING:C:\Users\fares\anaconda3\envs\pycaret-env\Lib\site-packages\sklearn\metrics\_classification.py:1561: UserWarning: Note that pos_label (set to 'yes') is ignored when average != 'binary' (got 'weighted'). You may use labels=[pos_label] to specify a single positive class.
  warnings.warn(

2025-07-04 10:04:43,730:WARNING:C:\Users\fares\anaconda3\envs\pycaret-env\Lib\site-packages\sklearn\metrics\_classification.py:1561: UserWarning: Note that pos_label (set to 'yes') is ignored when average != 'binary' (got 'weighted'). You may use labels=[pos_label] to specify a single positive class.
  warnings.warn(

2025-07-04 10:04:43,909:WARNING:C:\Users\fares\anaconda3\envs\pycaret-env\Lib\site-packages\sklearn\metrics\_classification.py:1561: UserWarning: Note that pos_label (set to 'yes') is ignored when average != 'binary' (got 'weighted'). You may use labels=[pos_label] to specify a single positive class.
  warnings.warn(

2025-07-04 10:04:43,933:WARNING:C:\Users\fares\anaconda3\envs\pycaret-env\Lib\site-packages\sklearn\metrics\_classification.py:1561: UserWarning: Note that pos_label (set to 'yes') is ignored when average != 'binary' (got 'weighted'). You may use labels=[pos_label] to specify a single positive class.
  warnings.warn(

2025-07-04 10:04:43,954:WARNING:C:\Users\fares\anaconda3\envs\pycaret-env\Lib\site-packages\sklearn\metrics\_classification.py:1561: UserWarning: Note that pos_label (set to 'yes') is ignored when average != 'binary' (got 'weighted'). You may use labels=[pos_label] to specify a single positive class.
  warnings.warn(

2025-07-04 10:04:43,985:WARNING:C:\Users\fares\anaconda3\envs\pycaret-env\Lib\site-packages\sklearn\metrics\_classification.py:1561: UserWarning: Note that pos_label (set to 'yes') is ignored when average != 'binary' (got 'weighted'). You may use labels=[pos_label] to specify a single positive class.
  warnings.warn(

2025-07-04 10:04:44,007:WARNING:C:\Users\fares\anaconda3\envs\pycaret-env\Lib\site-packages\sklearn\metrics\_classification.py:1561: UserWarning: Note that pos_label (set to 'yes') is ignored when average != 'binary' (got 'weighted'). You may use labels=[pos_label] to specify a single positive class.
  warnings.warn(

2025-07-04 10:04:44,027:WARNING:C:\Users\fares\anaconda3\envs\pycaret-env\Lib\site-packages\sklearn\metrics\_classification.py:1561: UserWarning: Note that pos_label (set to 'yes') is ignored when average != 'binary' (got 'weighted'). You may use labels=[pos_label] to specify a single positive class.
  warnings.warn(

2025-07-04 10:04:44,124:WARNING:C:\Users\fares\anaconda3\envs\pycaret-env\Lib\site-packages\sklearn\metrics\_classification.py:1561: UserWarning: Note that pos_label (set to 'yes') is ignored when average != 'binary' (got 'weighted'). You may use labels=[pos_label] to specify a single positive class.
  warnings.warn(

2025-07-04 10:04:44,145:WARNING:C:\Users\fares\anaconda3\envs\pycaret-env\Lib\site-packages\sklearn\metrics\_classification.py:1561: UserWarning: Note that pos_label (set to 'yes') is ignored when average != 'binary' (got 'weighted'). You may use labels=[pos_label] to specify a single positive class.
  warnings.warn(

2025-07-04 10:04:44,167:WARNING:C:\Users\fares\anaconda3\envs\pycaret-env\Lib\site-packages\sklearn\metrics\_classification.py:1561: UserWarning: Note that pos_label (set to 'yes') is ignored when average != 'binary' (got 'weighted'). You may use labels=[pos_label] to specify a single positive class.
  warnings.warn(

2025-07-04 10:04:44,218:WARNING:C:\Users\fares\anaconda3\envs\pycaret-env\Lib\site-packages\sklearn\metrics\_classification.py:1561: UserWarning: Note that pos_label (set to 'yes') is ignored when average != 'binary' (got 'weighted'). You may use labels=[pos_label] to specify a single positive class.
  warnings.warn(

2025-07-04 10:04:44,239:WARNING:C:\Users\fares\anaconda3\envs\pycaret-env\Lib\site-packages\sklearn\metrics\_classification.py:1561: UserWarning: Note that pos_label (set to 'yes') is ignored when average != 'binary' (got 'weighted'). You may use labels=[pos_label] to specify a single positive class.
  warnings.warn(

2025-07-04 10:04:44,263:WARNING:C:\Users\fares\anaconda3\envs\pycaret-env\Lib\site-packages\sklearn\metrics\_classification.py:1561: UserWarning: Note that pos_label (set to 'yes') is ignored when average != 'binary' (got 'weighted'). You may use labels=[pos_label] to specify a single positive class.
  warnings.warn(

2025-07-04 10:04:44,299:WARNING:C:\Users\fares\anaconda3\envs\pycaret-env\Lib\site-packages\sklearn\metrics\_classification.py:1561: UserWarning: Note that pos_label (set to 'yes') is ignored when average != 'binary' (got 'weighted'). You may use labels=[pos_label] to specify a single positive class.
  warnings.warn(

2025-07-04 10:04:44,316:WARNING:C:\Users\fares\anaconda3\envs\pycaret-env\Lib\site-packages\sklearn\metrics\_classification.py:1561: UserWarning: Note that pos_label (set to 'yes') is ignored when average != 'binary' (got 'weighted'). You may use labels=[pos_label] to specify a single positive class.
  warnings.warn(

2025-07-04 10:04:44,335:WARNING:C:\Users\fares\anaconda3\envs\pycaret-env\Lib\site-packages\sklearn\metrics\_classification.py:1561: UserWarning: Note that pos_label (set to 'yes') is ignored when average != 'binary' (got 'weighted'). You may use labels=[pos_label] to specify a single positive class.
  warnings.warn(

2025-07-04 10:04:44,367:INFO:Calculating mean and std
2025-07-04 10:04:44,368:INFO:Creating metrics dataframe
2025-07-04 10:04:44,370:INFO:Uploading results into container
2025-07-04 10:04:44,370:INFO:Uploading model into container now
2025-07-04 10:04:44,371:INFO:_master_model_container: 5
2025-07-04 10:04:44,371:INFO:_display_container: 2
2025-07-04 10:04:44,371:INFO:SGDClassifier(alpha=0.0001, average=False, class_weight=None,
              early_stopping=False, epsilon=0.1, eta0=0.001, fit_intercept=True,
              l1_ratio=0.15, learning_rate='optimal', loss='hinge',
              max_iter=1000, n_iter_no_change=5, n_jobs=-1, penalty='l2',
              power_t=0.5, random_state=123, shuffle=True, tol=0.001,
              validation_fraction=0.1, verbose=0, warm_start=False)
2025-07-04 10:04:44,372:INFO:create_model() successfully completed......................................
2025-07-04 10:04:44,465:INFO:SubProcess create_model() end ==================================
2025-07-04 10:04:44,465:INFO:Creating metrics dataframe
2025-07-04 10:04:44,472:INFO:Initializing Ridge Classifier
2025-07-04 10:04:44,472:INFO:Total runtime is 0.3957718610763549 minutes
2025-07-04 10:04:44,477:INFO:SubProcess create_model() called ==================================
2025-07-04 10:04:44,477:INFO:Initializing create_model()
2025-07-04 10:04:44,477:INFO:create_model(self=<pycaret.classification.oop.ClassificationExperiment object at 0x000001EC2D533E10>, estimator=ridge, fold=StratifiedKFold(n_splits=10, random_state=None, shuffle=False), round=4, cross_validation=True, predict=True, fit_kwargs={}, groups=None, refit=False, probability_threshold=None, experiment_custom_tags=None, verbose=False, system=False, add_to_model_list=True, metrics=None, display=<pycaret.internal.display.display.CommonDisplay object at 0x000001EC2D2E4D10>, model_only=True, return_train_score=False, error_score=0.0, kwargs={})
2025-07-04 10:04:44,477:INFO:Checking exceptions
2025-07-04 10:04:44,477:INFO:Importing libraries
2025-07-04 10:04:44,478:INFO:Copying training dataset
2025-07-04 10:04:44,500:INFO:Defining folds
2025-07-04 10:04:44,500:INFO:Declaring metric variables
2025-07-04 10:04:44,505:INFO:Importing untrained model
2025-07-04 10:04:44,508:INFO:Ridge Classifier Imported successfully
2025-07-04 10:04:44,513:INFO:Starting cross validation
2025-07-04 10:04:44,517:INFO:Cross validating with StratifiedKFold(n_splits=10, random_state=None, shuffle=False), n_jobs=-1
2025-07-04 10:04:45,572:WARNING:C:\Users\fares\anaconda3\envs\pycaret-env\Lib\site-packages\sklearn\metrics\_classification.py:1561: UserWarning: Note that pos_label (set to 'yes') is ignored when average != 'binary' (got 'weighted'). You may use labels=[pos_label] to specify a single positive class.
  warnings.warn(

2025-07-04 10:04:45,575:WARNING:C:\Users\fares\anaconda3\envs\pycaret-env\Lib\site-packages\sklearn\metrics\_classification.py:1561: UserWarning: Note that pos_label (set to 'yes') is ignored when average != 'binary' (got 'weighted'). You may use labels=[pos_label] to specify a single positive class.
  warnings.warn(

2025-07-04 10:04:45,577:WARNING:C:\Users\fares\anaconda3\envs\pycaret-env\Lib\site-packages\sklearn\metrics\_classification.py:1561: UserWarning: Note that pos_label (set to 'yes') is ignored when average != 'binary' (got 'weighted'). You may use labels=[pos_label] to specify a single positive class.
  warnings.warn(

2025-07-04 10:04:45,577:WARNING:C:\Users\fares\anaconda3\envs\pycaret-env\Lib\site-packages\sklearn\metrics\_classification.py:1561: UserWarning: Note that pos_label (set to 'yes') is ignored when average != 'binary' (got 'weighted'). You may use labels=[pos_label] to specify a single positive class.
  warnings.warn(

2025-07-04 10:04:45,584:WARNING:C:\Users\fares\anaconda3\envs\pycaret-env\Lib\site-packages\sklearn\metrics\_classification.py:1561: UserWarning: Note that pos_label (set to 'yes') is ignored when average != 'binary' (got 'weighted'). You may use labels=[pos_label] to specify a single positive class.
  warnings.warn(

2025-07-04 10:04:45,589:WARNING:C:\Users\fares\anaconda3\envs\pycaret-env\Lib\site-packages\sklearn\metrics\_classification.py:1561: UserWarning: Note that pos_label (set to 'yes') is ignored when average != 'binary' (got 'weighted'). You may use labels=[pos_label] to specify a single positive class.
  warnings.warn(

2025-07-04 10:04:45,595:WARNING:C:\Users\fares\anaconda3\envs\pycaret-env\Lib\site-packages\sklearn\metrics\_classification.py:1561: UserWarning: Note that pos_label (set to 'yes') is ignored when average != 'binary' (got 'weighted'). You may use labels=[pos_label] to specify a single positive class.
  warnings.warn(

2025-07-04 10:04:45,596:WARNING:C:\Users\fares\anaconda3\envs\pycaret-env\Lib\site-packages\sklearn\metrics\_classification.py:1561: UserWarning: Note that pos_label (set to 'yes') is ignored when average != 'binary' (got 'weighted'). You may use labels=[pos_label] to specify a single positive class.
  warnings.warn(

2025-07-04 10:04:45,597:WARNING:C:\Users\fares\anaconda3\envs\pycaret-env\Lib\site-packages\sklearn\metrics\_classification.py:1561: UserWarning: Note that pos_label (set to 'yes') is ignored when average != 'binary' (got 'weighted'). You may use labels=[pos_label] to specify a single positive class.
  warnings.warn(

2025-07-04 10:04:45,597:WARNING:C:\Users\fares\anaconda3\envs\pycaret-env\Lib\site-packages\sklearn\metrics\_classification.py:1561: UserWarning: Note that pos_label (set to 'yes') is ignored when average != 'binary' (got 'weighted'). You may use labels=[pos_label] to specify a single positive class.
  warnings.warn(

2025-07-04 10:04:45,598:WARNING:C:\Users\fares\anaconda3\envs\pycaret-env\Lib\site-packages\sklearn\metrics\_classification.py:1561: UserWarning: Note that pos_label (set to 'yes') is ignored when average != 'binary' (got 'weighted'). You may use labels=[pos_label] to specify a single positive class.
  warnings.warn(

2025-07-04 10:04:45,601:WARNING:C:\Users\fares\anaconda3\envs\pycaret-env\Lib\site-packages\sklearn\metrics\_classification.py:1561: UserWarning: Note that pos_label (set to 'yes') is ignored when average != 'binary' (got 'weighted'). You may use labels=[pos_label] to specify a single positive class.
  warnings.warn(

2025-07-04 10:04:45,601:WARNING:C:\Users\fares\anaconda3\envs\pycaret-env\Lib\site-packages\sklearn\metrics\_classification.py:1561: UserWarning: Note that pos_label (set to 'yes') is ignored when average != 'binary' (got 'weighted'). You may use labels=[pos_label] to specify a single positive class.
  warnings.warn(

2025-07-04 10:04:45,605:WARNING:C:\Users\fares\anaconda3\envs\pycaret-env\Lib\site-packages\sklearn\metrics\_classification.py:1561: UserWarning: Note that pos_label (set to 'yes') is ignored when average != 'binary' (got 'weighted'). You may use labels=[pos_label] to specify a single positive class.
  warnings.warn(

2025-07-04 10:04:45,607:WARNING:C:\Users\fares\anaconda3\envs\pycaret-env\Lib\site-packages\sklearn\metrics\_classification.py:1561: UserWarning: Note that pos_label (set to 'yes') is ignored when average != 'binary' (got 'weighted'). You may use labels=[pos_label] to specify a single positive class.
  warnings.warn(

2025-07-04 10:04:45,611:WARNING:C:\Users\fares\anaconda3\envs\pycaret-env\Lib\site-packages\sklearn\metrics\_classification.py:1561: UserWarning: Note that pos_label (set to 'yes') is ignored when average != 'binary' (got 'weighted'). You may use labels=[pos_label] to specify a single positive class.
  warnings.warn(

2025-07-04 10:04:45,613:WARNING:C:\Users\fares\anaconda3\envs\pycaret-env\Lib\site-packages\sklearn\metrics\_classification.py:1561: UserWarning: Note that pos_label (set to 'yes') is ignored when average != 'binary' (got 'weighted'). You may use labels=[pos_label] to specify a single positive class.
  warnings.warn(

2025-07-04 10:04:45,618:WARNING:C:\Users\fares\anaconda3\envs\pycaret-env\Lib\site-packages\sklearn\metrics\_classification.py:1561: UserWarning: Note that pos_label (set to 'yes') is ignored when average != 'binary' (got 'weighted'). You may use labels=[pos_label] to specify a single positive class.
  warnings.warn(

2025-07-04 10:04:45,619:WARNING:C:\Users\fares\anaconda3\envs\pycaret-env\Lib\site-packages\sklearn\metrics\_classification.py:1561: UserWarning: Note that pos_label (set to 'yes') is ignored when average != 'binary' (got 'weighted'). You may use labels=[pos_label] to specify a single positive class.
  warnings.warn(

2025-07-04 10:04:45,621:WARNING:C:\Users\fares\anaconda3\envs\pycaret-env\Lib\site-packages\sklearn\metrics\_classification.py:1561: UserWarning: Note that pos_label (set to 'yes') is ignored when average != 'binary' (got 'weighted'). You may use labels=[pos_label] to specify a single positive class.
  warnings.warn(

2025-07-04 10:04:45,623:WARNING:C:\Users\fares\anaconda3\envs\pycaret-env\Lib\site-packages\sklearn\metrics\_classification.py:1561: UserWarning: Note that pos_label (set to 'yes') is ignored when average != 'binary' (got 'weighted'). You may use labels=[pos_label] to specify a single positive class.
  warnings.warn(

2025-07-04 10:04:45,624:WARNING:C:\Users\fares\anaconda3\envs\pycaret-env\Lib\site-packages\sklearn\metrics\_classification.py:1561: UserWarning: Note that pos_label (set to 'yes') is ignored when average != 'binary' (got 'weighted'). You may use labels=[pos_label] to specify a single positive class.
  warnings.warn(

2025-07-04 10:04:45,624:WARNING:C:\Users\fares\anaconda3\envs\pycaret-env\Lib\site-packages\sklearn\metrics\_classification.py:1561: UserWarning: Note that pos_label (set to 'yes') is ignored when average != 'binary' (got 'weighted'). You may use labels=[pos_label] to specify a single positive class.
  warnings.warn(

2025-07-04 10:04:45,627:WARNING:C:\Users\fares\anaconda3\envs\pycaret-env\Lib\site-packages\sklearn\metrics\_classification.py:1561: UserWarning: Note that pos_label (set to 'yes') is ignored when average != 'binary' (got 'weighted'). You may use labels=[pos_label] to specify a single positive class.
  warnings.warn(

2025-07-04 10:04:45,630:WARNING:C:\Users\fares\anaconda3\envs\pycaret-env\Lib\site-packages\sklearn\metrics\_classification.py:1561: UserWarning: Note that pos_label (set to 'yes') is ignored when average != 'binary' (got 'weighted'). You may use labels=[pos_label] to specify a single positive class.
  warnings.warn(

2025-07-04 10:04:45,633:WARNING:C:\Users\fares\anaconda3\envs\pycaret-env\Lib\site-packages\sklearn\metrics\_classification.py:1561: UserWarning: Note that pos_label (set to 'yes') is ignored when average != 'binary' (got 'weighted'). You may use labels=[pos_label] to specify a single positive class.
  warnings.warn(

2025-07-04 10:04:45,641:WARNING:C:\Users\fares\anaconda3\envs\pycaret-env\Lib\site-packages\sklearn\metrics\_classification.py:1561: UserWarning: Note that pos_label (set to 'yes') is ignored when average != 'binary' (got 'weighted'). You may use labels=[pos_label] to specify a single positive class.
  warnings.warn(

2025-07-04 10:04:45,644:WARNING:C:\Users\fares\anaconda3\envs\pycaret-env\Lib\site-packages\sklearn\metrics\_classification.py:1561: UserWarning: Note that pos_label (set to 'yes') is ignored when average != 'binary' (got 'weighted'). You may use labels=[pos_label] to specify a single positive class.
  warnings.warn(

2025-07-04 10:04:45,644:WARNING:C:\Users\fares\anaconda3\envs\pycaret-env\Lib\site-packages\sklearn\metrics\_classification.py:1561: UserWarning: Note that pos_label (set to 'yes') is ignored when average != 'binary' (got 'weighted'). You may use labels=[pos_label] to specify a single positive class.
  warnings.warn(

2025-07-04 10:04:45,650:WARNING:C:\Users\fares\anaconda3\envs\pycaret-env\Lib\site-packages\sklearn\metrics\_classification.py:1561: UserWarning: Note that pos_label (set to 'yes') is ignored when average != 'binary' (got 'weighted'). You may use labels=[pos_label] to specify a single positive class.
  warnings.warn(

2025-07-04 10:04:45,688:INFO:Calculating mean and std
2025-07-04 10:04:45,690:INFO:Creating metrics dataframe
2025-07-04 10:04:45,691:INFO:Uploading results into container
2025-07-04 10:04:45,692:INFO:Uploading model into container now
2025-07-04 10:04:45,692:INFO:_master_model_container: 6
2025-07-04 10:04:45,692:INFO:_display_container: 2
2025-07-04 10:04:45,693:INFO:RidgeClassifier(alpha=1.0, class_weight=None, copy_X=True, fit_intercept=True,
                max_iter=None, positive=False, random_state=123, solver='auto',
                tol=0.0001)
2025-07-04 10:04:45,693:INFO:create_model() successfully completed......................................
2025-07-04 10:04:45,788:INFO:SubProcess create_model() end ==================================
2025-07-04 10:04:45,789:INFO:Creating metrics dataframe
2025-07-04 10:04:45,796:INFO:Initializing Random Forest Classifier
2025-07-04 10:04:45,797:INFO:Total runtime is 0.41784654458363846 minutes
2025-07-04 10:04:45,799:INFO:SubProcess create_model() called ==================================
2025-07-04 10:04:45,800:INFO:Initializing create_model()
2025-07-04 10:04:45,800:INFO:create_model(self=<pycaret.classification.oop.ClassificationExperiment object at 0x000001EC2D533E10>, estimator=rf, fold=StratifiedKFold(n_splits=10, random_state=None, shuffle=False), round=4, cross_validation=True, predict=True, fit_kwargs={}, groups=None, refit=False, probability_threshold=None, experiment_custom_tags=None, verbose=False, system=False, add_to_model_list=True, metrics=None, display=<pycaret.internal.display.display.CommonDisplay object at 0x000001EC2D2E4D10>, model_only=True, return_train_score=False, error_score=0.0, kwargs={})
2025-07-04 10:04:45,800:INFO:Checking exceptions
2025-07-04 10:04:45,800:INFO:Importing libraries
2025-07-04 10:04:45,800:INFO:Copying training dataset
2025-07-04 10:04:45,821:INFO:Defining folds
2025-07-04 10:04:45,821:INFO:Declaring metric variables
2025-07-04 10:04:45,824:INFO:Importing untrained model
2025-07-04 10:04:45,827:INFO:Random Forest Classifier Imported successfully
2025-07-04 10:04:45,832:INFO:Starting cross validation
2025-07-04 10:04:45,836:INFO:Cross validating with StratifiedKFold(n_splits=10, random_state=None, shuffle=False), n_jobs=-1
2025-07-04 10:04:49,116:WARNING:C:\Users\fares\anaconda3\envs\pycaret-env\Lib\site-packages\sklearn\metrics\_classification.py:1561: UserWarning: Note that pos_label (set to 'yes') is ignored when average != 'binary' (got 'weighted'). You may use labels=[pos_label] to specify a single positive class.
  warnings.warn(

2025-07-04 10:04:49,151:WARNING:C:\Users\fares\anaconda3\envs\pycaret-env\Lib\site-packages\sklearn\metrics\_classification.py:1561: UserWarning: Note that pos_label (set to 'yes') is ignored when average != 'binary' (got 'weighted'). You may use labels=[pos_label] to specify a single positive class.
  warnings.warn(

2025-07-04 10:04:49,159:WARNING:C:\Users\fares\anaconda3\envs\pycaret-env\Lib\site-packages\sklearn\metrics\_classification.py:1561: UserWarning: Note that pos_label (set to 'yes') is ignored when average != 'binary' (got 'weighted'). You may use labels=[pos_label] to specify a single positive class.
  warnings.warn(

2025-07-04 10:04:49,167:WARNING:C:\Users\fares\anaconda3\envs\pycaret-env\Lib\site-packages\sklearn\metrics\_classification.py:1561: UserWarning: Note that pos_label (set to 'yes') is ignored when average != 'binary' (got 'weighted'). You may use labels=[pos_label] to specify a single positive class.
  warnings.warn(

2025-07-04 10:04:49,173:WARNING:C:\Users\fares\anaconda3\envs\pycaret-env\Lib\site-packages\sklearn\metrics\_classification.py:1561: UserWarning: Note that pos_label (set to 'yes') is ignored when average != 'binary' (got 'weighted'). You may use labels=[pos_label] to specify a single positive class.
  warnings.warn(

2025-07-04 10:04:49,182:WARNING:C:\Users\fares\anaconda3\envs\pycaret-env\Lib\site-packages\sklearn\metrics\_classification.py:1561: UserWarning: Note that pos_label (set to 'yes') is ignored when average != 'binary' (got 'weighted'). You may use labels=[pos_label] to specify a single positive class.
  warnings.warn(

2025-07-04 10:04:49,186:WARNING:C:\Users\fares\anaconda3\envs\pycaret-env\Lib\site-packages\sklearn\metrics\_classification.py:1561: UserWarning: Note that pos_label (set to 'yes') is ignored when average != 'binary' (got 'weighted'). You may use labels=[pos_label] to specify a single positive class.
  warnings.warn(

2025-07-04 10:04:49,197:WARNING:C:\Users\fares\anaconda3\envs\pycaret-env\Lib\site-packages\sklearn\metrics\_classification.py:1561: UserWarning: Note that pos_label (set to 'yes') is ignored when average != 'binary' (got 'weighted'). You may use labels=[pos_label] to specify a single positive class.
  warnings.warn(

2025-07-04 10:04:49,205:WARNING:C:\Users\fares\anaconda3\envs\pycaret-env\Lib\site-packages\sklearn\metrics\_classification.py:1561: UserWarning: Note that pos_label (set to 'yes') is ignored when average != 'binary' (got 'weighted'). You may use labels=[pos_label] to specify a single positive class.
  warnings.warn(

2025-07-04 10:04:49,218:WARNING:C:\Users\fares\anaconda3\envs\pycaret-env\Lib\site-packages\sklearn\metrics\_classification.py:1561: UserWarning: Note that pos_label (set to 'yes') is ignored when average != 'binary' (got 'weighted'). You may use labels=[pos_label] to specify a single positive class.
  warnings.warn(

2025-07-04 10:04:49,219:WARNING:C:\Users\fares\anaconda3\envs\pycaret-env\Lib\site-packages\sklearn\metrics\_classification.py:1561: UserWarning: Note that pos_label (set to 'yes') is ignored when average != 'binary' (got 'weighted'). You may use labels=[pos_label] to specify a single positive class.
  warnings.warn(

2025-07-04 10:04:49,219:WARNING:C:\Users\fares\anaconda3\envs\pycaret-env\Lib\site-packages\sklearn\metrics\_classification.py:1561: UserWarning: Note that pos_label (set to 'yes') is ignored when average != 'binary' (got 'weighted'). You may use labels=[pos_label] to specify a single positive class.
  warnings.warn(

2025-07-04 10:04:49,222:WARNING:C:\Users\fares\anaconda3\envs\pycaret-env\Lib\site-packages\sklearn\metrics\_classification.py:1561: UserWarning: Note that pos_label (set to 'yes') is ignored when average != 'binary' (got 'weighted'). You may use labels=[pos_label] to specify a single positive class.
  warnings.warn(

2025-07-04 10:04:49,227:WARNING:C:\Users\fares\anaconda3\envs\pycaret-env\Lib\site-packages\sklearn\metrics\_classification.py:1561: UserWarning: Note that pos_label (set to 'yes') is ignored when average != 'binary' (got 'weighted'). You may use labels=[pos_label] to specify a single positive class.
  warnings.warn(

2025-07-04 10:04:49,232:WARNING:C:\Users\fares\anaconda3\envs\pycaret-env\Lib\site-packages\sklearn\metrics\_classification.py:1561: UserWarning: Note that pos_label (set to 'yes') is ignored when average != 'binary' (got 'weighted'). You may use labels=[pos_label] to specify a single positive class.
  warnings.warn(

2025-07-04 10:04:49,233:WARNING:C:\Users\fares\anaconda3\envs\pycaret-env\Lib\site-packages\sklearn\metrics\_classification.py:1561: UserWarning: Note that pos_label (set to 'yes') is ignored when average != 'binary' (got 'weighted'). You may use labels=[pos_label] to specify a single positive class.
  warnings.warn(

2025-07-04 10:04:49,233:WARNING:C:\Users\fares\anaconda3\envs\pycaret-env\Lib\site-packages\sklearn\metrics\_classification.py:1561: UserWarning: Note that pos_label (set to 'yes') is ignored when average != 'binary' (got 'weighted'). You may use labels=[pos_label] to specify a single positive class.
  warnings.warn(

2025-07-04 10:04:49,234:WARNING:C:\Users\fares\anaconda3\envs\pycaret-env\Lib\site-packages\sklearn\metrics\_classification.py:1561: UserWarning: Note that pos_label (set to 'yes') is ignored when average != 'binary' (got 'weighted'). You may use labels=[pos_label] to specify a single positive class.
  warnings.warn(

2025-07-04 10:04:49,239:WARNING:C:\Users\fares\anaconda3\envs\pycaret-env\Lib\site-packages\sklearn\metrics\_classification.py:1561: UserWarning: Note that pos_label (set to 'yes') is ignored when average != 'binary' (got 'weighted'). You may use labels=[pos_label] to specify a single positive class.
  warnings.warn(

2025-07-04 10:04:49,243:WARNING:C:\Users\fares\anaconda3\envs\pycaret-env\Lib\site-packages\sklearn\metrics\_classification.py:1561: UserWarning: Note that pos_label (set to 'yes') is ignored when average != 'binary' (got 'weighted'). You may use labels=[pos_label] to specify a single positive class.
  warnings.warn(

2025-07-04 10:04:49,244:WARNING:C:\Users\fares\anaconda3\envs\pycaret-env\Lib\site-packages\sklearn\metrics\_classification.py:1561: UserWarning: Note that pos_label (set to 'yes') is ignored when average != 'binary' (got 'weighted'). You may use labels=[pos_label] to specify a single positive class.
  warnings.warn(

2025-07-04 10:04:49,256:WARNING:C:\Users\fares\anaconda3\envs\pycaret-env\Lib\site-packages\sklearn\metrics\_classification.py:1561: UserWarning: Note that pos_label (set to 'yes') is ignored when average != 'binary' (got 'weighted'). You may use labels=[pos_label] to specify a single positive class.
  warnings.warn(

2025-07-04 10:04:49,256:WARNING:C:\Users\fares\anaconda3\envs\pycaret-env\Lib\site-packages\sklearn\metrics\_classification.py:1561: UserWarning: Note that pos_label (set to 'yes') is ignored when average != 'binary' (got 'weighted'). You may use labels=[pos_label] to specify a single positive class.
  warnings.warn(

2025-07-04 10:04:49,259:WARNING:C:\Users\fares\anaconda3\envs\pycaret-env\Lib\site-packages\sklearn\metrics\_classification.py:1561: UserWarning: Note that pos_label (set to 'yes') is ignored when average != 'binary' (got 'weighted'). You may use labels=[pos_label] to specify a single positive class.
  warnings.warn(

2025-07-04 10:04:49,262:WARNING:C:\Users\fares\anaconda3\envs\pycaret-env\Lib\site-packages\sklearn\metrics\_classification.py:1561: UserWarning: Note that pos_label (set to 'yes') is ignored when average != 'binary' (got 'weighted'). You may use labels=[pos_label] to specify a single positive class.
  warnings.warn(

2025-07-04 10:04:49,267:WARNING:C:\Users\fares\anaconda3\envs\pycaret-env\Lib\site-packages\sklearn\metrics\_classification.py:1561: UserWarning: Note that pos_label (set to 'yes') is ignored when average != 'binary' (got 'weighted'). You may use labels=[pos_label] to specify a single positive class.
  warnings.warn(

2025-07-04 10:04:49,268:WARNING:C:\Users\fares\anaconda3\envs\pycaret-env\Lib\site-packages\sklearn\metrics\_classification.py:1561: UserWarning: Note that pos_label (set to 'yes') is ignored when average != 'binary' (got 'weighted'). You may use labels=[pos_label] to specify a single positive class.
  warnings.warn(

2025-07-04 10:04:49,276:WARNING:C:\Users\fares\anaconda3\envs\pycaret-env\Lib\site-packages\sklearn\metrics\_classification.py:1561: UserWarning: Note that pos_label (set to 'yes') is ignored when average != 'binary' (got 'weighted'). You may use labels=[pos_label] to specify a single positive class.
  warnings.warn(

2025-07-04 10:04:49,280:WARNING:C:\Users\fares\anaconda3\envs\pycaret-env\Lib\site-packages\sklearn\metrics\_classification.py:1561: UserWarning: Note that pos_label (set to 'yes') is ignored when average != 'binary' (got 'weighted'). You may use labels=[pos_label] to specify a single positive class.
  warnings.warn(

2025-07-04 10:04:49,281:WARNING:C:\Users\fares\anaconda3\envs\pycaret-env\Lib\site-packages\sklearn\metrics\_classification.py:1561: UserWarning: Note that pos_label (set to 'yes') is ignored when average != 'binary' (got 'weighted'). You may use labels=[pos_label] to specify a single positive class.
  warnings.warn(

2025-07-04 10:04:49,318:INFO:Calculating mean and std
2025-07-04 10:04:49,321:INFO:Creating metrics dataframe
2025-07-04 10:04:49,322:INFO:Uploading results into container
2025-07-04 10:04:49,323:INFO:Uploading model into container now
2025-07-04 10:04:49,323:INFO:_master_model_container: 7
2025-07-04 10:04:49,323:INFO:_display_container: 2
2025-07-04 10:04:49,323:INFO:RandomForestClassifier(bootstrap=True, ccp_alpha=0.0, class_weight=None,
                       criterion='gini', max_depth=None, max_features='sqrt',
                       max_leaf_nodes=None, max_samples=None,
                       min_impurity_decrease=0.0, min_samples_leaf=1,
                       min_samples_split=2, min_weight_fraction_leaf=0.0,
                       monotonic_cst=None, n_estimators=100, n_jobs=-1,
                       oob_score=False, random_state=123, verbose=0,
                       warm_start=False)
2025-07-04 10:04:49,324:INFO:create_model() successfully completed......................................
2025-07-04 10:04:49,406:INFO:SubProcess create_model() end ==================================
2025-07-04 10:04:49,407:INFO:Creating metrics dataframe
2025-07-04 10:04:49,413:INFO:Initializing Quadratic Discriminant Analysis
2025-07-04 10:04:49,413:INFO:Total runtime is 0.4781253099441528 minutes
2025-07-04 10:04:49,417:INFO:SubProcess create_model() called ==================================
2025-07-04 10:04:49,417:INFO:Initializing create_model()
2025-07-04 10:04:49,417:INFO:create_model(self=<pycaret.classification.oop.ClassificationExperiment object at 0x000001EC2D533E10>, estimator=qda, fold=StratifiedKFold(n_splits=10, random_state=None, shuffle=False), round=4, cross_validation=True, predict=True, fit_kwargs={}, groups=None, refit=False, probability_threshold=None, experiment_custom_tags=None, verbose=False, system=False, add_to_model_list=True, metrics=None, display=<pycaret.internal.display.display.CommonDisplay object at 0x000001EC2D2E4D10>, model_only=True, return_train_score=False, error_score=0.0, kwargs={})
2025-07-04 10:04:49,417:INFO:Checking exceptions
2025-07-04 10:04:49,418:INFO:Importing libraries
2025-07-04 10:04:49,418:INFO:Copying training dataset
2025-07-04 10:04:49,434:INFO:Defining folds
2025-07-04 10:04:49,434:INFO:Declaring metric variables
2025-07-04 10:04:49,436:INFO:Importing untrained model
2025-07-04 10:04:49,439:INFO:Quadratic Discriminant Analysis Imported successfully
2025-07-04 10:04:49,447:INFO:Starting cross validation
2025-07-04 10:04:49,449:INFO:Cross validating with StratifiedKFold(n_splits=10, random_state=None, shuffle=False), n_jobs=-1
2025-07-04 10:04:50,796:WARNING:C:\Users\fares\anaconda3\envs\pycaret-env\Lib\site-packages\sklearn\discriminant_analysis.py:935: UserWarning: Variables are collinear
  warnings.warn("Variables are collinear")

2025-07-04 10:04:50,804:WARNING:C:\Users\fares\anaconda3\envs\pycaret-env\Lib\site-packages\sklearn\discriminant_analysis.py:935: UserWarning: Variables are collinear
  warnings.warn("Variables are collinear")

2025-07-04 10:04:50,809:WARNING:C:\Users\fares\anaconda3\envs\pycaret-env\Lib\site-packages\sklearn\discriminant_analysis.py:935: UserWarning: Variables are collinear
  warnings.warn("Variables are collinear")

2025-07-04 10:04:50,884:WARNING:C:\Users\fares\anaconda3\envs\pycaret-env\Lib\site-packages\sklearn\discriminant_analysis.py:935: UserWarning: Variables are collinear
  warnings.warn("Variables are collinear")

2025-07-04 10:04:50,905:WARNING:C:\Users\fares\anaconda3\envs\pycaret-env\Lib\site-packages\sklearn\discriminant_analysis.py:935: UserWarning: Variables are collinear
  warnings.warn("Variables are collinear")

2025-07-04 10:04:50,905:WARNING:C:\Users\fares\anaconda3\envs\pycaret-env\Lib\site-packages\sklearn\discriminant_analysis.py:935: UserWarning: Variables are collinear
  warnings.warn("Variables are collinear")

2025-07-04 10:04:50,906:WARNING:C:\Users\fares\anaconda3\envs\pycaret-env\Lib\site-packages\sklearn\discriminant_analysis.py:935: UserWarning: Variables are collinear
  warnings.warn("Variables are collinear")

2025-07-04 10:04:50,923:WARNING:C:\Users\fares\anaconda3\envs\pycaret-env\Lib\site-packages\sklearn\discriminant_analysis.py:935: UserWarning: Variables are collinear
  warnings.warn("Variables are collinear")

2025-07-04 10:04:50,928:WARNING:C:\Users\fares\anaconda3\envs\pycaret-env\Lib\site-packages\sklearn\discriminant_analysis.py:935: UserWarning: Variables are collinear
  warnings.warn("Variables are collinear")

2025-07-04 10:04:50,931:WARNING:C:\Users\fares\anaconda3\envs\pycaret-env\Lib\site-packages\sklearn\discriminant_analysis.py:935: UserWarning: Variables are collinear
  warnings.warn("Variables are collinear")

2025-07-04 10:04:51,014:WARNING:C:\Users\fares\anaconda3\envs\pycaret-env\Lib\site-packages\sklearn\metrics\_classification.py:1561: UserWarning: Note that pos_label (set to 'yes') is ignored when average != 'binary' (got 'weighted'). You may use labels=[pos_label] to specify a single positive class.
  warnings.warn(

2025-07-04 10:04:51,020:WARNING:C:\Users\fares\anaconda3\envs\pycaret-env\Lib\site-packages\sklearn\metrics\_classification.py:1561: UserWarning: Note that pos_label (set to 'yes') is ignored when average != 'binary' (got 'weighted'). You may use labels=[pos_label] to specify a single positive class.
  warnings.warn(

2025-07-04 10:04:51,026:WARNING:C:\Users\fares\anaconda3\envs\pycaret-env\Lib\site-packages\sklearn\metrics\_classification.py:1561: UserWarning: Note that pos_label (set to 'yes') is ignored when average != 'binary' (got 'weighted'). You may use labels=[pos_label] to specify a single positive class.
  warnings.warn(

2025-07-04 10:04:51,036:WARNING:C:\Users\fares\anaconda3\envs\pycaret-env\Lib\site-packages\sklearn\metrics\_classification.py:1561: UserWarning: Note that pos_label (set to 'yes') is ignored when average != 'binary' (got 'weighted'). You may use labels=[pos_label] to specify a single positive class.
  warnings.warn(

2025-07-04 10:04:51,038:WARNING:C:\Users\fares\anaconda3\envs\pycaret-env\Lib\site-packages\sklearn\metrics\_classification.py:1561: UserWarning: Note that pos_label (set to 'yes') is ignored when average != 'binary' (got 'weighted'). You may use labels=[pos_label] to specify a single positive class.
  warnings.warn(

2025-07-04 10:04:51,043:WARNING:C:\Users\fares\anaconda3\envs\pycaret-env\Lib\site-packages\sklearn\metrics\_classification.py:1561: UserWarning: Note that pos_label (set to 'yes') is ignored when average != 'binary' (got 'weighted'). You may use labels=[pos_label] to specify a single positive class.
  warnings.warn(

2025-07-04 10:04:51,046:WARNING:C:\Users\fares\anaconda3\envs\pycaret-env\Lib\site-packages\sklearn\metrics\_classification.py:1561: UserWarning: Note that pos_label (set to 'yes') is ignored when average != 'binary' (got 'weighted'). You may use labels=[pos_label] to specify a single positive class.
  warnings.warn(

2025-07-04 10:04:51,046:WARNING:C:\Users\fares\anaconda3\envs\pycaret-env\Lib\site-packages\sklearn\metrics\_classification.py:1561: UserWarning: Note that pos_label (set to 'yes') is ignored when average != 'binary' (got 'weighted'). You may use labels=[pos_label] to specify a single positive class.
  warnings.warn(

2025-07-04 10:04:51,049:WARNING:C:\Users\fares\anaconda3\envs\pycaret-env\Lib\site-packages\sklearn\metrics\_classification.py:1561: UserWarning: Note that pos_label (set to 'yes') is ignored when average != 'binary' (got 'weighted'). You may use labels=[pos_label] to specify a single positive class.
  warnings.warn(

2025-07-04 10:04:51,057:WARNING:C:\Users\fares\anaconda3\envs\pycaret-env\Lib\site-packages\sklearn\metrics\_classification.py:1561: UserWarning: Note that pos_label (set to 'yes') is ignored when average != 'binary' (got 'weighted'). You may use labels=[pos_label] to specify a single positive class.
  warnings.warn(

2025-07-04 10:04:51,057:WARNING:C:\Users\fares\anaconda3\envs\pycaret-env\Lib\site-packages\sklearn\metrics\_classification.py:1561: UserWarning: Note that pos_label (set to 'yes') is ignored when average != 'binary' (got 'weighted'). You may use labels=[pos_label] to specify a single positive class.
  warnings.warn(

2025-07-04 10:04:51,058:WARNING:C:\Users\fares\anaconda3\envs\pycaret-env\Lib\site-packages\sklearn\metrics\_classification.py:1561: UserWarning: Note that pos_label (set to 'yes') is ignored when average != 'binary' (got 'weighted'). You may use labels=[pos_label] to specify a single positive class.
  warnings.warn(

2025-07-04 10:04:51,058:WARNING:C:\Users\fares\anaconda3\envs\pycaret-env\Lib\site-packages\sklearn\metrics\_classification.py:1561: UserWarning: Note that pos_label (set to 'yes') is ignored when average != 'binary' (got 'weighted'). You may use labels=[pos_label] to specify a single positive class.
  warnings.warn(

2025-07-04 10:04:51,065:WARNING:C:\Users\fares\anaconda3\envs\pycaret-env\Lib\site-packages\sklearn\metrics\_classification.py:1561: UserWarning: Note that pos_label (set to 'yes') is ignored when average != 'binary' (got 'weighted'). You may use labels=[pos_label] to specify a single positive class.
  warnings.warn(

2025-07-04 10:04:51,066:WARNING:C:\Users\fares\anaconda3\envs\pycaret-env\Lib\site-packages\sklearn\metrics\_classification.py:1561: UserWarning: Note that pos_label (set to 'yes') is ignored when average != 'binary' (got 'weighted'). You may use labels=[pos_label] to specify a single positive class.
  warnings.warn(

2025-07-04 10:04:51,066:WARNING:C:\Users\fares\anaconda3\envs\pycaret-env\Lib\site-packages\sklearn\metrics\_classification.py:1561: UserWarning: Note that pos_label (set to 'yes') is ignored when average != 'binary' (got 'weighted'). You may use labels=[pos_label] to specify a single positive class.
  warnings.warn(

2025-07-04 10:04:51,069:WARNING:C:\Users\fares\anaconda3\envs\pycaret-env\Lib\site-packages\sklearn\metrics\_classification.py:1561: UserWarning: Note that pos_label (set to 'yes') is ignored when average != 'binary' (got 'weighted'). You may use labels=[pos_label] to specify a single positive class.
  warnings.warn(

2025-07-04 10:04:51,069:WARNING:C:\Users\fares\anaconda3\envs\pycaret-env\Lib\site-packages\sklearn\metrics\_classification.py:1561: UserWarning: Note that pos_label (set to 'yes') is ignored when average != 'binary' (got 'weighted'). You may use labels=[pos_label] to specify a single positive class.
  warnings.warn(

2025-07-04 10:04:51,071:WARNING:C:\Users\fares\anaconda3\envs\pycaret-env\Lib\site-packages\sklearn\metrics\_classification.py:1561: UserWarning: Note that pos_label (set to 'yes') is ignored when average != 'binary' (got 'weighted'). You may use labels=[pos_label] to specify a single positive class.
  warnings.warn(

2025-07-04 10:04:51,078:WARNING:C:\Users\fares\anaconda3\envs\pycaret-env\Lib\site-packages\sklearn\metrics\_classification.py:1561: UserWarning: Note that pos_label (set to 'yes') is ignored when average != 'binary' (got 'weighted'). You may use labels=[pos_label] to specify a single positive class.
  warnings.warn(

2025-07-04 10:04:51,081:WARNING:C:\Users\fares\anaconda3\envs\pycaret-env\Lib\site-packages\sklearn\metrics\_classification.py:1561: UserWarning: Note that pos_label (set to 'yes') is ignored when average != 'binary' (got 'weighted'). You may use labels=[pos_label] to specify a single positive class.
  warnings.warn(

2025-07-04 10:04:51,081:WARNING:C:\Users\fares\anaconda3\envs\pycaret-env\Lib\site-packages\sklearn\metrics\_classification.py:1561: UserWarning: Note that pos_label (set to 'yes') is ignored when average != 'binary' (got 'weighted'). You may use labels=[pos_label] to specify a single positive class.
  warnings.warn(

2025-07-04 10:04:51,086:WARNING:C:\Users\fares\anaconda3\envs\pycaret-env\Lib\site-packages\sklearn\metrics\_classification.py:1561: UserWarning: Note that pos_label (set to 'yes') is ignored when average != 'binary' (got 'weighted'). You may use labels=[pos_label] to specify a single positive class.
  warnings.warn(

2025-07-04 10:04:51,086:WARNING:C:\Users\fares\anaconda3\envs\pycaret-env\Lib\site-packages\sklearn\metrics\_classification.py:1561: UserWarning: Note that pos_label (set to 'yes') is ignored when average != 'binary' (got 'weighted'). You may use labels=[pos_label] to specify a single positive class.
  warnings.warn(

2025-07-04 10:04:51,089:WARNING:C:\Users\fares\anaconda3\envs\pycaret-env\Lib\site-packages\sklearn\metrics\_classification.py:1561: UserWarning: Note that pos_label (set to 'yes') is ignored when average != 'binary' (got 'weighted'). You may use labels=[pos_label] to specify a single positive class.
  warnings.warn(

2025-07-04 10:04:51,094:WARNING:C:\Users\fares\anaconda3\envs\pycaret-env\Lib\site-packages\sklearn\metrics\_classification.py:1561: UserWarning: Note that pos_label (set to 'yes') is ignored when average != 'binary' (got 'weighted'). You may use labels=[pos_label] to specify a single positive class.
  warnings.warn(

2025-07-04 10:04:51,097:WARNING:C:\Users\fares\anaconda3\envs\pycaret-env\Lib\site-packages\sklearn\metrics\_classification.py:1561: UserWarning: Note that pos_label (set to 'yes') is ignored when average != 'binary' (got 'weighted'). You may use labels=[pos_label] to specify a single positive class.
  warnings.warn(

2025-07-04 10:04:51,100:WARNING:C:\Users\fares\anaconda3\envs\pycaret-env\Lib\site-packages\sklearn\metrics\_classification.py:1561: UserWarning: Note that pos_label (set to 'yes') is ignored when average != 'binary' (got 'weighted'). You may use labels=[pos_label] to specify a single positive class.
  warnings.warn(

2025-07-04 10:04:51,102:WARNING:C:\Users\fares\anaconda3\envs\pycaret-env\Lib\site-packages\sklearn\metrics\_classification.py:1561: UserWarning: Note that pos_label (set to 'yes') is ignored when average != 'binary' (got 'weighted'). You may use labels=[pos_label] to specify a single positive class.
  warnings.warn(

2025-07-04 10:04:51,117:WARNING:C:\Users\fares\anaconda3\envs\pycaret-env\Lib\site-packages\sklearn\metrics\_classification.py:1561: UserWarning: Note that pos_label (set to 'yes') is ignored when average != 'binary' (got 'weighted'). You may use labels=[pos_label] to specify a single positive class.
  warnings.warn(

2025-07-04 10:04:51,142:INFO:Calculating mean and std
2025-07-04 10:04:51,143:INFO:Creating metrics dataframe
2025-07-04 10:04:51,145:INFO:Uploading results into container
2025-07-04 10:04:51,145:INFO:Uploading model into container now
2025-07-04 10:04:51,145:INFO:_master_model_container: 8
2025-07-04 10:04:51,146:INFO:_display_container: 2
2025-07-04 10:04:51,146:INFO:QuadraticDiscriminantAnalysis(priors=None, reg_param=0.0,
                              store_covariance=False, tol=0.0001)
2025-07-04 10:04:51,146:INFO:create_model() successfully completed......................................
2025-07-04 10:04:51,242:INFO:SubProcess create_model() end ==================================
2025-07-04 10:04:51,243:INFO:Creating metrics dataframe
2025-07-04 10:04:51,250:INFO:Initializing Ada Boost Classifier
2025-07-04 10:04:51,250:INFO:Total runtime is 0.5087307612101237 minutes
2025-07-04 10:04:51,253:INFO:SubProcess create_model() called ==================================
2025-07-04 10:04:51,253:INFO:Initializing create_model()
2025-07-04 10:04:51,253:INFO:create_model(self=<pycaret.classification.oop.ClassificationExperiment object at 0x000001EC2D533E10>, estimator=ada, fold=StratifiedKFold(n_splits=10, random_state=None, shuffle=False), round=4, cross_validation=True, predict=True, fit_kwargs={}, groups=None, refit=False, probability_threshold=None, experiment_custom_tags=None, verbose=False, system=False, add_to_model_list=True, metrics=None, display=<pycaret.internal.display.display.CommonDisplay object at 0x000001EC2D2E4D10>, model_only=True, return_train_score=False, error_score=0.0, kwargs={})
2025-07-04 10:04:51,253:INFO:Checking exceptions
2025-07-04 10:04:51,253:INFO:Importing libraries
2025-07-04 10:04:51,254:INFO:Copying training dataset
2025-07-04 10:04:51,271:INFO:Defining folds
2025-07-04 10:04:51,271:INFO:Declaring metric variables
2025-07-04 10:04:51,275:INFO:Importing untrained model
2025-07-04 10:04:51,277:INFO:Ada Boost Classifier Imported successfully
2025-07-04 10:04:51,284:INFO:Starting cross validation
2025-07-04 10:04:51,286:INFO:Cross validating with StratifiedKFold(n_splits=10, random_state=None, shuffle=False), n_jobs=-1
2025-07-04 10:04:52,143:WARNING:C:\Users\fares\anaconda3\envs\pycaret-env\Lib\site-packages\sklearn\ensemble\_weight_boosting.py:519: FutureWarning: The SAMME.R algorithm (the default) is deprecated and will be removed in 1.6. Use the SAMME algorithm to circumvent this warning.
  warnings.warn(

2025-07-04 10:04:52,158:WARNING:C:\Users\fares\anaconda3\envs\pycaret-env\Lib\site-packages\sklearn\ensemble\_weight_boosting.py:519: FutureWarning: The SAMME.R algorithm (the default) is deprecated and will be removed in 1.6. Use the SAMME algorithm to circumvent this warning.
  warnings.warn(

2025-07-04 10:04:52,160:WARNING:C:\Users\fares\anaconda3\envs\pycaret-env\Lib\site-packages\sklearn\ensemble\_weight_boosting.py:519: FutureWarning: The SAMME.R algorithm (the default) is deprecated and will be removed in 1.6. Use the SAMME algorithm to circumvent this warning.
  warnings.warn(

2025-07-04 10:04:52,171:WARNING:C:\Users\fares\anaconda3\envs\pycaret-env\Lib\site-packages\sklearn\ensemble\_weight_boosting.py:519: FutureWarning: The SAMME.R algorithm (the default) is deprecated and will be removed in 1.6. Use the SAMME algorithm to circumvent this warning.
  warnings.warn(

2025-07-04 10:04:52,171:WARNING:C:\Users\fares\anaconda3\envs\pycaret-env\Lib\site-packages\sklearn\ensemble\_weight_boosting.py:519: FutureWarning: The SAMME.R algorithm (the default) is deprecated and will be removed in 1.6. Use the SAMME algorithm to circumvent this warning.
  warnings.warn(

2025-07-04 10:04:52,178:WARNING:C:\Users\fares\anaconda3\envs\pycaret-env\Lib\site-packages\sklearn\ensemble\_weight_boosting.py:519: FutureWarning: The SAMME.R algorithm (the default) is deprecated and will be removed in 1.6. Use the SAMME algorithm to circumvent this warning.
  warnings.warn(

2025-07-04 10:04:52,187:WARNING:C:\Users\fares\anaconda3\envs\pycaret-env\Lib\site-packages\sklearn\ensemble\_weight_boosting.py:519: FutureWarning: The SAMME.R algorithm (the default) is deprecated and will be removed in 1.6. Use the SAMME algorithm to circumvent this warning.
  warnings.warn(

2025-07-04 10:04:52,191:WARNING:C:\Users\fares\anaconda3\envs\pycaret-env\Lib\site-packages\sklearn\ensemble\_weight_boosting.py:519: FutureWarning: The SAMME.R algorithm (the default) is deprecated and will be removed in 1.6. Use the SAMME algorithm to circumvent this warning.
  warnings.warn(

2025-07-04 10:04:52,204:WARNING:C:\Users\fares\anaconda3\envs\pycaret-env\Lib\site-packages\sklearn\ensemble\_weight_boosting.py:519: FutureWarning: The SAMME.R algorithm (the default) is deprecated and will be removed in 1.6. Use the SAMME algorithm to circumvent this warning.
  warnings.warn(

2025-07-04 10:04:52,205:WARNING:C:\Users\fares\anaconda3\envs\pycaret-env\Lib\site-packages\sklearn\ensemble\_weight_boosting.py:519: FutureWarning: The SAMME.R algorithm (the default) is deprecated and will be removed in 1.6. Use the SAMME algorithm to circumvent this warning.
  warnings.warn(

2025-07-04 10:04:54,123:WARNING:C:\Users\fares\anaconda3\envs\pycaret-env\Lib\site-packages\sklearn\metrics\_classification.py:1561: UserWarning: Note that pos_label (set to 'yes') is ignored when average != 'binary' (got 'weighted'). You may use labels=[pos_label] to specify a single positive class.
  warnings.warn(

2025-07-04 10:04:54,136:WARNING:C:\Users\fares\anaconda3\envs\pycaret-env\Lib\site-packages\sklearn\metrics\_classification.py:1561: UserWarning: Note that pos_label (set to 'yes') is ignored when average != 'binary' (got 'weighted'). You may use labels=[pos_label] to specify a single positive class.
  warnings.warn(

2025-07-04 10:04:54,140:WARNING:C:\Users\fares\anaconda3\envs\pycaret-env\Lib\site-packages\sklearn\metrics\_classification.py:1561: UserWarning: Note that pos_label (set to 'yes') is ignored when average != 'binary' (got 'weighted'). You may use labels=[pos_label] to specify a single positive class.
  warnings.warn(

2025-07-04 10:04:54,148:WARNING:C:\Users\fares\anaconda3\envs\pycaret-env\Lib\site-packages\sklearn\metrics\_classification.py:1561: UserWarning: Note that pos_label (set to 'yes') is ignored when average != 'binary' (got 'weighted'). You may use labels=[pos_label] to specify a single positive class.
  warnings.warn(

2025-07-04 10:04:54,151:WARNING:C:\Users\fares\anaconda3\envs\pycaret-env\Lib\site-packages\sklearn\metrics\_classification.py:1561: UserWarning: Note that pos_label (set to 'yes') is ignored when average != 'binary' (got 'weighted'). You may use labels=[pos_label] to specify a single positive class.
  warnings.warn(

2025-07-04 10:04:54,153:WARNING:C:\Users\fares\anaconda3\envs\pycaret-env\Lib\site-packages\sklearn\metrics\_classification.py:1561: UserWarning: Note that pos_label (set to 'yes') is ignored when average != 'binary' (got 'weighted'). You may use labels=[pos_label] to specify a single positive class.
  warnings.warn(

2025-07-04 10:04:54,155:WARNING:C:\Users\fares\anaconda3\envs\pycaret-env\Lib\site-packages\sklearn\metrics\_classification.py:1561: UserWarning: Note that pos_label (set to 'yes') is ignored when average != 'binary' (got 'weighted'). You may use labels=[pos_label] to specify a single positive class.
  warnings.warn(

2025-07-04 10:04:54,157:WARNING:C:\Users\fares\anaconda3\envs\pycaret-env\Lib\site-packages\sklearn\metrics\_classification.py:1561: UserWarning: Note that pos_label (set to 'yes') is ignored when average != 'binary' (got 'weighted'). You may use labels=[pos_label] to specify a single positive class.
  warnings.warn(

2025-07-04 10:04:54,164:WARNING:C:\Users\fares\anaconda3\envs\pycaret-env\Lib\site-packages\sklearn\metrics\_classification.py:1561: UserWarning: Note that pos_label (set to 'yes') is ignored when average != 'binary' (got 'weighted'). You may use labels=[pos_label] to specify a single positive class.
  warnings.warn(

2025-07-04 10:04:54,168:WARNING:C:\Users\fares\anaconda3\envs\pycaret-env\Lib\site-packages\sklearn\metrics\_classification.py:1561: UserWarning: Note that pos_label (set to 'yes') is ignored when average != 'binary' (got 'weighted'). You may use labels=[pos_label] to specify a single positive class.
  warnings.warn(

2025-07-04 10:04:54,171:WARNING:C:\Users\fares\anaconda3\envs\pycaret-env\Lib\site-packages\sklearn\metrics\_classification.py:1561: UserWarning: Note that pos_label (set to 'yes') is ignored when average != 'binary' (got 'weighted'). You may use labels=[pos_label] to specify a single positive class.
  warnings.warn(

2025-07-04 10:04:54,171:WARNING:C:\Users\fares\anaconda3\envs\pycaret-env\Lib\site-packages\sklearn\metrics\_classification.py:1561: UserWarning: Note that pos_label (set to 'yes') is ignored when average != 'binary' (got 'weighted'). You may use labels=[pos_label] to specify a single positive class.
  warnings.warn(

2025-07-04 10:04:54,173:WARNING:C:\Users\fares\anaconda3\envs\pycaret-env\Lib\site-packages\sklearn\metrics\_classification.py:1561: UserWarning: Note that pos_label (set to 'yes') is ignored when average != 'binary' (got 'weighted'). You may use labels=[pos_label] to specify a single positive class.
  warnings.warn(

2025-07-04 10:04:54,177:WARNING:C:\Users\fares\anaconda3\envs\pycaret-env\Lib\site-packages\sklearn\metrics\_classification.py:1561: UserWarning: Note that pos_label (set to 'yes') is ignored when average != 'binary' (got 'weighted'). You may use labels=[pos_label] to specify a single positive class.
  warnings.warn(

2025-07-04 10:04:54,178:WARNING:C:\Users\fares\anaconda3\envs\pycaret-env\Lib\site-packages\sklearn\metrics\_classification.py:1561: UserWarning: Note that pos_label (set to 'yes') is ignored when average != 'binary' (got 'weighted'). You may use labels=[pos_label] to specify a single positive class.
  warnings.warn(

2025-07-04 10:04:54,184:WARNING:C:\Users\fares\anaconda3\envs\pycaret-env\Lib\site-packages\sklearn\metrics\_classification.py:1561: UserWarning: Note that pos_label (set to 'yes') is ignored when average != 'binary' (got 'weighted'). You may use labels=[pos_label] to specify a single positive class.
  warnings.warn(

2025-07-04 10:04:54,186:WARNING:C:\Users\fares\anaconda3\envs\pycaret-env\Lib\site-packages\sklearn\metrics\_classification.py:1561: UserWarning: Note that pos_label (set to 'yes') is ignored when average != 'binary' (got 'weighted'). You may use labels=[pos_label] to specify a single positive class.
  warnings.warn(

2025-07-04 10:04:54,187:WARNING:C:\Users\fares\anaconda3\envs\pycaret-env\Lib\site-packages\sklearn\metrics\_classification.py:1561: UserWarning: Note that pos_label (set to 'yes') is ignored when average != 'binary' (got 'weighted'). You may use labels=[pos_label] to specify a single positive class.
  warnings.warn(

2025-07-04 10:04:54,188:WARNING:C:\Users\fares\anaconda3\envs\pycaret-env\Lib\site-packages\sklearn\metrics\_classification.py:1561: UserWarning: Note that pos_label (set to 'yes') is ignored when average != 'binary' (got 'weighted'). You may use labels=[pos_label] to specify a single positive class.
  warnings.warn(

2025-07-04 10:04:54,193:WARNING:C:\Users\fares\anaconda3\envs\pycaret-env\Lib\site-packages\sklearn\metrics\_classification.py:1561: UserWarning: Note that pos_label (set to 'yes') is ignored when average != 'binary' (got 'weighted'). You may use labels=[pos_label] to specify a single positive class.
  warnings.warn(

2025-07-04 10:04:54,193:WARNING:C:\Users\fares\anaconda3\envs\pycaret-env\Lib\site-packages\sklearn\metrics\_classification.py:1561: UserWarning: Note that pos_label (set to 'yes') is ignored when average != 'binary' (got 'weighted'). You may use labels=[pos_label] to specify a single positive class.
  warnings.warn(

2025-07-04 10:04:54,193:WARNING:C:\Users\fares\anaconda3\envs\pycaret-env\Lib\site-packages\sklearn\metrics\_classification.py:1561: UserWarning: Note that pos_label (set to 'yes') is ignored when average != 'binary' (got 'weighted'). You may use labels=[pos_label] to specify a single positive class.
  warnings.warn(

2025-07-04 10:04:54,205:WARNING:C:\Users\fares\anaconda3\envs\pycaret-env\Lib\site-packages\sklearn\metrics\_classification.py:1561: UserWarning: Note that pos_label (set to 'yes') is ignored when average != 'binary' (got 'weighted'). You may use labels=[pos_label] to specify a single positive class.
  warnings.warn(

2025-07-04 10:04:54,206:WARNING:C:\Users\fares\anaconda3\envs\pycaret-env\Lib\site-packages\sklearn\metrics\_classification.py:1561: UserWarning: Note that pos_label (set to 'yes') is ignored when average != 'binary' (got 'weighted'). You may use labels=[pos_label] to specify a single positive class.
  warnings.warn(

2025-07-04 10:04:54,207:WARNING:C:\Users\fares\anaconda3\envs\pycaret-env\Lib\site-packages\sklearn\metrics\_classification.py:1561: UserWarning: Note that pos_label (set to 'yes') is ignored when average != 'binary' (got 'weighted'). You may use labels=[pos_label] to specify a single positive class.
  warnings.warn(

2025-07-04 10:04:54,209:WARNING:C:\Users\fares\anaconda3\envs\pycaret-env\Lib\site-packages\sklearn\metrics\_classification.py:1561: UserWarning: Note that pos_label (set to 'yes') is ignored when average != 'binary' (got 'weighted'). You may use labels=[pos_label] to specify a single positive class.
  warnings.warn(

2025-07-04 10:04:54,211:WARNING:C:\Users\fares\anaconda3\envs\pycaret-env\Lib\site-packages\sklearn\metrics\_classification.py:1561: UserWarning: Note that pos_label (set to 'yes') is ignored when average != 'binary' (got 'weighted'). You may use labels=[pos_label] to specify a single positive class.
  warnings.warn(

2025-07-04 10:04:54,228:WARNING:C:\Users\fares\anaconda3\envs\pycaret-env\Lib\site-packages\sklearn\metrics\_classification.py:1561: UserWarning: Note that pos_label (set to 'yes') is ignored when average != 'binary' (got 'weighted'). You may use labels=[pos_label] to specify a single positive class.
  warnings.warn(

2025-07-04 10:04:54,231:WARNING:C:\Users\fares\anaconda3\envs\pycaret-env\Lib\site-packages\sklearn\metrics\_classification.py:1561: UserWarning: Note that pos_label (set to 'yes') is ignored when average != 'binary' (got 'weighted'). You may use labels=[pos_label] to specify a single positive class.
  warnings.warn(

2025-07-04 10:04:54,247:WARNING:C:\Users\fares\anaconda3\envs\pycaret-env\Lib\site-packages\sklearn\metrics\_classification.py:1561: UserWarning: Note that pos_label (set to 'yes') is ignored when average != 'binary' (got 'weighted'). You may use labels=[pos_label] to specify a single positive class.
  warnings.warn(

2025-07-04 10:04:54,269:INFO:Calculating mean and std
2025-07-04 10:04:54,270:INFO:Creating metrics dataframe
2025-07-04 10:04:54,272:INFO:Uploading results into container
2025-07-04 10:04:54,272:INFO:Uploading model into container now
2025-07-04 10:04:54,273:INFO:_master_model_container: 9
2025-07-04 10:04:54,273:INFO:_display_container: 2
2025-07-04 10:04:54,273:INFO:AdaBoostClassifier(algorithm='SAMME.R', estimator=None, learning_rate=1.0,
                   n_estimators=50, random_state=123)
2025-07-04 10:04:54,273:INFO:create_model() successfully completed......................................
2025-07-04 10:04:54,351:INFO:SubProcess create_model() end ==================================
2025-07-04 10:04:54,351:INFO:Creating metrics dataframe
2025-07-04 10:04:54,357:INFO:Initializing Gradient Boosting Classifier
2025-07-04 10:04:54,357:INFO:Total runtime is 0.5605163017908732 minutes
2025-07-04 10:04:54,360:INFO:SubProcess create_model() called ==================================
2025-07-04 10:04:54,360:INFO:Initializing create_model()
2025-07-04 10:04:54,361:INFO:create_model(self=<pycaret.classification.oop.ClassificationExperiment object at 0x000001EC2D533E10>, estimator=gbc, fold=StratifiedKFold(n_splits=10, random_state=None, shuffle=False), round=4, cross_validation=True, predict=True, fit_kwargs={}, groups=None, refit=False, probability_threshold=None, experiment_custom_tags=None, verbose=False, system=False, add_to_model_list=True, metrics=None, display=<pycaret.internal.display.display.CommonDisplay object at 0x000001EC2D2E4D10>, model_only=True, return_train_score=False, error_score=0.0, kwargs={})
2025-07-04 10:04:54,361:INFO:Checking exceptions
2025-07-04 10:04:54,361:INFO:Importing libraries
2025-07-04 10:04:54,361:INFO:Copying training dataset
2025-07-04 10:04:54,376:INFO:Defining folds
2025-07-04 10:04:54,377:INFO:Declaring metric variables
2025-07-04 10:04:54,381:INFO:Importing untrained model
2025-07-04 10:04:54,385:INFO:Gradient Boosting Classifier Imported successfully
2025-07-04 10:04:54,391:INFO:Starting cross validation
2025-07-04 10:04:54,394:INFO:Cross validating with StratifiedKFold(n_splits=10, random_state=None, shuffle=False), n_jobs=-1
2025-07-04 10:05:00,161:WARNING:C:\Users\fares\anaconda3\envs\pycaret-env\Lib\site-packages\sklearn\metrics\_classification.py:1561: UserWarning: Note that pos_label (set to 'yes') is ignored when average != 'binary' (got 'weighted'). You may use labels=[pos_label] to specify a single positive class.
  warnings.warn(

2025-07-04 10:05:00,184:WARNING:C:\Users\fares\anaconda3\envs\pycaret-env\Lib\site-packages\sklearn\metrics\_classification.py:1561: UserWarning: Note that pos_label (set to 'yes') is ignored when average != 'binary' (got 'weighted'). You may use labels=[pos_label] to specify a single positive class.
  warnings.warn(

2025-07-04 10:05:00,201:WARNING:C:\Users\fares\anaconda3\envs\pycaret-env\Lib\site-packages\sklearn\metrics\_classification.py:1561: UserWarning: Note that pos_label (set to 'yes') is ignored when average != 'binary' (got 'weighted'). You may use labels=[pos_label] to specify a single positive class.
  warnings.warn(

2025-07-04 10:05:00,219:WARNING:C:\Users\fares\anaconda3\envs\pycaret-env\Lib\site-packages\sklearn\metrics\_classification.py:1561: UserWarning: Note that pos_label (set to 'yes') is ignored when average != 'binary' (got 'weighted'). You may use labels=[pos_label] to specify a single positive class.
  warnings.warn(

2025-07-04 10:05:00,237:WARNING:C:\Users\fares\anaconda3\envs\pycaret-env\Lib\site-packages\sklearn\metrics\_classification.py:1561: UserWarning: Note that pos_label (set to 'yes') is ignored when average != 'binary' (got 'weighted'). You may use labels=[pos_label] to specify a single positive class.
  warnings.warn(

2025-07-04 10:05:00,241:WARNING:C:\Users\fares\anaconda3\envs\pycaret-env\Lib\site-packages\sklearn\metrics\_classification.py:1561: UserWarning: Note that pos_label (set to 'yes') is ignored when average != 'binary' (got 'weighted'). You may use labels=[pos_label] to specify a single positive class.
  warnings.warn(

2025-07-04 10:05:00,249:WARNING:C:\Users\fares\anaconda3\envs\pycaret-env\Lib\site-packages\sklearn\metrics\_classification.py:1561: UserWarning: Note that pos_label (set to 'yes') is ignored when average != 'binary' (got 'weighted'). You may use labels=[pos_label] to specify a single positive class.
  warnings.warn(

2025-07-04 10:05:00,255:WARNING:C:\Users\fares\anaconda3\envs\pycaret-env\Lib\site-packages\sklearn\metrics\_classification.py:1561: UserWarning: Note that pos_label (set to 'yes') is ignored when average != 'binary' (got 'weighted'). You may use labels=[pos_label] to specify a single positive class.
  warnings.warn(

2025-07-04 10:05:00,264:WARNING:C:\Users\fares\anaconda3\envs\pycaret-env\Lib\site-packages\sklearn\metrics\_classification.py:1561: UserWarning: Note that pos_label (set to 'yes') is ignored when average != 'binary' (got 'weighted'). You may use labels=[pos_label] to specify a single positive class.
  warnings.warn(

2025-07-04 10:05:00,267:WARNING:C:\Users\fares\anaconda3\envs\pycaret-env\Lib\site-packages\sklearn\metrics\_classification.py:1561: UserWarning: Note that pos_label (set to 'yes') is ignored when average != 'binary' (got 'weighted'). You may use labels=[pos_label] to specify a single positive class.
  warnings.warn(

2025-07-04 10:05:00,269:WARNING:C:\Users\fares\anaconda3\envs\pycaret-env\Lib\site-packages\sklearn\metrics\_classification.py:1561: UserWarning: Note that pos_label (set to 'yes') is ignored when average != 'binary' (got 'weighted'). You may use labels=[pos_label] to specify a single positive class.
  warnings.warn(

2025-07-04 10:05:00,281:WARNING:C:\Users\fares\anaconda3\envs\pycaret-env\Lib\site-packages\sklearn\metrics\_classification.py:1561: UserWarning: Note that pos_label (set to 'yes') is ignored when average != 'binary' (got 'weighted'). You may use labels=[pos_label] to specify a single positive class.
  warnings.warn(

2025-07-04 10:05:00,287:WARNING:C:\Users\fares\anaconda3\envs\pycaret-env\Lib\site-packages\sklearn\metrics\_classification.py:1561: UserWarning: Note that pos_label (set to 'yes') is ignored when average != 'binary' (got 'weighted'). You may use labels=[pos_label] to specify a single positive class.
  warnings.warn(

2025-07-04 10:05:00,288:WARNING:C:\Users\fares\anaconda3\envs\pycaret-env\Lib\site-packages\sklearn\metrics\_classification.py:1561: UserWarning: Note that pos_label (set to 'yes') is ignored when average != 'binary' (got 'weighted'). You may use labels=[pos_label] to specify a single positive class.
  warnings.warn(

2025-07-04 10:05:00,291:WARNING:C:\Users\fares\anaconda3\envs\pycaret-env\Lib\site-packages\sklearn\metrics\_classification.py:1561: UserWarning: Note that pos_label (set to 'yes') is ignored when average != 'binary' (got 'weighted'). You may use labels=[pos_label] to specify a single positive class.
  warnings.warn(

2025-07-04 10:05:00,300:WARNING:C:\Users\fares\anaconda3\envs\pycaret-env\Lib\site-packages\sklearn\metrics\_classification.py:1561: UserWarning: Note that pos_label (set to 'yes') is ignored when average != 'binary' (got 'weighted'). You may use labels=[pos_label] to specify a single positive class.
  warnings.warn(

2025-07-04 10:05:00,306:WARNING:C:\Users\fares\anaconda3\envs\pycaret-env\Lib\site-packages\sklearn\metrics\_classification.py:1561: UserWarning: Note that pos_label (set to 'yes') is ignored when average != 'binary' (got 'weighted'). You may use labels=[pos_label] to specify a single positive class.
  warnings.warn(

2025-07-04 10:05:00,320:WARNING:C:\Users\fares\anaconda3\envs\pycaret-env\Lib\site-packages\sklearn\metrics\_classification.py:1561: UserWarning: Note that pos_label (set to 'yes') is ignored when average != 'binary' (got 'weighted'). You may use labels=[pos_label] to specify a single positive class.
  warnings.warn(

2025-07-04 10:05:00,342:WARNING:C:\Users\fares\anaconda3\envs\pycaret-env\Lib\site-packages\sklearn\metrics\_classification.py:1561: UserWarning: Note that pos_label (set to 'yes') is ignored when average != 'binary' (got 'weighted'). You may use labels=[pos_label] to specify a single positive class.
  warnings.warn(

2025-07-04 10:05:00,356:WARNING:C:\Users\fares\anaconda3\envs\pycaret-env\Lib\site-packages\sklearn\metrics\_classification.py:1561: UserWarning: Note that pos_label (set to 'yes') is ignored when average != 'binary' (got 'weighted'). You may use labels=[pos_label] to specify a single positive class.
  warnings.warn(

2025-07-04 10:05:00,357:WARNING:C:\Users\fares\anaconda3\envs\pycaret-env\Lib\site-packages\sklearn\metrics\_classification.py:1561: UserWarning: Note that pos_label (set to 'yes') is ignored when average != 'binary' (got 'weighted'). You may use labels=[pos_label] to specify a single positive class.
  warnings.warn(

2025-07-04 10:05:00,370:WARNING:C:\Users\fares\anaconda3\envs\pycaret-env\Lib\site-packages\sklearn\metrics\_classification.py:1561: UserWarning: Note that pos_label (set to 'yes') is ignored when average != 'binary' (got 'weighted'). You may use labels=[pos_label] to specify a single positive class.
  warnings.warn(

2025-07-04 10:05:00,371:WARNING:C:\Users\fares\anaconda3\envs\pycaret-env\Lib\site-packages\sklearn\metrics\_classification.py:1561: UserWarning: Note that pos_label (set to 'yes') is ignored when average != 'binary' (got 'weighted'). You may use labels=[pos_label] to specify a single positive class.
  warnings.warn(

2025-07-04 10:05:00,383:WARNING:C:\Users\fares\anaconda3\envs\pycaret-env\Lib\site-packages\sklearn\metrics\_classification.py:1561: UserWarning: Note that pos_label (set to 'yes') is ignored when average != 'binary' (got 'weighted'). You may use labels=[pos_label] to specify a single positive class.
  warnings.warn(

2025-07-04 10:05:00,412:WARNING:C:\Users\fares\anaconda3\envs\pycaret-env\Lib\site-packages\sklearn\metrics\_classification.py:1561: UserWarning: Note that pos_label (set to 'yes') is ignored when average != 'binary' (got 'weighted'). You may use labels=[pos_label] to specify a single positive class.
  warnings.warn(

2025-07-04 10:05:00,426:WARNING:C:\Users\fares\anaconda3\envs\pycaret-env\Lib\site-packages\sklearn\metrics\_classification.py:1561: UserWarning: Note that pos_label (set to 'yes') is ignored when average != 'binary' (got 'weighted'). You may use labels=[pos_label] to specify a single positive class.
  warnings.warn(

2025-07-04 10:05:00,440:WARNING:C:\Users\fares\anaconda3\envs\pycaret-env\Lib\site-packages\sklearn\metrics\_classification.py:1561: UserWarning: Note that pos_label (set to 'yes') is ignored when average != 'binary' (got 'weighted'). You may use labels=[pos_label] to specify a single positive class.
  warnings.warn(

2025-07-04 10:05:00,547:WARNING:C:\Users\fares\anaconda3\envs\pycaret-env\Lib\site-packages\sklearn\metrics\_classification.py:1561: UserWarning: Note that pos_label (set to 'yes') is ignored when average != 'binary' (got 'weighted'). You may use labels=[pos_label] to specify a single positive class.
  warnings.warn(

2025-07-04 10:05:00,561:WARNING:C:\Users\fares\anaconda3\envs\pycaret-env\Lib\site-packages\sklearn\metrics\_classification.py:1561: UserWarning: Note that pos_label (set to 'yes') is ignored when average != 'binary' (got 'weighted'). You may use labels=[pos_label] to specify a single positive class.
  warnings.warn(

2025-07-04 10:05:00,575:WARNING:C:\Users\fares\anaconda3\envs\pycaret-env\Lib\site-packages\sklearn\metrics\_classification.py:1561: UserWarning: Note that pos_label (set to 'yes') is ignored when average != 'binary' (got 'weighted'). You may use labels=[pos_label] to specify a single positive class.
  warnings.warn(

2025-07-04 10:05:00,603:INFO:Calculating mean and std
2025-07-04 10:05:00,604:INFO:Creating metrics dataframe
2025-07-04 10:05:00,606:INFO:Uploading results into container
2025-07-04 10:05:00,606:INFO:Uploading model into container now
2025-07-04 10:05:00,607:INFO:_master_model_container: 10
2025-07-04 10:05:00,607:INFO:_display_container: 2
2025-07-04 10:05:00,607:INFO:GradientBoostingClassifier(ccp_alpha=0.0, criterion='friedman_mse', init=None,
                           learning_rate=0.1, loss='log_loss', max_depth=3,
                           max_features=None, max_leaf_nodes=None,
                           min_impurity_decrease=0.0, min_samples_leaf=1,
                           min_samples_split=2, min_weight_fraction_leaf=0.0,
                           n_estimators=100, n_iter_no_change=None,
                           random_state=123, subsample=1.0, tol=0.0001,
                           validation_fraction=0.1, verbose=0,
                           warm_start=False)
2025-07-04 10:05:00,607:INFO:create_model() successfully completed......................................
2025-07-04 10:05:00,685:INFO:SubProcess create_model() end ==================================
2025-07-04 10:05:00,685:INFO:Creating metrics dataframe
2025-07-04 10:05:00,691:INFO:Initializing Linear Discriminant Analysis
2025-07-04 10:05:00,692:INFO:Total runtime is 0.6661019364992777 minutes
2025-07-04 10:05:00,694:INFO:SubProcess create_model() called ==================================
2025-07-04 10:05:00,694:INFO:Initializing create_model()
2025-07-04 10:05:00,694:INFO:create_model(self=<pycaret.classification.oop.ClassificationExperiment object at 0x000001EC2D533E10>, estimator=lda, fold=StratifiedKFold(n_splits=10, random_state=None, shuffle=False), round=4, cross_validation=True, predict=True, fit_kwargs={}, groups=None, refit=False, probability_threshold=None, experiment_custom_tags=None, verbose=False, system=False, add_to_model_list=True, metrics=None, display=<pycaret.internal.display.display.CommonDisplay object at 0x000001EC2D2E4D10>, model_only=True, return_train_score=False, error_score=0.0, kwargs={})
2025-07-04 10:05:00,695:INFO:Checking exceptions
2025-07-04 10:05:00,695:INFO:Importing libraries
2025-07-04 10:05:00,695:INFO:Copying training dataset
2025-07-04 10:05:00,710:INFO:Defining folds
2025-07-04 10:05:00,710:INFO:Declaring metric variables
2025-07-04 10:05:00,713:INFO:Importing untrained model
2025-07-04 10:05:00,716:INFO:Linear Discriminant Analysis Imported successfully
2025-07-04 10:05:00,724:INFO:Starting cross validation
2025-07-04 10:05:00,728:INFO:Cross validating with StratifiedKFold(n_splits=10, random_state=None, shuffle=False), n_jobs=-1
2025-07-04 10:05:02,333:WARNING:C:\Users\fares\anaconda3\envs\pycaret-env\Lib\site-packages\sklearn\metrics\_classification.py:1561: UserWarning: Note that pos_label (set to 'yes') is ignored when average != 'binary' (got 'weighted'). You may use labels=[pos_label] to specify a single positive class.
  warnings.warn(

2025-07-04 10:05:02,338:WARNING:C:\Users\fares\anaconda3\envs\pycaret-env\Lib\site-packages\sklearn\metrics\_classification.py:1561: UserWarning: Note that pos_label (set to 'yes') is ignored when average != 'binary' (got 'weighted'). You may use labels=[pos_label] to specify a single positive class.
  warnings.warn(

2025-07-04 10:05:02,353:WARNING:C:\Users\fares\anaconda3\envs\pycaret-env\Lib\site-packages\sklearn\metrics\_classification.py:1561: UserWarning: Note that pos_label (set to 'yes') is ignored when average != 'binary' (got 'weighted'). You may use labels=[pos_label] to specify a single positive class.
  warnings.warn(

2025-07-04 10:05:02,357:WARNING:C:\Users\fares\anaconda3\envs\pycaret-env\Lib\site-packages\sklearn\metrics\_classification.py:1561: UserWarning: Note that pos_label (set to 'yes') is ignored when average != 'binary' (got 'weighted'). You may use labels=[pos_label] to specify a single positive class.
  warnings.warn(

2025-07-04 10:05:02,358:WARNING:C:\Users\fares\anaconda3\envs\pycaret-env\Lib\site-packages\sklearn\metrics\_classification.py:1561: UserWarning: Note that pos_label (set to 'yes') is ignored when average != 'binary' (got 'weighted'). You may use labels=[pos_label] to specify a single positive class.
  warnings.warn(

2025-07-04 10:05:02,358:WARNING:C:\Users\fares\anaconda3\envs\pycaret-env\Lib\site-packages\sklearn\metrics\_classification.py:1561: UserWarning: Note that pos_label (set to 'yes') is ignored when average != 'binary' (got 'weighted'). You may use labels=[pos_label] to specify a single positive class.
  warnings.warn(

2025-07-04 10:05:02,359:WARNING:C:\Users\fares\anaconda3\envs\pycaret-env\Lib\site-packages\sklearn\metrics\_classification.py:1561: UserWarning: Note that pos_label (set to 'yes') is ignored when average != 'binary' (got 'weighted'). You may use labels=[pos_label] to specify a single positive class.
  warnings.warn(

2025-07-04 10:05:02,360:WARNING:C:\Users\fares\anaconda3\envs\pycaret-env\Lib\site-packages\sklearn\metrics\_classification.py:1561: UserWarning: Note that pos_label (set to 'yes') is ignored when average != 'binary' (got 'weighted'). You may use labels=[pos_label] to specify a single positive class.
  warnings.warn(

2025-07-04 10:05:02,361:WARNING:C:\Users\fares\anaconda3\envs\pycaret-env\Lib\site-packages\sklearn\metrics\_classification.py:1561: UserWarning: Note that pos_label (set to 'yes') is ignored when average != 'binary' (got 'weighted'). You may use labels=[pos_label] to specify a single positive class.
  warnings.warn(

2025-07-04 10:05:02,375:WARNING:C:\Users\fares\anaconda3\envs\pycaret-env\Lib\site-packages\sklearn\metrics\_classification.py:1561: UserWarning: Note that pos_label (set to 'yes') is ignored when average != 'binary' (got 'weighted'). You may use labels=[pos_label] to specify a single positive class.
  warnings.warn(

2025-07-04 10:05:02,376:WARNING:C:\Users\fares\anaconda3\envs\pycaret-env\Lib\site-packages\sklearn\metrics\_classification.py:1561: UserWarning: Note that pos_label (set to 'yes') is ignored when average != 'binary' (got 'weighted'). You may use labels=[pos_label] to specify a single positive class.
  warnings.warn(

2025-07-04 10:05:02,377:WARNING:C:\Users\fares\anaconda3\envs\pycaret-env\Lib\site-packages\sklearn\metrics\_classification.py:1561: UserWarning: Note that pos_label (set to 'yes') is ignored when average != 'binary' (got 'weighted'). You may use labels=[pos_label] to specify a single positive class.
  warnings.warn(

2025-07-04 10:05:02,377:WARNING:C:\Users\fares\anaconda3\envs\pycaret-env\Lib\site-packages\sklearn\metrics\_classification.py:1561: UserWarning: Note that pos_label (set to 'yes') is ignored when average != 'binary' (got 'weighted'). You may use labels=[pos_label] to specify a single positive class.
  warnings.warn(

2025-07-04 10:05:02,378:WARNING:C:\Users\fares\anaconda3\envs\pycaret-env\Lib\site-packages\sklearn\metrics\_classification.py:1561: UserWarning: Note that pos_label (set to 'yes') is ignored when average != 'binary' (got 'weighted'). You may use labels=[pos_label] to specify a single positive class.
  warnings.warn(

2025-07-04 10:05:02,378:WARNING:C:\Users\fares\anaconda3\envs\pycaret-env\Lib\site-packages\sklearn\metrics\_classification.py:1561: UserWarning: Note that pos_label (set to 'yes') is ignored when average != 'binary' (got 'weighted'). You may use labels=[pos_label] to specify a single positive class.
  warnings.warn(

2025-07-04 10:05:02,378:WARNING:C:\Users\fares\anaconda3\envs\pycaret-env\Lib\site-packages\sklearn\metrics\_classification.py:1561: UserWarning: Note that pos_label (set to 'yes') is ignored when average != 'binary' (got 'weighted'). You may use labels=[pos_label] to specify a single positive class.
  warnings.warn(

2025-07-04 10:05:02,378:WARNING:C:\Users\fares\anaconda3\envs\pycaret-env\Lib\site-packages\sklearn\metrics\_classification.py:1561: UserWarning: Note that pos_label (set to 'yes') is ignored when average != 'binary' (got 'weighted'). You may use labels=[pos_label] to specify a single positive class.
  warnings.warn(

2025-07-04 10:05:02,382:WARNING:C:\Users\fares\anaconda3\envs\pycaret-env\Lib\site-packages\sklearn\metrics\_classification.py:1561: UserWarning: Note that pos_label (set to 'yes') is ignored when average != 'binary' (got 'weighted'). You may use labels=[pos_label] to specify a single positive class.
  warnings.warn(

2025-07-04 10:05:02,390:WARNING:C:\Users\fares\anaconda3\envs\pycaret-env\Lib\site-packages\sklearn\metrics\_classification.py:1561: UserWarning: Note that pos_label (set to 'yes') is ignored when average != 'binary' (got 'weighted'). You may use labels=[pos_label] to specify a single positive class.
  warnings.warn(

2025-07-04 10:05:02,391:WARNING:C:\Users\fares\anaconda3\envs\pycaret-env\Lib\site-packages\sklearn\metrics\_classification.py:1561: UserWarning: Note that pos_label (set to 'yes') is ignored when average != 'binary' (got 'weighted'). You may use labels=[pos_label] to specify a single positive class.
  warnings.warn(

2025-07-04 10:05:02,392:WARNING:C:\Users\fares\anaconda3\envs\pycaret-env\Lib\site-packages\sklearn\metrics\_classification.py:1561: UserWarning: Note that pos_label (set to 'yes') is ignored when average != 'binary' (got 'weighted'). You may use labels=[pos_label] to specify a single positive class.
  warnings.warn(

2025-07-04 10:05:02,394:WARNING:C:\Users\fares\anaconda3\envs\pycaret-env\Lib\site-packages\sklearn\metrics\_classification.py:1561: UserWarning: Note that pos_label (set to 'yes') is ignored when average != 'binary' (got 'weighted'). You may use labels=[pos_label] to specify a single positive class.
  warnings.warn(

2025-07-04 10:05:02,395:WARNING:C:\Users\fares\anaconda3\envs\pycaret-env\Lib\site-packages\sklearn\metrics\_classification.py:1561: UserWarning: Note that pos_label (set to 'yes') is ignored when average != 'binary' (got 'weighted'). You may use labels=[pos_label] to specify a single positive class.
  warnings.warn(

2025-07-04 10:05:02,397:WARNING:C:\Users\fares\anaconda3\envs\pycaret-env\Lib\site-packages\sklearn\metrics\_classification.py:1561: UserWarning: Note that pos_label (set to 'yes') is ignored when average != 'binary' (got 'weighted'). You may use labels=[pos_label] to specify a single positive class.
  warnings.warn(

2025-07-04 10:05:02,398:WARNING:C:\Users\fares\anaconda3\envs\pycaret-env\Lib\site-packages\sklearn\metrics\_classification.py:1561: UserWarning: Note that pos_label (set to 'yes') is ignored when average != 'binary' (got 'weighted'). You may use labels=[pos_label] to specify a single positive class.
  warnings.warn(

2025-07-04 10:05:02,401:WARNING:C:\Users\fares\anaconda3\envs\pycaret-env\Lib\site-packages\sklearn\metrics\_classification.py:1561: UserWarning: Note that pos_label (set to 'yes') is ignored when average != 'binary' (got 'weighted'). You may use labels=[pos_label] to specify a single positive class.
  warnings.warn(

2025-07-04 10:05:02,414:WARNING:C:\Users\fares\anaconda3\envs\pycaret-env\Lib\site-packages\sklearn\metrics\_classification.py:1561: UserWarning: Note that pos_label (set to 'yes') is ignored when average != 'binary' (got 'weighted'). You may use labels=[pos_label] to specify a single positive class.
  warnings.warn(

2025-07-04 10:05:02,415:WARNING:C:\Users\fares\anaconda3\envs\pycaret-env\Lib\site-packages\sklearn\metrics\_classification.py:1561: UserWarning: Note that pos_label (set to 'yes') is ignored when average != 'binary' (got 'weighted'). You may use labels=[pos_label] to specify a single positive class.
  warnings.warn(

2025-07-04 10:05:02,418:WARNING:C:\Users\fares\anaconda3\envs\pycaret-env\Lib\site-packages\sklearn\metrics\_classification.py:1561: UserWarning: Note that pos_label (set to 'yes') is ignored when average != 'binary' (got 'weighted'). You may use labels=[pos_label] to specify a single positive class.
  warnings.warn(

2025-07-04 10:05:02,438:WARNING:C:\Users\fares\anaconda3\envs\pycaret-env\Lib\site-packages\sklearn\metrics\_classification.py:1561: UserWarning: Note that pos_label (set to 'yes') is ignored when average != 'binary' (got 'weighted'). You may use labels=[pos_label] to specify a single positive class.
  warnings.warn(

2025-07-04 10:05:02,463:INFO:Calculating mean and std
2025-07-04 10:05:02,464:INFO:Creating metrics dataframe
2025-07-04 10:05:02,465:INFO:Uploading results into container
2025-07-04 10:05:02,466:INFO:Uploading model into container now
2025-07-04 10:05:02,466:INFO:_master_model_container: 11
2025-07-04 10:05:02,466:INFO:_display_container: 2
2025-07-04 10:05:02,466:INFO:LinearDiscriminantAnalysis(covariance_estimator=None, n_components=None,
                           priors=None, shrinkage=None, solver='svd',
                           store_covariance=False, tol=0.0001)
2025-07-04 10:05:02,467:INFO:create_model() successfully completed......................................
2025-07-04 10:05:02,562:INFO:SubProcess create_model() end ==================================
2025-07-04 10:05:02,562:INFO:Creating metrics dataframe
2025-07-04 10:05:02,569:INFO:Initializing Extra Trees Classifier
2025-07-04 10:05:02,569:INFO:Total runtime is 0.6973871111869812 minutes
2025-07-04 10:05:02,572:INFO:SubProcess create_model() called ==================================
2025-07-04 10:05:02,572:INFO:Initializing create_model()
2025-07-04 10:05:02,572:INFO:create_model(self=<pycaret.classification.oop.ClassificationExperiment object at 0x000001EC2D533E10>, estimator=et, fold=StratifiedKFold(n_splits=10, random_state=None, shuffle=False), round=4, cross_validation=True, predict=True, fit_kwargs={}, groups=None, refit=False, probability_threshold=None, experiment_custom_tags=None, verbose=False, system=False, add_to_model_list=True, metrics=None, display=<pycaret.internal.display.display.CommonDisplay object at 0x000001EC2D2E4D10>, model_only=True, return_train_score=False, error_score=0.0, kwargs={})
2025-07-04 10:05:02,572:INFO:Checking exceptions
2025-07-04 10:05:02,573:INFO:Importing libraries
2025-07-04 10:05:02,573:INFO:Copying training dataset
2025-07-04 10:05:02,590:INFO:Defining folds
2025-07-04 10:05:02,590:INFO:Declaring metric variables
2025-07-04 10:05:02,593:INFO:Importing untrained model
2025-07-04 10:05:02,596:INFO:Extra Trees Classifier Imported successfully
2025-07-04 10:05:02,601:INFO:Starting cross validation
2025-07-04 10:05:02,605:INFO:Cross validating with StratifiedKFold(n_splits=10, random_state=None, shuffle=False), n_jobs=-1
2025-07-04 10:05:06,766:WARNING:C:\Users\fares\anaconda3\envs\pycaret-env\Lib\site-packages\sklearn\metrics\_classification.py:1561: UserWarning: Note that pos_label (set to 'yes') is ignored when average != 'binary' (got 'weighted'). You may use labels=[pos_label] to specify a single positive class.
  warnings.warn(

2025-07-04 10:05:06,772:WARNING:C:\Users\fares\anaconda3\envs\pycaret-env\Lib\site-packages\sklearn\metrics\_classification.py:1561: UserWarning: Note that pos_label (set to 'yes') is ignored when average != 'binary' (got 'weighted'). You may use labels=[pos_label] to specify a single positive class.
  warnings.warn(

2025-07-04 10:05:06,801:WARNING:C:\Users\fares\anaconda3\envs\pycaret-env\Lib\site-packages\sklearn\metrics\_classification.py:1561: UserWarning: Note that pos_label (set to 'yes') is ignored when average != 'binary' (got 'weighted'). You may use labels=[pos_label] to specify a single positive class.
  warnings.warn(

2025-07-04 10:05:06,811:WARNING:C:\Users\fares\anaconda3\envs\pycaret-env\Lib\site-packages\sklearn\metrics\_classification.py:1561: UserWarning: Note that pos_label (set to 'yes') is ignored when average != 'binary' (got 'weighted'). You may use labels=[pos_label] to specify a single positive class.
  warnings.warn(

2025-07-04 10:05:06,842:WARNING:C:\Users\fares\anaconda3\envs\pycaret-env\Lib\site-packages\sklearn\metrics\_classification.py:1561: UserWarning: Note that pos_label (set to 'yes') is ignored when average != 'binary' (got 'weighted'). You may use labels=[pos_label] to specify a single positive class.
  warnings.warn(

2025-07-04 10:05:06,845:WARNING:C:\Users\fares\anaconda3\envs\pycaret-env\Lib\site-packages\sklearn\metrics\_classification.py:1561: UserWarning: Note that pos_label (set to 'yes') is ignored when average != 'binary' (got 'weighted'). You may use labels=[pos_label] to specify a single positive class.
  warnings.warn(

2025-07-04 10:05:06,851:WARNING:C:\Users\fares\anaconda3\envs\pycaret-env\Lib\site-packages\sklearn\metrics\_classification.py:1561: UserWarning: Note that pos_label (set to 'yes') is ignored when average != 'binary' (got 'weighted'). You may use labels=[pos_label] to specify a single positive class.
  warnings.warn(

2025-07-04 10:05:06,876:WARNING:C:\Users\fares\anaconda3\envs\pycaret-env\Lib\site-packages\sklearn\metrics\_classification.py:1561: UserWarning: Note that pos_label (set to 'yes') is ignored when average != 'binary' (got 'weighted'). You may use labels=[pos_label] to specify a single positive class.
  warnings.warn(

2025-07-04 10:05:06,880:WARNING:C:\Users\fares\anaconda3\envs\pycaret-env\Lib\site-packages\sklearn\metrics\_classification.py:1561: UserWarning: Note that pos_label (set to 'yes') is ignored when average != 'binary' (got 'weighted'). You may use labels=[pos_label] to specify a single positive class.
  warnings.warn(

2025-07-04 10:05:06,887:WARNING:C:\Users\fares\anaconda3\envs\pycaret-env\Lib\site-packages\sklearn\metrics\_classification.py:1561: UserWarning: Note that pos_label (set to 'yes') is ignored when average != 'binary' (got 'weighted'). You may use labels=[pos_label] to specify a single positive class.
  warnings.warn(

2025-07-04 10:05:06,897:WARNING:C:\Users\fares\anaconda3\envs\pycaret-env\Lib\site-packages\sklearn\metrics\_classification.py:1561: UserWarning: Note that pos_label (set to 'yes') is ignored when average != 'binary' (got 'weighted'). You may use labels=[pos_label] to specify a single positive class.
  warnings.warn(

2025-07-04 10:05:06,903:WARNING:C:\Users\fares\anaconda3\envs\pycaret-env\Lib\site-packages\sklearn\metrics\_classification.py:1561: UserWarning: Note that pos_label (set to 'yes') is ignored when average != 'binary' (got 'weighted'). You may use labels=[pos_label] to specify a single positive class.
  warnings.warn(

2025-07-04 10:05:06,906:WARNING:C:\Users\fares\anaconda3\envs\pycaret-env\Lib\site-packages\sklearn\metrics\_classification.py:1561: UserWarning: Note that pos_label (set to 'yes') is ignored when average != 'binary' (got 'weighted'). You may use labels=[pos_label] to specify a single positive class.
  warnings.warn(

2025-07-04 10:05:06,906:WARNING:C:\Users\fares\anaconda3\envs\pycaret-env\Lib\site-packages\sklearn\metrics\_classification.py:1561: UserWarning: Note that pos_label (set to 'yes') is ignored when average != 'binary' (got 'weighted'). You may use labels=[pos_label] to specify a single positive class.
  warnings.warn(

2025-07-04 10:05:06,913:WARNING:C:\Users\fares\anaconda3\envs\pycaret-env\Lib\site-packages\sklearn\metrics\_classification.py:1561: UserWarning: Note that pos_label (set to 'yes') is ignored when average != 'binary' (got 'weighted'). You may use labels=[pos_label] to specify a single positive class.
  warnings.warn(

2025-07-04 10:05:06,913:WARNING:C:\Users\fares\anaconda3\envs\pycaret-env\Lib\site-packages\sklearn\metrics\_classification.py:1561: UserWarning: Note that pos_label (set to 'yes') is ignored when average != 'binary' (got 'weighted'). You may use labels=[pos_label] to specify a single positive class.
  warnings.warn(

2025-07-04 10:05:06,914:WARNING:C:\Users\fares\anaconda3\envs\pycaret-env\Lib\site-packages\sklearn\metrics\_classification.py:1561: UserWarning: Note that pos_label (set to 'yes') is ignored when average != 'binary' (got 'weighted'). You may use labels=[pos_label] to specify a single positive class.
  warnings.warn(

2025-07-04 10:05:06,920:WARNING:C:\Users\fares\anaconda3\envs\pycaret-env\Lib\site-packages\sklearn\metrics\_classification.py:1561: UserWarning: Note that pos_label (set to 'yes') is ignored when average != 'binary' (got 'weighted'). You may use labels=[pos_label] to specify a single positive class.
  warnings.warn(

2025-07-04 10:05:06,926:WARNING:C:\Users\fares\anaconda3\envs\pycaret-env\Lib\site-packages\sklearn\metrics\_classification.py:1561: UserWarning: Note that pos_label (set to 'yes') is ignored when average != 'binary' (got 'weighted'). You may use labels=[pos_label] to specify a single positive class.
  warnings.warn(

2025-07-04 10:05:06,927:WARNING:C:\Users\fares\anaconda3\envs\pycaret-env\Lib\site-packages\sklearn\metrics\_classification.py:1561: UserWarning: Note that pos_label (set to 'yes') is ignored when average != 'binary' (got 'weighted'). You may use labels=[pos_label] to specify a single positive class.
  warnings.warn(

2025-07-04 10:05:06,937:WARNING:C:\Users\fares\anaconda3\envs\pycaret-env\Lib\site-packages\sklearn\metrics\_classification.py:1561: UserWarning: Note that pos_label (set to 'yes') is ignored when average != 'binary' (got 'weighted'). You may use labels=[pos_label] to specify a single positive class.
  warnings.warn(

2025-07-04 10:05:06,937:WARNING:C:\Users\fares\anaconda3\envs\pycaret-env\Lib\site-packages\sklearn\metrics\_classification.py:1561: UserWarning: Note that pos_label (set to 'yes') is ignored when average != 'binary' (got 'weighted'). You may use labels=[pos_label] to specify a single positive class.
  warnings.warn(

2025-07-04 10:05:06,938:WARNING:C:\Users\fares\anaconda3\envs\pycaret-env\Lib\site-packages\sklearn\metrics\_classification.py:1561: UserWarning: Note that pos_label (set to 'yes') is ignored when average != 'binary' (got 'weighted'). You may use labels=[pos_label] to specify a single positive class.
  warnings.warn(

2025-07-04 10:05:06,939:WARNING:C:\Users\fares\anaconda3\envs\pycaret-env\Lib\site-packages\sklearn\metrics\_classification.py:1561: UserWarning: Note that pos_label (set to 'yes') is ignored when average != 'binary' (got 'weighted'). You may use labels=[pos_label] to specify a single positive class.
  warnings.warn(

2025-07-04 10:05:06,949:WARNING:C:\Users\fares\anaconda3\envs\pycaret-env\Lib\site-packages\sklearn\metrics\_classification.py:1561: UserWarning: Note that pos_label (set to 'yes') is ignored when average != 'binary' (got 'weighted'). You may use labels=[pos_label] to specify a single positive class.
  warnings.warn(

2025-07-04 10:05:06,958:WARNING:C:\Users\fares\anaconda3\envs\pycaret-env\Lib\site-packages\sklearn\metrics\_classification.py:1561: UserWarning: Note that pos_label (set to 'yes') is ignored when average != 'binary' (got 'weighted'). You may use labels=[pos_label] to specify a single positive class.
  warnings.warn(

2025-07-04 10:05:06,959:WARNING:C:\Users\fares\anaconda3\envs\pycaret-env\Lib\site-packages\sklearn\metrics\_classification.py:1561: UserWarning: Note that pos_label (set to 'yes') is ignored when average != 'binary' (got 'weighted'). You may use labels=[pos_label] to specify a single positive class.
  warnings.warn(

2025-07-04 10:05:06,960:WARNING:C:\Users\fares\anaconda3\envs\pycaret-env\Lib\site-packages\sklearn\metrics\_classification.py:1561: UserWarning: Note that pos_label (set to 'yes') is ignored when average != 'binary' (got 'weighted'). You may use labels=[pos_label] to specify a single positive class.
  warnings.warn(

2025-07-04 10:05:06,975:WARNING:C:\Users\fares\anaconda3\envs\pycaret-env\Lib\site-packages\sklearn\metrics\_classification.py:1561: UserWarning: Note that pos_label (set to 'yes') is ignored when average != 'binary' (got 'weighted'). You may use labels=[pos_label] to specify a single positive class.
  warnings.warn(

2025-07-04 10:05:07,003:INFO:Calculating mean and std
2025-07-04 10:05:07,004:INFO:Creating metrics dataframe
2025-07-04 10:05:07,006:INFO:Uploading results into container
2025-07-04 10:05:07,007:INFO:Uploading model into container now
2025-07-04 10:05:07,007:INFO:_master_model_container: 12
2025-07-04 10:05:07,007:INFO:_display_container: 2
2025-07-04 10:05:07,008:INFO:ExtraTreesClassifier(bootstrap=False, ccp_alpha=0.0, class_weight=None,
                     criterion='gini', max_depth=None, max_features='sqrt',
                     max_leaf_nodes=None, max_samples=None,
                     min_impurity_decrease=0.0, min_samples_leaf=1,
                     min_samples_split=2, min_weight_fraction_leaf=0.0,
                     monotonic_cst=None, n_estimators=100, n_jobs=-1,
                     oob_score=False, random_state=123, verbose=0,
                     warm_start=False)
2025-07-04 10:05:07,008:INFO:create_model() successfully completed......................................
2025-07-04 10:05:07,104:INFO:SubProcess create_model() end ==================================
2025-07-04 10:05:07,104:INFO:Creating metrics dataframe
2025-07-04 10:05:07,112:INFO:Initializing Light Gradient Boosting Machine
2025-07-04 10:05:07,112:INFO:Total runtime is 0.7731010913848877 minutes
2025-07-04 10:05:07,115:INFO:SubProcess create_model() called ==================================
2025-07-04 10:05:07,115:INFO:Initializing create_model()
2025-07-04 10:05:07,115:INFO:create_model(self=<pycaret.classification.oop.ClassificationExperiment object at 0x000001EC2D533E10>, estimator=lightgbm, fold=StratifiedKFold(n_splits=10, random_state=None, shuffle=False), round=4, cross_validation=True, predict=True, fit_kwargs={}, groups=None, refit=False, probability_threshold=None, experiment_custom_tags=None, verbose=False, system=False, add_to_model_list=True, metrics=None, display=<pycaret.internal.display.display.CommonDisplay object at 0x000001EC2D2E4D10>, model_only=True, return_train_score=False, error_score=0.0, kwargs={})
2025-07-04 10:05:07,115:INFO:Checking exceptions
2025-07-04 10:05:07,115:INFO:Importing libraries
2025-07-04 10:05:07,116:INFO:Copying training dataset
2025-07-04 10:05:07,132:INFO:Defining folds
2025-07-04 10:05:07,132:INFO:Declaring metric variables
2025-07-04 10:05:07,135:INFO:Importing untrained model
2025-07-04 10:05:07,138:INFO:Light Gradient Boosting Machine Imported successfully
2025-07-04 10:05:07,143:INFO:Starting cross validation
2025-07-04 10:05:07,146:INFO:Cross validating with StratifiedKFold(n_splits=10, random_state=None, shuffle=False), n_jobs=-1
2025-07-04 10:05:09,184:WARNING:C:\Users\fares\anaconda3\envs\pycaret-env\Lib\site-packages\sklearn\metrics\_classification.py:1561: UserWarning: Note that pos_label (set to 'yes') is ignored when average != 'binary' (got 'weighted'). You may use labels=[pos_label] to specify a single positive class.
  warnings.warn(

2025-07-04 10:05:09,187:WARNING:C:\Users\fares\anaconda3\envs\pycaret-env\Lib\site-packages\sklearn\metrics\_classification.py:1561: UserWarning: Note that pos_label (set to 'yes') is ignored when average != 'binary' (got 'weighted'). You may use labels=[pos_label] to specify a single positive class.
  warnings.warn(

2025-07-04 10:05:09,190:WARNING:C:\Users\fares\anaconda3\envs\pycaret-env\Lib\site-packages\sklearn\metrics\_classification.py:1561: UserWarning: Note that pos_label (set to 'yes') is ignored when average != 'binary' (got 'weighted'). You may use labels=[pos_label] to specify a single positive class.
  warnings.warn(

2025-07-04 10:05:09,198:WARNING:C:\Users\fares\anaconda3\envs\pycaret-env\Lib\site-packages\sklearn\metrics\_classification.py:1561: UserWarning: Note that pos_label (set to 'yes') is ignored when average != 'binary' (got 'weighted'). You may use labels=[pos_label] to specify a single positive class.
  warnings.warn(

2025-07-04 10:05:09,228:WARNING:C:\Users\fares\anaconda3\envs\pycaret-env\Lib\site-packages\sklearn\metrics\_classification.py:1561: UserWarning: Note that pos_label (set to 'yes') is ignored when average != 'binary' (got 'weighted'). You may use labels=[pos_label] to specify a single positive class.
  warnings.warn(

2025-07-04 10:05:09,231:WARNING:C:\Users\fares\anaconda3\envs\pycaret-env\Lib\site-packages\sklearn\metrics\_classification.py:1561: UserWarning: Note that pos_label (set to 'yes') is ignored when average != 'binary' (got 'weighted'). You may use labels=[pos_label] to specify a single positive class.
  warnings.warn(

2025-07-04 10:05:09,234:WARNING:C:\Users\fares\anaconda3\envs\pycaret-env\Lib\site-packages\sklearn\metrics\_classification.py:1561: UserWarning: Note that pos_label (set to 'yes') is ignored when average != 'binary' (got 'weighted'). You may use labels=[pos_label] to specify a single positive class.
  warnings.warn(

2025-07-04 10:05:09,236:WARNING:C:\Users\fares\anaconda3\envs\pycaret-env\Lib\site-packages\sklearn\metrics\_classification.py:1561: UserWarning: Note that pos_label (set to 'yes') is ignored when average != 'binary' (got 'weighted'). You may use labels=[pos_label] to specify a single positive class.
  warnings.warn(

2025-07-04 10:05:09,243:WARNING:C:\Users\fares\anaconda3\envs\pycaret-env\Lib\site-packages\sklearn\metrics\_classification.py:1561: UserWarning: Note that pos_label (set to 'yes') is ignored when average != 'binary' (got 'weighted'). You may use labels=[pos_label] to specify a single positive class.
  warnings.warn(

2025-07-04 10:05:09,253:WARNING:C:\Users\fares\anaconda3\envs\pycaret-env\Lib\site-packages\sklearn\metrics\_classification.py:1561: UserWarning: Note that pos_label (set to 'yes') is ignored when average != 'binary' (got 'weighted'). You may use labels=[pos_label] to specify a single positive class.
  warnings.warn(

2025-07-04 10:05:09,281:WARNING:C:\Users\fares\anaconda3\envs\pycaret-env\Lib\site-packages\sklearn\metrics\_classification.py:1561: UserWarning: Note that pos_label (set to 'yes') is ignored when average != 'binary' (got 'weighted'). You may use labels=[pos_label] to specify a single positive class.
  warnings.warn(

2025-07-04 10:05:09,284:WARNING:C:\Users\fares\anaconda3\envs\pycaret-env\Lib\site-packages\sklearn\metrics\_classification.py:1561: UserWarning: Note that pos_label (set to 'yes') is ignored when average != 'binary' (got 'weighted'). You may use labels=[pos_label] to specify a single positive class.
  warnings.warn(

2025-07-04 10:05:09,286:WARNING:C:\Users\fares\anaconda3\envs\pycaret-env\Lib\site-packages\sklearn\metrics\_classification.py:1561: UserWarning: Note that pos_label (set to 'yes') is ignored when average != 'binary' (got 'weighted'). You may use labels=[pos_label] to specify a single positive class.
  warnings.warn(

2025-07-04 10:05:09,289:WARNING:C:\Users\fares\anaconda3\envs\pycaret-env\Lib\site-packages\sklearn\metrics\_classification.py:1561: UserWarning: Note that pos_label (set to 'yes') is ignored when average != 'binary' (got 'weighted'). You may use labels=[pos_label] to specify a single positive class.
  warnings.warn(

2025-07-04 10:05:09,291:WARNING:C:\Users\fares\anaconda3\envs\pycaret-env\Lib\site-packages\sklearn\metrics\_classification.py:1561: UserWarning: Note that pos_label (set to 'yes') is ignored when average != 'binary' (got 'weighted'). You may use labels=[pos_label] to specify a single positive class.
  warnings.warn(

2025-07-04 10:05:09,292:WARNING:C:\Users\fares\anaconda3\envs\pycaret-env\Lib\site-packages\sklearn\metrics\_classification.py:1561: UserWarning: Note that pos_label (set to 'yes') is ignored when average != 'binary' (got 'weighted'). You may use labels=[pos_label] to specify a single positive class.
  warnings.warn(

2025-07-04 10:05:09,307:WARNING:C:\Users\fares\anaconda3\envs\pycaret-env\Lib\site-packages\sklearn\metrics\_classification.py:1561: UserWarning: Note that pos_label (set to 'yes') is ignored when average != 'binary' (got 'weighted'). You may use labels=[pos_label] to specify a single positive class.
  warnings.warn(

2025-07-04 10:05:09,335:WARNING:C:\Users\fares\anaconda3\envs\pycaret-env\Lib\site-packages\sklearn\metrics\_classification.py:1561: UserWarning: Note that pos_label (set to 'yes') is ignored when average != 'binary' (got 'weighted'). You may use labels=[pos_label] to specify a single positive class.
  warnings.warn(

2025-07-04 10:05:09,340:WARNING:C:\Users\fares\anaconda3\envs\pycaret-env\Lib\site-packages\sklearn\metrics\_classification.py:1561: UserWarning: Note that pos_label (set to 'yes') is ignored when average != 'binary' (got 'weighted'). You may use labels=[pos_label] to specify a single positive class.
  warnings.warn(

2025-07-04 10:05:09,343:WARNING:C:\Users\fares\anaconda3\envs\pycaret-env\Lib\site-packages\sklearn\metrics\_classification.py:1561: UserWarning: Note that pos_label (set to 'yes') is ignored when average != 'binary' (got 'weighted'). You may use labels=[pos_label] to specify a single positive class.
  warnings.warn(

2025-07-04 10:05:09,384:WARNING:C:\Users\fares\anaconda3\envs\pycaret-env\Lib\site-packages\sklearn\metrics\_classification.py:1561: UserWarning: Note that pos_label (set to 'yes') is ignored when average != 'binary' (got 'weighted'). You may use labels=[pos_label] to specify a single positive class.
  warnings.warn(

2025-07-04 10:05:09,419:WARNING:C:\Users\fares\anaconda3\envs\pycaret-env\Lib\site-packages\sklearn\metrics\_classification.py:1561: UserWarning: Note that pos_label (set to 'yes') is ignored when average != 'binary' (got 'weighted'). You may use labels=[pos_label] to specify a single positive class.
  warnings.warn(

2025-07-04 10:05:09,442:WARNING:C:\Users\fares\anaconda3\envs\pycaret-env\Lib\site-packages\sklearn\metrics\_classification.py:1561: UserWarning: Note that pos_label (set to 'yes') is ignored when average != 'binary' (got 'weighted'). You may use labels=[pos_label] to specify a single positive class.
  warnings.warn(

2025-07-04 10:05:09,464:WARNING:C:\Users\fares\anaconda3\envs\pycaret-env\Lib\site-packages\sklearn\metrics\_classification.py:1561: UserWarning: Note that pos_label (set to 'yes') is ignored when average != 'binary' (got 'weighted'). You may use labels=[pos_label] to specify a single positive class.
  warnings.warn(

2025-07-04 10:05:09,520:WARNING:C:\Users\fares\anaconda3\envs\pycaret-env\Lib\site-packages\sklearn\metrics\_classification.py:1561: UserWarning: Note that pos_label (set to 'yes') is ignored when average != 'binary' (got 'weighted'). You may use labels=[pos_label] to specify a single positive class.
  warnings.warn(

2025-07-04 10:05:09,542:WARNING:C:\Users\fares\anaconda3\envs\pycaret-env\Lib\site-packages\sklearn\metrics\_classification.py:1561: UserWarning: Note that pos_label (set to 'yes') is ignored when average != 'binary' (got 'weighted'). You may use labels=[pos_label] to specify a single positive class.
  warnings.warn(

2025-07-04 10:05:09,563:WARNING:C:\Users\fares\anaconda3\envs\pycaret-env\Lib\site-packages\sklearn\metrics\_classification.py:1561: UserWarning: Note that pos_label (set to 'yes') is ignored when average != 'binary' (got 'weighted'). You may use labels=[pos_label] to specify a single positive class.
  warnings.warn(

2025-07-04 10:05:09,585:WARNING:C:\Users\fares\anaconda3\envs\pycaret-env\Lib\site-packages\sklearn\metrics\_classification.py:1561: UserWarning: Note that pos_label (set to 'yes') is ignored when average != 'binary' (got 'weighted'). You may use labels=[pos_label] to specify a single positive class.
  warnings.warn(

2025-07-04 10:05:09,604:WARNING:C:\Users\fares\anaconda3\envs\pycaret-env\Lib\site-packages\sklearn\metrics\_classification.py:1561: UserWarning: Note that pos_label (set to 'yes') is ignored when average != 'binary' (got 'weighted'). You may use labels=[pos_label] to specify a single positive class.
  warnings.warn(

2025-07-04 10:05:09,620:WARNING:C:\Users\fares\anaconda3\envs\pycaret-env\Lib\site-packages\sklearn\metrics\_classification.py:1561: UserWarning: Note that pos_label (set to 'yes') is ignored when average != 'binary' (got 'weighted'). You may use labels=[pos_label] to specify a single positive class.
  warnings.warn(

2025-07-04 10:05:09,649:INFO:Calculating mean and std
2025-07-04 10:05:09,650:INFO:Creating metrics dataframe
2025-07-04 10:05:09,653:INFO:Uploading results into container
2025-07-04 10:05:09,654:INFO:Uploading model into container now
2025-07-04 10:05:09,654:INFO:_master_model_container: 13
2025-07-04 10:05:09,654:INFO:_display_container: 2
2025-07-04 10:05:09,655:INFO:LGBMClassifier(boosting_type='gbdt', class_weight=None, colsample_bytree=1.0,
               importance_type='split', learning_rate=0.1, max_depth=-1,
               min_child_samples=20, min_child_weight=0.001, min_split_gain=0.0,
               n_estimators=100, n_jobs=-1, num_leaves=31, objective=None,
               random_state=123, reg_alpha=0.0, reg_lambda=0.0, subsample=1.0,
               subsample_for_bin=200000, subsample_freq=0)
2025-07-04 10:05:09,655:INFO:create_model() successfully completed......................................
2025-07-04 10:05:09,744:INFO:SubProcess create_model() end ==================================
2025-07-04 10:05:09,744:INFO:Creating metrics dataframe
2025-07-04 10:05:09,752:INFO:Initializing Dummy Classifier
2025-07-04 10:05:09,752:INFO:Total runtime is 0.8171057780583699 minutes
2025-07-04 10:05:09,754:INFO:SubProcess create_model() called ==================================
2025-07-04 10:05:09,754:INFO:Initializing create_model()
2025-07-04 10:05:09,756:INFO:create_model(self=<pycaret.classification.oop.ClassificationExperiment object at 0x000001EC2D533E10>, estimator=dummy, fold=StratifiedKFold(n_splits=10, random_state=None, shuffle=False), round=4, cross_validation=True, predict=True, fit_kwargs={}, groups=None, refit=False, probability_threshold=None, experiment_custom_tags=None, verbose=False, system=False, add_to_model_list=True, metrics=None, display=<pycaret.internal.display.display.CommonDisplay object at 0x000001EC2D2E4D10>, model_only=True, return_train_score=False, error_score=0.0, kwargs={})
2025-07-04 10:05:09,756:INFO:Checking exceptions
2025-07-04 10:05:09,756:INFO:Importing libraries
2025-07-04 10:05:09,756:INFO:Copying training dataset
2025-07-04 10:05:09,774:INFO:Defining folds
2025-07-04 10:05:09,774:INFO:Declaring metric variables
2025-07-04 10:05:09,780:INFO:Importing untrained model
2025-07-04 10:05:09,782:INFO:Dummy Classifier Imported successfully
2025-07-04 10:05:09,786:INFO:Starting cross validation
2025-07-04 10:05:09,789:INFO:Cross validating with StratifiedKFold(n_splits=10, random_state=None, shuffle=False), n_jobs=-1
2025-07-04 10:05:10,723:WARNING:C:\Users\fares\anaconda3\envs\pycaret-env\Lib\site-packages\sklearn\metrics\_classification.py:1561: UserWarning: Note that pos_label (set to 'yes') is ignored when average != 'binary' (got 'weighted'). You may use labels=[pos_label] to specify a single positive class.
  warnings.warn(

2025-07-04 10:05:10,743:WARNING:C:\Users\fares\anaconda3\envs\pycaret-env\Lib\site-packages\sklearn\metrics\_classification.py:1561: UserWarning: Note that pos_label (set to 'yes') is ignored when average != 'binary' (got 'weighted'). You may use labels=[pos_label] to specify a single positive class.
  warnings.warn(

2025-07-04 10:05:10,744:WARNING:C:\Users\fares\anaconda3\envs\pycaret-env\Lib\site-packages\sklearn\metrics\_classification.py:1561: UserWarning: Note that pos_label (set to 'yes') is ignored when average != 'binary' (got 'weighted'). You may use labels=[pos_label] to specify a single positive class.
  warnings.warn(

2025-07-04 10:05:10,752:WARNING:C:\Users\fares\anaconda3\envs\pycaret-env\Lib\site-packages\sklearn\metrics\_classification.py:1561: UserWarning: Note that pos_label (set to 'yes') is ignored when average != 'binary' (got 'weighted'). You may use labels=[pos_label] to specify a single positive class.
  warnings.warn(

2025-07-04 10:05:10,753:WARNING:C:\Users\fares\anaconda3\envs\pycaret-env\Lib\site-packages\sklearn\metrics\_classification.py:1509: UndefinedMetricWarning: Precision is ill-defined and being set to 0.0 in labels with no predicted samples. Use `zero_division` parameter to control this behavior.
  _warn_prf(average, modifier, f"{metric.capitalize()} is", len(result))

2025-07-04 10:05:10,756:WARNING:C:\Users\fares\anaconda3\envs\pycaret-env\Lib\site-packages\sklearn\metrics\_classification.py:1561: UserWarning: Note that pos_label (set to 'yes') is ignored when average != 'binary' (got 'weighted'). You may use labels=[pos_label] to specify a single positive class.
  warnings.warn(

2025-07-04 10:05:10,760:WARNING:C:\Users\fares\anaconda3\envs\pycaret-env\Lib\site-packages\sklearn\metrics\_classification.py:1561: UserWarning: Note that pos_label (set to 'yes') is ignored when average != 'binary' (got 'weighted'). You may use labels=[pos_label] to specify a single positive class.
  warnings.warn(

2025-07-04 10:05:10,762:WARNING:C:\Users\fares\anaconda3\envs\pycaret-env\Lib\site-packages\sklearn\metrics\_classification.py:1561: UserWarning: Note that pos_label (set to 'yes') is ignored when average != 'binary' (got 'weighted'). You may use labels=[pos_label] to specify a single positive class.
  warnings.warn(

2025-07-04 10:05:10,766:WARNING:C:\Users\fares\anaconda3\envs\pycaret-env\Lib\site-packages\sklearn\metrics\_classification.py:1561: UserWarning: Note that pos_label (set to 'yes') is ignored when average != 'binary' (got 'weighted'). You may use labels=[pos_label] to specify a single positive class.
  warnings.warn(

2025-07-04 10:05:10,766:WARNING:C:\Users\fares\anaconda3\envs\pycaret-env\Lib\site-packages\sklearn\metrics\_classification.py:1561: UserWarning: Note that pos_label (set to 'yes') is ignored when average != 'binary' (got 'weighted'). You may use labels=[pos_label] to specify a single positive class.
  warnings.warn(

2025-07-04 10:05:10,767:WARNING:C:\Users\fares\anaconda3\envs\pycaret-env\Lib\site-packages\sklearn\metrics\_classification.py:1561: UserWarning: Note that pos_label (set to 'yes') is ignored when average != 'binary' (got 'weighted'). You may use labels=[pos_label] to specify a single positive class.
  warnings.warn(

2025-07-04 10:05:10,767:WARNING:C:\Users\fares\anaconda3\envs\pycaret-env\Lib\site-packages\sklearn\metrics\_classification.py:1561: UserWarning: Note that pos_label (set to 'yes') is ignored when average != 'binary' (got 'weighted'). You may use labels=[pos_label] to specify a single positive class.
  warnings.warn(

2025-07-04 10:05:10,774:WARNING:C:\Users\fares\anaconda3\envs\pycaret-env\Lib\site-packages\sklearn\metrics\_classification.py:1561: UserWarning: Note that pos_label (set to 'yes') is ignored when average != 'binary' (got 'weighted'). You may use labels=[pos_label] to specify a single positive class.
  warnings.warn(

2025-07-04 10:05:10,777:WARNING:C:\Users\fares\anaconda3\envs\pycaret-env\Lib\site-packages\sklearn\metrics\_classification.py:1561: UserWarning: Note that pos_label (set to 'yes') is ignored when average != 'binary' (got 'weighted'). You may use labels=[pos_label] to specify a single positive class.
  warnings.warn(

2025-07-04 10:05:10,779:WARNING:C:\Users\fares\anaconda3\envs\pycaret-env\Lib\site-packages\sklearn\metrics\_classification.py:1561: UserWarning: Note that pos_label (set to 'yes') is ignored when average != 'binary' (got 'weighted'). You may use labels=[pos_label] to specify a single positive class.
  warnings.warn(

2025-07-04 10:05:10,779:WARNING:C:\Users\fares\anaconda3\envs\pycaret-env\Lib\site-packages\sklearn\metrics\_classification.py:1509: UndefinedMetricWarning: Precision is ill-defined and being set to 0.0 in labels with no predicted samples. Use `zero_division` parameter to control this behavior.
  _warn_prf(average, modifier, f"{metric.capitalize()} is", len(result))

2025-07-04 10:05:10,782:WARNING:C:\Users\fares\anaconda3\envs\pycaret-env\Lib\site-packages\sklearn\metrics\_classification.py:1561: UserWarning: Note that pos_label (set to 'yes') is ignored when average != 'binary' (got 'weighted'). You may use labels=[pos_label] to specify a single positive class.
  warnings.warn(

2025-07-04 10:05:10,784:WARNING:C:\Users\fares\anaconda3\envs\pycaret-env\Lib\site-packages\sklearn\metrics\_classification.py:1561: UserWarning: Note that pos_label (set to 'yes') is ignored when average != 'binary' (got 'weighted'). You may use labels=[pos_label] to specify a single positive class.
  warnings.warn(

2025-07-04 10:05:10,786:WARNING:C:\Users\fares\anaconda3\envs\pycaret-env\Lib\site-packages\sklearn\metrics\_classification.py:1561: UserWarning: Note that pos_label (set to 'yes') is ignored when average != 'binary' (got 'weighted'). You may use labels=[pos_label] to specify a single positive class.
  warnings.warn(

2025-07-04 10:05:10,786:WARNING:C:\Users\fares\anaconda3\envs\pycaret-env\Lib\site-packages\sklearn\metrics\_classification.py:1561: UserWarning: Note that pos_label (set to 'yes') is ignored when average != 'binary' (got 'weighted'). You may use labels=[pos_label] to specify a single positive class.
  warnings.warn(

2025-07-04 10:05:10,786:WARNING:C:\Users\fares\anaconda3\envs\pycaret-env\Lib\site-packages\sklearn\metrics\_classification.py:1509: UndefinedMetricWarning: Precision is ill-defined and being set to 0.0 in labels with no predicted samples. Use `zero_division` parameter to control this behavior.
  _warn_prf(average, modifier, f"{metric.capitalize()} is", len(result))

2025-07-04 10:05:10,788:WARNING:C:\Users\fares\anaconda3\envs\pycaret-env\Lib\site-packages\sklearn\metrics\_classification.py:1561: UserWarning: Note that pos_label (set to 'yes') is ignored when average != 'binary' (got 'weighted'). You may use labels=[pos_label] to specify a single positive class.
  warnings.warn(

2025-07-04 10:05:10,789:WARNING:C:\Users\fares\anaconda3\envs\pycaret-env\Lib\site-packages\sklearn\metrics\_classification.py:1561: UserWarning: Note that pos_label (set to 'yes') is ignored when average != 'binary' (got 'weighted'). You may use labels=[pos_label] to specify a single positive class.
  warnings.warn(

2025-07-04 10:05:10,789:WARNING:C:\Users\fares\anaconda3\envs\pycaret-env\Lib\site-packages\sklearn\metrics\_classification.py:1509: UndefinedMetricWarning: Precision is ill-defined and being set to 0.0 in labels with no predicted samples. Use `zero_division` parameter to control this behavior.
  _warn_prf(average, modifier, f"{metric.capitalize()} is", len(result))

2025-07-04 10:05:10,793:WARNING:C:\Users\fares\anaconda3\envs\pycaret-env\Lib\site-packages\sklearn\metrics\_classification.py:1509: UndefinedMetricWarning: Precision is ill-defined and being set to 0.0 in labels with no predicted samples. Use `zero_division` parameter to control this behavior.
  _warn_prf(average, modifier, f"{metric.capitalize()} is", len(result))

2025-07-04 10:05:10,794:WARNING:C:\Users\fares\anaconda3\envs\pycaret-env\Lib\site-packages\sklearn\metrics\_classification.py:1509: UndefinedMetricWarning: Precision is ill-defined and being set to 0.0 in labels with no predicted samples. Use `zero_division` parameter to control this behavior.
  _warn_prf(average, modifier, f"{metric.capitalize()} is", len(result))

2025-07-04 10:05:10,794:WARNING:C:\Users\fares\anaconda3\envs\pycaret-env\Lib\site-packages\sklearn\metrics\_classification.py:1561: UserWarning: Note that pos_label (set to 'yes') is ignored when average != 'binary' (got 'weighted'). You may use labels=[pos_label] to specify a single positive class.
  warnings.warn(

2025-07-04 10:05:10,795:WARNING:C:\Users\fares\anaconda3\envs\pycaret-env\Lib\site-packages\sklearn\metrics\_classification.py:1509: UndefinedMetricWarning: Precision is ill-defined and being set to 0.0 in labels with no predicted samples. Use `zero_division` parameter to control this behavior.
  _warn_prf(average, modifier, f"{metric.capitalize()} is", len(result))

2025-07-04 10:05:10,800:WARNING:C:\Users\fares\anaconda3\envs\pycaret-env\Lib\site-packages\sklearn\metrics\_classification.py:1561: UserWarning: Note that pos_label (set to 'yes') is ignored when average != 'binary' (got 'weighted'). You may use labels=[pos_label] to specify a single positive class.
  warnings.warn(

2025-07-04 10:05:10,800:WARNING:C:\Users\fares\anaconda3\envs\pycaret-env\Lib\site-packages\sklearn\metrics\_classification.py:1561: UserWarning: Note that pos_label (set to 'yes') is ignored when average != 'binary' (got 'weighted'). You may use labels=[pos_label] to specify a single positive class.
  warnings.warn(

2025-07-04 10:05:10,802:WARNING:C:\Users\fares\anaconda3\envs\pycaret-env\Lib\site-packages\sklearn\metrics\_classification.py:1509: UndefinedMetricWarning: Precision is ill-defined and being set to 0.0 in labels with no predicted samples. Use `zero_division` parameter to control this behavior.
  _warn_prf(average, modifier, f"{metric.capitalize()} is", len(result))

2025-07-04 10:05:10,802:WARNING:C:\Users\fares\anaconda3\envs\pycaret-env\Lib\site-packages\sklearn\metrics\_classification.py:1561: UserWarning: Note that pos_label (set to 'yes') is ignored when average != 'binary' (got 'weighted'). You may use labels=[pos_label] to specify a single positive class.
  warnings.warn(

2025-07-04 10:05:10,803:WARNING:C:\Users\fares\anaconda3\envs\pycaret-env\Lib\site-packages\sklearn\metrics\_classification.py:1561: UserWarning: Note that pos_label (set to 'yes') is ignored when average != 'binary' (got 'weighted'). You may use labels=[pos_label] to specify a single positive class.
  warnings.warn(

2025-07-04 10:05:10,805:WARNING:C:\Users\fares\anaconda3\envs\pycaret-env\Lib\site-packages\sklearn\metrics\_classification.py:1561: UserWarning: Note that pos_label (set to 'yes') is ignored when average != 'binary' (got 'weighted'). You may use labels=[pos_label] to specify a single positive class.
  warnings.warn(

2025-07-04 10:05:10,807:WARNING:C:\Users\fares\anaconda3\envs\pycaret-env\Lib\site-packages\sklearn\metrics\_classification.py:1561: UserWarning: Note that pos_label (set to 'yes') is ignored when average != 'binary' (got 'weighted'). You may use labels=[pos_label] to specify a single positive class.
  warnings.warn(

2025-07-04 10:05:10,810:WARNING:C:\Users\fares\anaconda3\envs\pycaret-env\Lib\site-packages\sklearn\metrics\_classification.py:1561: UserWarning: Note that pos_label (set to 'yes') is ignored when average != 'binary' (got 'weighted'). You may use labels=[pos_label] to specify a single positive class.
  warnings.warn(

2025-07-04 10:05:10,813:WARNING:C:\Users\fares\anaconda3\envs\pycaret-env\Lib\site-packages\sklearn\metrics\_classification.py:1509: UndefinedMetricWarning: Precision is ill-defined and being set to 0.0 in labels with no predicted samples. Use `zero_division` parameter to control this behavior.
  _warn_prf(average, modifier, f"{metric.capitalize()} is", len(result))

2025-07-04 10:05:10,817:WARNING:C:\Users\fares\anaconda3\envs\pycaret-env\Lib\site-packages\sklearn\metrics\_classification.py:1509: UndefinedMetricWarning: Precision is ill-defined and being set to 0.0 in labels with no predicted samples. Use `zero_division` parameter to control this behavior.
  _warn_prf(average, modifier, f"{metric.capitalize()} is", len(result))

2025-07-04 10:05:10,822:WARNING:C:\Users\fares\anaconda3\envs\pycaret-env\Lib\site-packages\sklearn\metrics\_classification.py:1561: UserWarning: Note that pos_label (set to 'yes') is ignored when average != 'binary' (got 'weighted'). You may use labels=[pos_label] to specify a single positive class.
  warnings.warn(

2025-07-04 10:05:10,826:WARNING:C:\Users\fares\anaconda3\envs\pycaret-env\Lib\site-packages\sklearn\metrics\_classification.py:1561: UserWarning: Note that pos_label (set to 'yes') is ignored when average != 'binary' (got 'weighted'). You may use labels=[pos_label] to specify a single positive class.
  warnings.warn(

2025-07-04 10:05:10,859:INFO:Calculating mean and std
2025-07-04 10:05:10,860:INFO:Creating metrics dataframe
2025-07-04 10:05:10,862:INFO:Uploading results into container
2025-07-04 10:05:10,862:INFO:Uploading model into container now
2025-07-04 10:05:10,863:INFO:_master_model_container: 14
2025-07-04 10:05:10,863:INFO:_display_container: 2
2025-07-04 10:05:10,863:INFO:DummyClassifier(constant=None, random_state=123, strategy='prior')
2025-07-04 10:05:10,863:INFO:create_model() successfully completed......................................
2025-07-04 10:05:10,942:INFO:SubProcess create_model() end ==================================
2025-07-04 10:05:10,942:INFO:Creating metrics dataframe
2025-07-04 10:05:10,967:WARNING:C:\Users\fares\anaconda3\envs\pycaret-env\Lib\site-packages\pycaret\internal\pycaret_experiment\supervised_experiment.py:339: FutureWarning: Styler.applymap has been deprecated. Use Styler.map instead.
  .applymap(highlight_cols, subset=["TT (Sec)"])

2025-07-04 10:05:10,976:INFO:Initializing create_model()
2025-07-04 10:05:10,977:INFO:create_model(self=<pycaret.classification.oop.ClassificationExperiment object at 0x000001EC2D533E10>, estimator=GradientBoostingClassifier(ccp_alpha=0.0, criterion='friedman_mse', init=None,
                           learning_rate=0.1, loss='log_loss', max_depth=3,
                           max_features=None, max_leaf_nodes=None,
                           min_impurity_decrease=0.0, min_samples_leaf=1,
                           min_samples_split=2, min_weight_fraction_leaf=0.0,
                           n_estimators=100, n_iter_no_change=None,
                           random_state=123, subsample=1.0, tol=0.0001,
                           validation_fraction=0.1, verbose=0,
                           warm_start=False), fold=StratifiedKFold(n_splits=10, random_state=None, shuffle=False), round=4, cross_validation=False, predict=False, fit_kwargs={}, groups=None, refit=True, probability_threshold=None, experiment_custom_tags=None, verbose=False, system=False, add_to_model_list=True, metrics=None, display=None, model_only=True, return_train_score=False, error_score=0.0, kwargs={})
2025-07-04 10:05:10,977:INFO:Checking exceptions
2025-07-04 10:05:10,979:INFO:Importing libraries
2025-07-04 10:05:10,980:INFO:Copying training dataset
2025-07-04 10:05:10,998:INFO:Defining folds
2025-07-04 10:05:10,999:INFO:Declaring metric variables
2025-07-04 10:05:10,999:INFO:Importing untrained model
2025-07-04 10:05:10,999:INFO:Declaring custom model
2025-07-04 10:05:10,999:INFO:Gradient Boosting Classifier Imported successfully
2025-07-04 10:05:11,001:INFO:Cross validation set to False
2025-07-04 10:05:11,002:INFO:Fitting Model
2025-07-04 10:05:15,423:INFO:GradientBoostingClassifier(ccp_alpha=0.0, criterion='friedman_mse', init=None,
                           learning_rate=0.1, loss='log_loss', max_depth=3,
                           max_features=None, max_leaf_nodes=None,
                           min_impurity_decrease=0.0, min_samples_leaf=1,
                           min_samples_split=2, min_weight_fraction_leaf=0.0,
                           n_estimators=100, n_iter_no_change=None,
                           random_state=123, subsample=1.0, tol=0.0001,
                           validation_fraction=0.1, verbose=0,
                           warm_start=False)
2025-07-04 10:05:15,424:INFO:create_model() successfully completed......................................
2025-07-04 10:05:15,522:INFO:_master_model_container: 14
2025-07-04 10:05:15,522:INFO:_display_container: 2
2025-07-04 10:05:15,523:INFO:GradientBoostingClassifier(ccp_alpha=0.0, criterion='friedman_mse', init=None,
                           learning_rate=0.1, loss='log_loss', max_depth=3,
                           max_features=None, max_leaf_nodes=None,
                           min_impurity_decrease=0.0, min_samples_leaf=1,
                           min_samples_split=2, min_weight_fraction_leaf=0.0,
                           n_estimators=100, n_iter_no_change=None,
                           random_state=123, subsample=1.0, tol=0.0001,
                           validation_fraction=0.1, verbose=0,
                           warm_start=False)
2025-07-04 10:05:15,523:INFO:compare_models() successfully completed......................................
2025-07-04 10:05:15,538:INFO:Initializing plot_model()
2025-07-04 10:05:15,538:INFO:plot_model(self=<pycaret.classification.oop.ClassificationExperiment object at 0x000001EC2D533E10>, estimator=GradientBoostingClassifier(ccp_alpha=0.0, criterion='friedman_mse', init=None,
                           learning_rate=0.1, loss='log_loss', max_depth=3,
                           max_features=None, max_leaf_nodes=None,
                           min_impurity_decrease=0.0, min_samples_leaf=1,
                           min_samples_split=2, min_weight_fraction_leaf=0.0,
                           n_estimators=100, n_iter_no_change=None,
                           random_state=123, subsample=1.0, tol=0.0001,
                           validation_fraction=0.1, verbose=0,
                           warm_start=False), plot=confusion_matrix, scale=1, save=False, fold=None, fit_kwargs=None, plot_kwargs=None, groups=None, feature_name=None, label=False, verbose=True, system=True, display=None, display_format=None)
2025-07-04 10:05:15,538:INFO:Checking exceptions
2025-07-04 10:05:15,550:INFO:Preloading libraries
2025-07-04 10:05:15,559:INFO:Copying training dataset
2025-07-04 10:05:15,559:INFO:Plot type: confusion_matrix
2025-07-04 10:05:15,705:INFO:Fitting Model
2025-07-04 10:05:15,711:WARNING:C:\Users\fares\anaconda3\envs\pycaret-env\Lib\site-packages\sklearn\base.py:493: UserWarning: X does not have valid feature names, but GradientBoostingClassifier was fitted with feature names
  warnings.warn(

2025-07-04 10:05:15,712:INFO:Scoring test/hold-out set
2025-07-04 10:05:15,871:INFO:Visual Rendered Successfully
2025-07-04 10:05:15,956:INFO:plot_model() successfully completed......................................
2025-07-04 10:05:15,962:INFO:Initializing plot_model()
2025-07-04 10:05:15,962:INFO:plot_model(self=<pycaret.classification.oop.ClassificationExperiment object at 0x000001EC2D533E10>, estimator=GradientBoostingClassifier(ccp_alpha=0.0, criterion='friedman_mse', init=None,
                           learning_rate=0.1, loss='log_loss', max_depth=3,
                           max_features=None, max_leaf_nodes=None,
                           min_impurity_decrease=0.0, min_samples_leaf=1,
                           min_samples_split=2, min_weight_fraction_leaf=0.0,
                           n_estimators=100, n_iter_no_change=None,
                           random_state=123, subsample=1.0, tol=0.0001,
                           validation_fraction=0.1, verbose=0,
                           warm_start=False), plot=auc, scale=1, save=False, fold=None, fit_kwargs=None, plot_kwargs=None, groups=None, feature_name=None, label=False, verbose=True, system=True, display=None, display_format=None)
2025-07-04 10:05:15,962:INFO:Checking exceptions
2025-07-04 10:05:15,972:INFO:Preloading libraries
2025-07-04 10:05:15,977:INFO:Copying training dataset
2025-07-04 10:05:15,977:INFO:Plot type: auc
2025-07-04 10:05:16,106:INFO:Fitting Model
2025-07-04 10:05:16,107:WARNING:C:\Users\fares\anaconda3\envs\pycaret-env\Lib\site-packages\sklearn\base.py:493: UserWarning: X does not have valid feature names, but GradientBoostingClassifier was fitted with feature names
  warnings.warn(

2025-07-04 10:05:16,107:INFO:Scoring test/hold-out set
2025-07-04 10:05:16,287:INFO:Visual Rendered Successfully
2025-07-04 10:05:16,367:INFO:plot_model() successfully completed......................................
2025-07-04 10:05:16,386:INFO:Initializing plot_model()
2025-07-04 10:05:16,386:INFO:plot_model(self=<pycaret.classification.oop.ClassificationExperiment object at 0x000001EC2D533E10>, estimator=GradientBoostingClassifier(ccp_alpha=0.0, criterion='friedman_mse', init=None,
                           learning_rate=0.1, loss='log_loss', max_depth=3,
                           max_features=None, max_leaf_nodes=None,
                           min_impurity_decrease=0.0, min_samples_leaf=1,
                           min_samples_split=2, min_weight_fraction_leaf=0.0,
                           n_estimators=100, n_iter_no_change=None,
                           random_state=123, subsample=1.0, tol=0.0001,
                           validation_fraction=0.1, verbose=0,
                           warm_start=False), plot=feature, scale=1, save=False, fold=None, fit_kwargs=None, plot_kwargs=None, groups=None, feature_name=None, label=False, verbose=True, system=True, display=None, display_format=None)
2025-07-04 10:05:16,386:INFO:Checking exceptions
2025-07-04 10:05:16,396:INFO:Preloading libraries
2025-07-04 10:05:16,403:INFO:Copying training dataset
2025-07-04 10:05:16,403:INFO:Plot type: feature
2025-07-04 10:05:16,403:WARNING:No coef_ found. Trying feature_importances_
2025-07-04 10:05:16,534:INFO:Visual Rendered Successfully
2025-07-04 10:05:16,634:INFO:plot_model() successfully completed......................................
2025-07-04 10:05:16,640:INFO:Initializing plot_model()
2025-07-04 10:05:16,640:INFO:plot_model(self=<pycaret.classification.oop.ClassificationExperiment object at 0x000001EC2D533E10>, estimator=GradientBoostingClassifier(ccp_alpha=0.0, criterion='friedman_mse', init=None,
                           learning_rate=0.1, loss='log_loss', max_depth=3,
                           max_features=None, max_leaf_nodes=None,
                           min_impurity_decrease=0.0, min_samples_leaf=1,
                           min_samples_split=2, min_weight_fraction_leaf=0.0,
                           n_estimators=100, n_iter_no_change=None,
                           random_state=123, subsample=1.0, tol=0.0001,
                           validation_fraction=0.1, verbose=0,
                           warm_start=False), plot=pr, scale=1, save=False, fold=None, fit_kwargs=None, plot_kwargs=None, groups=None, feature_name=None, label=False, verbose=True, system=True, display=None, display_format=None)
2025-07-04 10:05:16,640:INFO:Checking exceptions
2025-07-04 10:05:16,652:INFO:Preloading libraries
2025-07-04 10:05:16,658:INFO:Copying training dataset
2025-07-04 10:05:16,658:INFO:Plot type: pr
2025-07-04 10:05:16,792:INFO:Fitting Model
2025-07-04 10:05:16,793:WARNING:C:\Users\fares\anaconda3\envs\pycaret-env\Lib\site-packages\sklearn\base.py:493: UserWarning: X does not have valid feature names, but GradientBoostingClassifier was fitted with feature names
  warnings.warn(

2025-07-04 10:05:16,793:INFO:Scoring test/hold-out set
2025-07-04 10:05:16,943:INFO:Visual Rendered Successfully
2025-07-04 10:05:17,044:INFO:plot_model() successfully completed......................................
2025-07-08 10:13:29,287:WARNING:
'cuml' is a soft dependency and not included in the pycaret installation. Please run: `pip install cuml` to install.
2025-07-08 10:13:29,288:WARNING:
'cuml' is a soft dependency and not included in the pycaret installation. Please run: `pip install cuml` to install.
2025-07-08 10:13:29,288:WARNING:
'cuml' is a soft dependency and not included in the pycaret installation. Please run: `pip install cuml` to install.
2025-07-08 10:13:29,288:WARNING:
'cuml' is a soft dependency and not included in the pycaret installation. Please run: `pip install cuml` to install.
2025-07-08 10:13:42,520:INFO:PyCaret ClassificationExperiment
2025-07-08 10:13:42,521:INFO:Logging name: clf-default-name
2025-07-08 10:13:42,521:INFO:ML Usecase: MLUsecase.CLASSIFICATION
2025-07-08 10:13:42,521:INFO:version 3.3.2
2025-07-08 10:13:42,521:INFO:Initializing setup()
2025-07-08 10:13:42,521:INFO:self.USI: a42f
2025-07-08 10:13:42,521:INFO:self._variable_keys: {'_available_plots', 'memory', 'log_plots_param', '_ml_usecase', 'gpu_param', 'target_param', 'seed', 'data', 'pipeline', 'n_jobs_param', 'y_test', 'idx', 'X_train', 'USI', 'exp_id', 'exp_name_log', 'html_param', 'fold_generator', 'y', 'fix_imbalance', 'logging_param', 'fold_shuffle_param', 'X', 'X_test', 'gpu_n_jobs_param', 'y_train', 'fold_groups_param', 'is_multiclass'}
2025-07-08 10:13:42,521:INFO:Checking environment
2025-07-08 10:13:42,521:INFO:python_version: 3.11.13
2025-07-08 10:13:42,521:INFO:python_build: ('main', 'Jun  5 2025 13:03:15')
2025-07-08 10:13:42,521:INFO:machine: AMD64
2025-07-08 10:13:42,521:INFO:platform: Windows-10-10.0.26120-SP0
2025-07-08 10:13:42,529:INFO:Memory: svmem(total=16415322112, available=2459611136, percent=85.0, used=13955710976, free=2459611136)
2025-07-08 10:13:42,529:INFO:Physical Core: 8
2025-07-08 10:13:42,529:INFO:Logical Core: 16
2025-07-08 10:13:42,529:INFO:Checking libraries
2025-07-08 10:13:42,529:INFO:System:
2025-07-08 10:13:42,529:INFO:    python: 3.11.13 | packaged by Anaconda, Inc. | (main, Jun  5 2025, 13:03:15) [MSC v.1929 64 bit (AMD64)]
2025-07-08 10:13:42,529:INFO:executable: C:\Users\fares\anaconda3\envs\pycaret-env\python.exe
2025-07-08 10:13:42,529:INFO:   machine: Windows-10-10.0.26120-SP0
2025-07-08 10:13:42,529:INFO:PyCaret required dependencies:
2025-07-08 10:13:42,986:INFO:                 pip: 25.1
2025-07-08 10:13:42,986:INFO:          setuptools: 72.1.0
2025-07-08 10:13:42,986:INFO:             pycaret: 3.3.2
2025-07-08 10:13:42,986:INFO:             IPython: 9.3.0
2025-07-08 10:13:42,986:INFO:          ipywidgets: 8.1.7
2025-07-08 10:13:42,986:INFO:                tqdm: 4.67.1
2025-07-08 10:13:42,986:INFO:               numpy: 1.26.4
2025-07-08 10:13:42,986:INFO:              pandas: 2.1.4
2025-07-08 10:13:42,986:INFO:              jinja2: 3.1.6
2025-07-08 10:13:42,986:INFO:               scipy: 1.10.1
2025-07-08 10:13:42,986:INFO:              joblib: 1.3.2
2025-07-08 10:13:42,986:INFO:             sklearn: 1.4.2
2025-07-08 10:13:42,986:INFO:                pyod: 2.0.5
2025-07-08 10:13:42,986:INFO:            imblearn: 0.13.0
2025-07-08 10:13:42,987:INFO:   category_encoders: 2.7.0
2025-07-08 10:13:42,987:INFO:            lightgbm: 4.6.0
2025-07-08 10:13:42,987:INFO:               numba: 0.61.2
2025-07-08 10:13:42,987:INFO:            requests: 2.32.4
2025-07-08 10:13:42,987:INFO:          matplotlib: 3.7.5
2025-07-08 10:13:42,987:INFO:          scikitplot: 0.3.7
2025-07-08 10:13:42,987:INFO:         yellowbrick: 1.5
2025-07-08 10:13:42,987:INFO:              plotly: 5.24.1
2025-07-08 10:13:42,987:INFO:    plotly-resampler: Not installed
2025-07-08 10:13:42,987:INFO:             kaleido: 1.0.0
2025-07-08 10:13:42,987:INFO:           schemdraw: 0.15
2025-07-08 10:13:42,987:INFO:         statsmodels: 0.14.4
2025-07-08 10:13:42,987:INFO:              sktime: 0.26.0
2025-07-08 10:13:42,987:INFO:               tbats: 1.1.3
2025-07-08 10:13:42,987:INFO:            pmdarima: 2.0.4
2025-07-08 10:13:42,987:INFO:              psutil: 7.0.0
2025-07-08 10:13:42,987:INFO:          markupsafe: 3.0.2
2025-07-08 10:13:42,987:INFO:             pickle5: Not installed
2025-07-08 10:13:42,987:INFO:         cloudpickle: 3.1.1
2025-07-08 10:13:42,987:INFO:         deprecation: 2.1.0
2025-07-08 10:13:42,987:INFO:              xxhash: 3.5.0
2025-07-08 10:13:42,987:INFO:           wurlitzer: Not installed
2025-07-08 10:13:42,987:INFO:PyCaret optional dependencies:
2025-07-08 10:13:43,010:INFO:                shap: Not installed
2025-07-08 10:13:43,010:INFO:           interpret: Not installed
2025-07-08 10:13:43,010:INFO:                umap: Not installed
2025-07-08 10:13:43,010:INFO:     ydata_profiling: Not installed
2025-07-08 10:13:43,010:INFO:  explainerdashboard: Not installed
2025-07-08 10:13:43,010:INFO:             autoviz: Not installed
2025-07-08 10:13:43,010:INFO:           fairlearn: Not installed
2025-07-08 10:13:43,010:INFO:          deepchecks: Not installed
2025-07-08 10:13:43,010:INFO:             xgboost: Not installed
2025-07-08 10:13:43,010:INFO:            catboost: Not installed
2025-07-08 10:13:43,010:INFO:              kmodes: Not installed
2025-07-08 10:13:43,010:INFO:             mlxtend: Not installed
2025-07-08 10:13:43,010:INFO:       statsforecast: Not installed
2025-07-08 10:13:43,010:INFO:        tune_sklearn: Not installed
2025-07-08 10:13:43,010:INFO:                 ray: Not installed
2025-07-08 10:13:43,011:INFO:            hyperopt: Not installed
2025-07-08 10:13:43,011:INFO:              optuna: Not installed
2025-07-08 10:13:43,011:INFO:               skopt: Not installed
2025-07-08 10:13:43,012:INFO:              mlflow: Not installed
2025-07-08 10:13:43,012:INFO:              gradio: Not installed
2025-07-08 10:13:43,012:INFO:             fastapi: Not installed
2025-07-08 10:13:43,012:INFO:             uvicorn: Not installed
2025-07-08 10:13:43,012:INFO:              m2cgen: Not installed
2025-07-08 10:13:43,012:INFO:           evidently: Not installed
2025-07-08 10:13:43,012:INFO:               fugue: Not installed
2025-07-08 10:13:43,012:INFO:           streamlit: Not installed
2025-07-08 10:13:43,012:INFO:             prophet: Not installed
2025-07-08 10:13:43,012:INFO:None
2025-07-08 10:13:43,012:INFO:Set up data.
2025-07-08 10:13:43,069:INFO:Set up folding strategy.
2025-07-08 10:13:43,069:INFO:Set up train/test split.
2025-07-08 10:13:43,140:INFO:Set up index.
2025-07-08 10:13:43,141:INFO:Assigning column types.
2025-07-08 10:13:43,153:INFO:Engine successfully changes for model 'lr' to 'sklearn'.
2025-07-08 10:13:43,200:INFO:Engine for model 'knn' has not been set explicitly, hence returning None.
2025-07-08 10:13:43,222:INFO:Engine for model 'rbfsvm' has not been set explicitly, hence returning None.
2025-07-08 10:13:43,296:WARNING:
'xgboost' is a soft dependency and not included in the pycaret installation. Please run: `pip install xgboost` to install.
Alternately, you can install this by running `pip install pycaret[models]`
2025-07-08 10:13:43,296:WARNING:
'catboost' is a soft dependency and not included in the pycaret installation. Please run: `pip install catboost` to install.
Alternately, you can install this by running `pip install pycaret[models]`
2025-07-08 10:13:43,343:INFO:Engine for model 'knn' has not been set explicitly, hence returning None.
2025-07-08 10:13:43,343:INFO:Engine for model 'rbfsvm' has not been set explicitly, hence returning None.
2025-07-08 10:13:43,372:WARNING:
'xgboost' is a soft dependency and not included in the pycaret installation. Please run: `pip install xgboost` to install.
Alternately, you can install this by running `pip install pycaret[models]`
2025-07-08 10:13:43,372:WARNING:
'catboost' is a soft dependency and not included in the pycaret installation. Please run: `pip install catboost` to install.
Alternately, you can install this by running `pip install pycaret[models]`
2025-07-08 10:13:43,372:INFO:Engine successfully changes for model 'knn' to 'sklearn'.
2025-07-08 10:13:43,418:INFO:Engine for model 'rbfsvm' has not been set explicitly, hence returning None.
2025-07-08 10:13:43,448:WARNING:
'xgboost' is a soft dependency and not included in the pycaret installation. Please run: `pip install xgboost` to install.
Alternately, you can install this by running `pip install pycaret[models]`
2025-07-08 10:13:43,448:WARNING:
'catboost' is a soft dependency and not included in the pycaret installation. Please run: `pip install catboost` to install.
Alternately, you can install this by running `pip install pycaret[models]`
2025-07-08 10:13:43,495:INFO:Engine for model 'rbfsvm' has not been set explicitly, hence returning None.
2025-07-08 10:13:43,526:WARNING:
'xgboost' is a soft dependency and not included in the pycaret installation. Please run: `pip install xgboost` to install.
Alternately, you can install this by running `pip install pycaret[models]`
2025-07-08 10:13:43,526:WARNING:
'catboost' is a soft dependency and not included in the pycaret installation. Please run: `pip install catboost` to install.
Alternately, you can install this by running `pip install pycaret[models]`
2025-07-08 10:13:43,526:INFO:Engine successfully changes for model 'rbfsvm' to 'sklearn'.
2025-07-08 10:13:43,607:WARNING:
'xgboost' is a soft dependency and not included in the pycaret installation. Please run: `pip install xgboost` to install.
Alternately, you can install this by running `pip install pycaret[models]`
2025-07-08 10:13:43,607:WARNING:
'catboost' is a soft dependency and not included in the pycaret installation. Please run: `pip install catboost` to install.
Alternately, you can install this by running `pip install pycaret[models]`
2025-07-08 10:13:43,684:WARNING:
'xgboost' is a soft dependency and not included in the pycaret installation. Please run: `pip install xgboost` to install.
Alternately, you can install this by running `pip install pycaret[models]`
2025-07-08 10:13:43,684:WARNING:
'catboost' is a soft dependency and not included in the pycaret installation. Please run: `pip install catboost` to install.
Alternately, you can install this by running `pip install pycaret[models]`
2025-07-08 10:13:43,691:INFO:Preparing preprocessing pipeline...
2025-07-08 10:13:43,693:INFO:Set up label encoding.
2025-07-08 10:13:43,693:INFO:Set up simple imputation.
2025-07-08 10:13:43,704:INFO:Set up encoding of ordinal features.
2025-07-08 10:13:43,709:INFO:Set up encoding of categorical features.
2025-07-08 10:13:43,712:INFO:Set up column name cleaning.
2025-07-08 10:13:44,638:INFO:Finished creating preprocessing pipeline.
2025-07-08 10:13:44,656:INFO:Pipeline: Pipeline(memory=FastMemory(location=C:\Users\fares\AppData\Local\Temp\joblib),
         steps=[('label_encoding',
                 TransformerWrapperWithInverse(exclude=None, include=None,
                                               transformer=LabelEncoder())),
                ('numerical_imputer',
                 TransformerWrapper(exclude=None,
                                    include=['age', 'duration', 'campaign',
                                             'pdays', 'previous',
                                             'emp.var.rate', 'cons.price.idx',
                                             'cons.conf.idx', 'euri...
                                    transformer=OneHotEncoder(cols=['job',
                                                                    'marital',
                                                                    'education',
                                                                    'default',
                                                                    'housing',
                                                                    'loan',
                                                                    'month',
                                                                    'day_of_week',
                                                                    'poutcome'],
                                                              drop_invariant=False,
                                                              handle_missing='return_nan',
                                                              handle_unknown='value',
                                                              return_df=True,
                                                              use_cat_names=True,
                                                              verbose=0))),
                ('clean_column_names',
                 TransformerWrapper(exclude=None, include=None,
                                    transformer=CleanColumnNames(match='[\\]\\[\\,\\{\\}\\"\\:]+')))],
         verbose=False)
2025-07-08 10:13:44,656:INFO:Creating final display dataframe.
2025-07-08 10:13:45,470:INFO:Setup _display_container:                     Description             Value
0                    Session id               521
1                        Target                 y
2                   Target type            Binary
3                Target mapping     no: 0, yes: 1
4           Original data shape       (41188, 21)
5        Transformed data shape       (41188, 63)
6   Transformed train set shape       (28831, 63)
7    Transformed test set shape       (12357, 63)
8              Numeric features                10
9          Categorical features                10
10                   Preprocess              True
11              Imputation type            simple
12           Numeric imputation              mean
13       Categorical imputation              mode
14     Maximum one-hot encoding                25
15              Encoding method              None
16               Fold Generator   StratifiedKFold
17                  Fold Number                10
18                     CPU Jobs                -1
19                      Use GPU             False
20               Log Experiment             False
21              Experiment Name  clf-default-name
22                          USI              a42f
2025-07-08 10:13:45,545:WARNING:
'xgboost' is a soft dependency and not included in the pycaret installation. Please run: `pip install xgboost` to install.
Alternately, you can install this by running `pip install pycaret[models]`
2025-07-08 10:13:45,546:WARNING:
'catboost' is a soft dependency and not included in the pycaret installation. Please run: `pip install catboost` to install.
Alternately, you can install this by running `pip install pycaret[models]`
2025-07-08 10:13:45,621:WARNING:
'xgboost' is a soft dependency and not included in the pycaret installation. Please run: `pip install xgboost` to install.
Alternately, you can install this by running `pip install pycaret[models]`
2025-07-08 10:13:45,622:WARNING:
'catboost' is a soft dependency and not included in the pycaret installation. Please run: `pip install catboost` to install.
Alternately, you can install this by running `pip install pycaret[models]`
2025-07-08 10:13:45,624:INFO:setup() successfully completed in 3.14s...............
2025-07-08 10:13:45,805:INFO:PyCaret ClassificationExperiment
2025-07-08 10:13:45,806:INFO:Logging name: clf-default-name
2025-07-08 10:13:45,806:INFO:ML Usecase: MLUsecase.CLASSIFICATION
2025-07-08 10:13:45,806:INFO:version 3.3.2
2025-07-08 10:13:45,806:INFO:Initializing setup()
2025-07-08 10:13:45,806:INFO:self.USI: 50d1
2025-07-08 10:13:45,806:INFO:self._variable_keys: {'_available_plots', 'memory', 'log_plots_param', '_ml_usecase', 'gpu_param', 'target_param', 'seed', 'data', 'pipeline', 'n_jobs_param', 'y_test', 'idx', 'X_train', 'USI', 'exp_id', 'exp_name_log', 'html_param', 'fold_generator', 'y', 'fix_imbalance', 'logging_param', 'fold_shuffle_param', 'X', 'X_test', 'gpu_n_jobs_param', 'y_train', 'fold_groups_param', 'is_multiclass'}
2025-07-08 10:13:45,806:INFO:Checking environment
2025-07-08 10:13:45,806:INFO:python_version: 3.11.13
2025-07-08 10:13:45,806:INFO:python_build: ('main', 'Jun  5 2025 13:03:15')
2025-07-08 10:13:45,806:INFO:machine: AMD64
2025-07-08 10:13:45,806:INFO:platform: Windows-10-10.0.26120-SP0
2025-07-08 10:13:45,814:INFO:Memory: svmem(total=16415322112, available=2584219648, percent=84.3, used=13831102464, free=2584219648)
2025-07-08 10:13:45,814:INFO:Physical Core: 8
2025-07-08 10:13:45,815:INFO:Logical Core: 16
2025-07-08 10:13:45,815:INFO:Checking libraries
2025-07-08 10:13:45,815:INFO:System:
2025-07-08 10:13:45,815:INFO:    python: 3.11.13 | packaged by Anaconda, Inc. | (main, Jun  5 2025, 13:03:15) [MSC v.1929 64 bit (AMD64)]
2025-07-08 10:13:45,815:INFO:executable: C:\Users\fares\anaconda3\envs\pycaret-env\python.exe
2025-07-08 10:13:45,815:INFO:   machine: Windows-10-10.0.26120-SP0
2025-07-08 10:13:45,815:INFO:PyCaret required dependencies:
2025-07-08 10:13:45,815:INFO:                 pip: 25.1
2025-07-08 10:13:45,815:INFO:          setuptools: 72.1.0
2025-07-08 10:13:45,815:INFO:             pycaret: 3.3.2
2025-07-08 10:13:45,815:INFO:             IPython: 9.3.0
2025-07-08 10:13:45,815:INFO:          ipywidgets: 8.1.7
2025-07-08 10:13:45,815:INFO:                tqdm: 4.67.1
2025-07-08 10:13:45,815:INFO:               numpy: 1.26.4
2025-07-08 10:13:45,815:INFO:              pandas: 2.1.4
2025-07-08 10:13:45,815:INFO:              jinja2: 3.1.6
2025-07-08 10:13:45,815:INFO:               scipy: 1.10.1
2025-07-08 10:13:45,815:INFO:              joblib: 1.3.2
2025-07-08 10:13:45,815:INFO:             sklearn: 1.4.2
2025-07-08 10:13:45,815:INFO:                pyod: 2.0.5
2025-07-08 10:13:45,816:INFO:            imblearn: 0.13.0
2025-07-08 10:13:45,816:INFO:   category_encoders: 2.7.0
2025-07-08 10:13:45,816:INFO:            lightgbm: 4.6.0
2025-07-08 10:13:45,816:INFO:               numba: 0.61.2
2025-07-08 10:13:45,816:INFO:            requests: 2.32.4
2025-07-08 10:13:45,816:INFO:          matplotlib: 3.7.5
2025-07-08 10:13:45,816:INFO:          scikitplot: 0.3.7
2025-07-08 10:13:45,816:INFO:         yellowbrick: 1.5
2025-07-08 10:13:45,816:INFO:              plotly: 5.24.1
2025-07-08 10:13:45,816:INFO:    plotly-resampler: Not installed
2025-07-08 10:13:45,816:INFO:             kaleido: 1.0.0
2025-07-08 10:13:45,816:INFO:           schemdraw: 0.15
2025-07-08 10:13:45,816:INFO:         statsmodels: 0.14.4
2025-07-08 10:13:45,816:INFO:              sktime: 0.26.0
2025-07-08 10:13:45,816:INFO:               tbats: 1.1.3
2025-07-08 10:13:45,816:INFO:            pmdarima: 2.0.4
2025-07-08 10:13:45,816:INFO:              psutil: 7.0.0
2025-07-08 10:13:45,816:INFO:          markupsafe: 3.0.2
2025-07-08 10:13:45,816:INFO:             pickle5: Not installed
2025-07-08 10:13:45,816:INFO:         cloudpickle: 3.1.1
2025-07-08 10:13:45,816:INFO:         deprecation: 2.1.0
2025-07-08 10:13:45,816:INFO:              xxhash: 3.5.0
2025-07-08 10:13:45,816:INFO:           wurlitzer: Not installed
2025-07-08 10:13:45,816:INFO:PyCaret optional dependencies:
2025-07-08 10:13:45,817:INFO:                shap: Not installed
2025-07-08 10:13:45,817:INFO:           interpret: Not installed
2025-07-08 10:13:45,817:INFO:                umap: Not installed
2025-07-08 10:13:45,817:INFO:     ydata_profiling: Not installed
2025-07-08 10:13:45,817:INFO:  explainerdashboard: Not installed
2025-07-08 10:13:45,817:INFO:             autoviz: Not installed
2025-07-08 10:13:45,817:INFO:           fairlearn: Not installed
2025-07-08 10:13:45,817:INFO:          deepchecks: Not installed
2025-07-08 10:13:45,817:INFO:             xgboost: Not installed
2025-07-08 10:13:45,817:INFO:            catboost: Not installed
2025-07-08 10:13:45,817:INFO:              kmodes: Not installed
2025-07-08 10:13:45,817:INFO:             mlxtend: Not installed
2025-07-08 10:13:45,817:INFO:       statsforecast: Not installed
2025-07-08 10:13:45,817:INFO:        tune_sklearn: Not installed
2025-07-08 10:13:45,817:INFO:                 ray: Not installed
2025-07-08 10:13:45,817:INFO:            hyperopt: Not installed
2025-07-08 10:13:45,817:INFO:              optuna: Not installed
2025-07-08 10:13:45,817:INFO:               skopt: Not installed
2025-07-08 10:13:45,817:INFO:              mlflow: Not installed
2025-07-08 10:13:45,817:INFO:              gradio: Not installed
2025-07-08 10:13:45,817:INFO:             fastapi: Not installed
2025-07-08 10:13:45,817:INFO:             uvicorn: Not installed
2025-07-08 10:13:45,817:INFO:              m2cgen: Not installed
2025-07-08 10:13:45,818:INFO:           evidently: Not installed
2025-07-08 10:13:45,818:INFO:               fugue: Not installed
2025-07-08 10:13:45,818:INFO:           streamlit: Not installed
2025-07-08 10:13:45,818:INFO:             prophet: Not installed
2025-07-08 10:13:45,818:INFO:None
2025-07-08 10:13:45,818:INFO:Set up data.
2025-07-08 10:13:45,865:INFO:Set up folding strategy.
2025-07-08 10:13:45,865:INFO:Set up train/test split.
2025-07-08 10:13:45,908:INFO:Set up index.
2025-07-08 10:13:45,909:INFO:Assigning column types.
2025-07-08 10:13:45,920:INFO:Engine successfully changes for model 'lr' to 'sklearn'.
2025-07-08 10:13:45,966:INFO:Engine for model 'knn' has not been set explicitly, hence returning None.
2025-07-08 10:13:45,969:INFO:Engine for model 'rbfsvm' has not been set explicitly, hence returning None.
2025-07-08 10:13:45,997:WARNING:
'xgboost' is a soft dependency and not included in the pycaret installation. Please run: `pip install xgboost` to install.
Alternately, you can install this by running `pip install pycaret[models]`
2025-07-08 10:13:45,997:WARNING:
'catboost' is a soft dependency and not included in the pycaret installation. Please run: `pip install catboost` to install.
Alternately, you can install this by running `pip install pycaret[models]`
2025-07-08 10:13:46,046:INFO:Engine for model 'knn' has not been set explicitly, hence returning None.
2025-07-08 10:13:46,048:INFO:Engine for model 'rbfsvm' has not been set explicitly, hence returning None.
2025-07-08 10:13:46,075:WARNING:
'xgboost' is a soft dependency and not included in the pycaret installation. Please run: `pip install xgboost` to install.
Alternately, you can install this by running `pip install pycaret[models]`
2025-07-08 10:13:46,076:WARNING:
'catboost' is a soft dependency and not included in the pycaret installation. Please run: `pip install catboost` to install.
Alternately, you can install this by running `pip install pycaret[models]`
2025-07-08 10:13:46,076:INFO:Engine successfully changes for model 'knn' to 'sklearn'.
2025-07-08 10:13:46,124:INFO:Engine for model 'rbfsvm' has not been set explicitly, hence returning None.
2025-07-08 10:13:46,154:WARNING:
'xgboost' is a soft dependency and not included in the pycaret installation. Please run: `pip install xgboost` to install.
Alternately, you can install this by running `pip install pycaret[models]`
2025-07-08 10:13:46,154:WARNING:
'catboost' is a soft dependency and not included in the pycaret installation. Please run: `pip install catboost` to install.
Alternately, you can install this by running `pip install pycaret[models]`
2025-07-08 10:13:46,202:INFO:Engine for model 'rbfsvm' has not been set explicitly, hence returning None.
2025-07-08 10:13:46,231:WARNING:
'xgboost' is a soft dependency and not included in the pycaret installation. Please run: `pip install xgboost` to install.
Alternately, you can install this by running `pip install pycaret[models]`
2025-07-08 10:13:46,231:WARNING:
'catboost' is a soft dependency and not included in the pycaret installation. Please run: `pip install catboost` to install.
Alternately, you can install this by running `pip install pycaret[models]`
2025-07-08 10:13:46,232:INFO:Engine successfully changes for model 'rbfsvm' to 'sklearn'.
2025-07-08 10:13:46,308:WARNING:
'xgboost' is a soft dependency and not included in the pycaret installation. Please run: `pip install xgboost` to install.
Alternately, you can install this by running `pip install pycaret[models]`
2025-07-08 10:13:46,309:WARNING:
'catboost' is a soft dependency and not included in the pycaret installation. Please run: `pip install catboost` to install.
Alternately, you can install this by running `pip install pycaret[models]`
2025-07-08 10:13:46,387:WARNING:
'xgboost' is a soft dependency and not included in the pycaret installation. Please run: `pip install xgboost` to install.
Alternately, you can install this by running `pip install pycaret[models]`
2025-07-08 10:13:46,388:WARNING:
'catboost' is a soft dependency and not included in the pycaret installation. Please run: `pip install catboost` to install.
Alternately, you can install this by running `pip install pycaret[models]`
2025-07-08 10:13:46,389:INFO:Preparing preprocessing pipeline...
2025-07-08 10:13:46,391:INFO:Set up label encoding.
2025-07-08 10:13:46,391:INFO:Set up simple imputation.
2025-07-08 10:13:46,402:INFO:Set up encoding of ordinal features.
2025-07-08 10:13:46,405:INFO:Set up encoding of categorical features.
2025-07-08 10:13:46,407:INFO:Set up column name cleaning.
2025-07-08 10:13:46,718:INFO:Finished creating preprocessing pipeline.
2025-07-08 10:13:46,734:INFO:Pipeline: Pipeline(memory=FastMemory(location=C:\Users\fares\AppData\Local\Temp\joblib),
         steps=[('label_encoding',
                 TransformerWrapperWithInverse(exclude=None, include=None,
                                               transformer=LabelEncoder())),
                ('numerical_imputer',
                 TransformerWrapper(exclude=None,
                                    include=['age', 'duration', 'campaign',
                                             'pdays', 'previous',
                                             'emp.var.rate', 'cons.price.idx',
                                             'cons.conf.idx', 'euri...
                                    transformer=OneHotEncoder(cols=['job',
                                                                    'marital',
                                                                    'education',
                                                                    'default',
                                                                    'housing',
                                                                    'loan',
                                                                    'month',
                                                                    'day_of_week',
                                                                    'poutcome'],
                                                              drop_invariant=False,
                                                              handle_missing='return_nan',
                                                              handle_unknown='value',
                                                              return_df=True,
                                                              use_cat_names=True,
                                                              verbose=0))),
                ('clean_column_names',
                 TransformerWrapper(exclude=None, include=None,
                                    transformer=CleanColumnNames(match='[\\]\\[\\,\\{\\}\\"\\:]+')))],
         verbose=False)
2025-07-08 10:13:46,734:INFO:Creating final display dataframe.
2025-07-08 10:13:46,955:INFO:Setup _display_container:                     Description             Value
0                    Session id               123
1                        Target                 y
2                   Target type            Binary
3                Target mapping     no: 0, yes: 1
4           Original data shape       (41183, 21)
5        Transformed data shape       (41183, 63)
6   Transformed train set shape       (28828, 63)
7    Transformed test set shape       (12355, 63)
8              Numeric features                10
9          Categorical features                10
10                   Preprocess              True
11              Imputation type            simple
12           Numeric imputation              mean
13       Categorical imputation              mode
14     Maximum one-hot encoding                25
15              Encoding method              None
16               Fold Generator   StratifiedKFold
17                  Fold Number                10
18                     CPU Jobs                -1
19                      Use GPU             False
20               Log Experiment             False
21              Experiment Name  clf-default-name
22                          USI              50d1
2025-07-08 10:13:47,039:WARNING:
'xgboost' is a soft dependency and not included in the pycaret installation. Please run: `pip install xgboost` to install.
Alternately, you can install this by running `pip install pycaret[models]`
2025-07-08 10:13:47,039:WARNING:
'catboost' is a soft dependency and not included in the pycaret installation. Please run: `pip install catboost` to install.
Alternately, you can install this by running `pip install pycaret[models]`
2025-07-08 10:13:47,121:WARNING:
'xgboost' is a soft dependency and not included in the pycaret installation. Please run: `pip install xgboost` to install.
Alternately, you can install this by running `pip install pycaret[models]`
2025-07-08 10:13:47,121:WARNING:
'catboost' is a soft dependency and not included in the pycaret installation. Please run: `pip install catboost` to install.
Alternately, you can install this by running `pip install pycaret[models]`
2025-07-08 10:13:47,123:INFO:setup() successfully completed in 1.33s...............
2025-07-08 10:13:47,130:INFO:Initializing compare_models()
2025-07-08 10:13:47,130:INFO:compare_models(self=<pycaret.classification.oop.ClassificationExperiment object at 0x000001F47E0DEE90>, include=None, exclude=None, fold=None, round=4, cross_validation=True, sort=Accuracy, n_select=1, budget_time=None, turbo=True, errors=ignore, fit_kwargs=None, groups=None, experiment_custom_tags=None, probability_threshold=None, verbose=True, parallel=None, caller_params={'self': <pycaret.classification.oop.ClassificationExperiment object at 0x000001F47E0DEE90>, 'include': None, 'exclude': None, 'fold': None, 'round': 4, 'cross_validation': True, 'sort': 'Accuracy', 'n_select': 1, 'budget_time': None, 'turbo': True, 'errors': 'ignore', 'fit_kwargs': None, 'groups': None, 'experiment_custom_tags': None, 'probability_threshold': None, 'engine': None, 'verbose': True, 'parallel': None, '__class__': <class 'pycaret.classification.oop.ClassificationExperiment'>})
2025-07-08 10:13:47,130:INFO:Checking exceptions
2025-07-08 10:13:47,145:INFO:Preparing display monitor
2025-07-08 10:13:47,169:INFO:Initializing Logistic Regression
2025-07-08 10:13:47,169:INFO:Total runtime is 0.0 minutes
2025-07-08 10:13:47,172:INFO:SubProcess create_model() called ==================================
2025-07-08 10:13:47,172:INFO:Initializing create_model()
2025-07-08 10:13:47,172:INFO:create_model(self=<pycaret.classification.oop.ClassificationExperiment object at 0x000001F47E0DEE90>, estimator=lr, fold=StratifiedKFold(n_splits=10, random_state=None, shuffle=False), round=4, cross_validation=True, predict=True, fit_kwargs={}, groups=None, refit=False, probability_threshold=None, experiment_custom_tags=None, verbose=False, system=False, add_to_model_list=True, metrics=None, display=<pycaret.internal.display.display.CommonDisplay object at 0x000001F47E0860D0>, model_only=True, return_train_score=False, error_score=0.0, kwargs={})
2025-07-08 10:13:47,172:INFO:Checking exceptions
2025-07-08 10:13:47,172:INFO:Importing libraries
2025-07-08 10:13:47,173:INFO:Copying training dataset
2025-07-08 10:13:47,194:INFO:Defining folds
2025-07-08 10:13:47,194:INFO:Declaring metric variables
2025-07-08 10:13:47,198:INFO:Importing untrained model
2025-07-08 10:13:47,202:INFO:Logistic Regression Imported successfully
2025-07-08 10:13:47,208:INFO:Starting cross validation
2025-07-08 10:13:47,213:INFO:Cross validating with StratifiedKFold(n_splits=10, random_state=None, shuffle=False), n_jobs=-1
2025-07-08 10:14:00,243:WARNING:C:\Users\fares\anaconda3\envs\pycaret-env\Lib\site-packages\sklearn\linear_model\_logistic.py:469: ConvergenceWarning: lbfgs failed to converge (status=1):
STOP: TOTAL NO. of ITERATIONS REACHED LIMIT.

Increase the number of iterations (max_iter) or scale the data as shown in:
    https://scikit-learn.org/stable/modules/preprocessing.html
Please also refer to the documentation for alternative solver options:
    https://scikit-learn.org/stable/modules/linear_model.html#logistic-regression
  n_iter_i = _check_optimize_result(

2025-07-08 10:14:00,328:WARNING:C:\Users\fares\anaconda3\envs\pycaret-env\Lib\site-packages\sklearn\linear_model\_logistic.py:469: ConvergenceWarning: lbfgs failed to converge (status=1):
STOP: TOTAL NO. of ITERATIONS REACHED LIMIT.

Increase the number of iterations (max_iter) or scale the data as shown in:
    https://scikit-learn.org/stable/modules/preprocessing.html
Please also refer to the documentation for alternative solver options:
    https://scikit-learn.org/stable/modules/linear_model.html#logistic-regression
  n_iter_i = _check_optimize_result(

2025-07-08 10:14:00,371:WARNING:C:\Users\fares\anaconda3\envs\pycaret-env\Lib\site-packages\sklearn\linear_model\_logistic.py:469: ConvergenceWarning: lbfgs failed to converge (status=1):
STOP: TOTAL NO. of ITERATIONS REACHED LIMIT.

Increase the number of iterations (max_iter) or scale the data as shown in:
    https://scikit-learn.org/stable/modules/preprocessing.html
Please also refer to the documentation for alternative solver options:
    https://scikit-learn.org/stable/modules/linear_model.html#logistic-regression
  n_iter_i = _check_optimize_result(

2025-07-08 10:14:00,372:WARNING:C:\Users\fares\anaconda3\envs\pycaret-env\Lib\site-packages\sklearn\linear_model\_logistic.py:469: ConvergenceWarning: lbfgs failed to converge (status=1):
STOP: TOTAL NO. of ITERATIONS REACHED LIMIT.

Increase the number of iterations (max_iter) or scale the data as shown in:
    https://scikit-learn.org/stable/modules/preprocessing.html
Please also refer to the documentation for alternative solver options:
    https://scikit-learn.org/stable/modules/linear_model.html#logistic-regression
  n_iter_i = _check_optimize_result(

2025-07-08 10:14:00,425:WARNING:C:\Users\fares\anaconda3\envs\pycaret-env\Lib\site-packages\sklearn\linear_model\_logistic.py:469: ConvergenceWarning: lbfgs failed to converge (status=1):
STOP: TOTAL NO. of ITERATIONS REACHED LIMIT.

Increase the number of iterations (max_iter) or scale the data as shown in:
    https://scikit-learn.org/stable/modules/preprocessing.html
Please also refer to the documentation for alternative solver options:
    https://scikit-learn.org/stable/modules/linear_model.html#logistic-regression
  n_iter_i = _check_optimize_result(

2025-07-08 10:14:00,462:WARNING:C:\Users\fares\anaconda3\envs\pycaret-env\Lib\site-packages\sklearn\linear_model\_logistic.py:469: ConvergenceWarning: lbfgs failed to converge (status=1):
STOP: TOTAL NO. of ITERATIONS REACHED LIMIT.

Increase the number of iterations (max_iter) or scale the data as shown in:
    https://scikit-learn.org/stable/modules/preprocessing.html
Please also refer to the documentation for alternative solver options:
    https://scikit-learn.org/stable/modules/linear_model.html#logistic-regression
  n_iter_i = _check_optimize_result(

2025-07-08 10:14:00,484:WARNING:C:\Users\fares\anaconda3\envs\pycaret-env\Lib\site-packages\sklearn\metrics\_classification.py:1561: UserWarning: Note that pos_label (set to 'yes') is ignored when average != 'binary' (got 'weighted'). You may use labels=[pos_label] to specify a single positive class.
  warnings.warn(

2025-07-08 10:14:00,495:WARNING:C:\Users\fares\anaconda3\envs\pycaret-env\Lib\site-packages\sklearn\linear_model\_logistic.py:469: ConvergenceWarning: lbfgs failed to converge (status=1):
STOP: TOTAL NO. of ITERATIONS REACHED LIMIT.

Increase the number of iterations (max_iter) or scale the data as shown in:
    https://scikit-learn.org/stable/modules/preprocessing.html
Please also refer to the documentation for alternative solver options:
    https://scikit-learn.org/stable/modules/linear_model.html#logistic-regression
  n_iter_i = _check_optimize_result(

2025-07-08 10:14:00,506:WARNING:C:\Users\fares\anaconda3\envs\pycaret-env\Lib\site-packages\sklearn\linear_model\_logistic.py:469: ConvergenceWarning: lbfgs failed to converge (status=1):
STOP: TOTAL NO. of ITERATIONS REACHED LIMIT.

Increase the number of iterations (max_iter) or scale the data as shown in:
    https://scikit-learn.org/stable/modules/preprocessing.html
Please also refer to the documentation for alternative solver options:
    https://scikit-learn.org/stable/modules/linear_model.html#logistic-regression
  n_iter_i = _check_optimize_result(

2025-07-08 10:14:00,518:WARNING:C:\Users\fares\anaconda3\envs\pycaret-env\Lib\site-packages\sklearn\metrics\_classification.py:1561: UserWarning: Note that pos_label (set to 'yes') is ignored when average != 'binary' (got 'weighted'). You may use labels=[pos_label] to specify a single positive class.
  warnings.warn(

2025-07-08 10:14:00,524:WARNING:C:\Users\fares\anaconda3\envs\pycaret-env\Lib\site-packages\sklearn\metrics\_classification.py:1561: UserWarning: Note that pos_label (set to 'yes') is ignored when average != 'binary' (got 'weighted'). You may use labels=[pos_label] to specify a single positive class.
  warnings.warn(

2025-07-08 10:14:00,545:WARNING:C:\Users\fares\anaconda3\envs\pycaret-env\Lib\site-packages\sklearn\linear_model\_logistic.py:469: ConvergenceWarning: lbfgs failed to converge (status=1):
STOP: TOTAL NO. of ITERATIONS REACHED LIMIT.

Increase the number of iterations (max_iter) or scale the data as shown in:
    https://scikit-learn.org/stable/modules/preprocessing.html
Please also refer to the documentation for alternative solver options:
    https://scikit-learn.org/stable/modules/linear_model.html#logistic-regression
  n_iter_i = _check_optimize_result(

2025-07-08 10:14:00,546:WARNING:C:\Users\fares\anaconda3\envs\pycaret-env\Lib\site-packages\sklearn\metrics\_classification.py:1561: UserWarning: Note that pos_label (set to 'yes') is ignored when average != 'binary' (got 'weighted'). You may use labels=[pos_label] to specify a single positive class.
  warnings.warn(

2025-07-08 10:14:00,548:WARNING:C:\Users\fares\anaconda3\envs\pycaret-env\Lib\site-packages\sklearn\metrics\_classification.py:1561: UserWarning: Note that pos_label (set to 'yes') is ignored when average != 'binary' (got 'weighted'). You may use labels=[pos_label] to specify a single positive class.
  warnings.warn(

2025-07-08 10:14:00,549:WARNING:C:\Users\fares\anaconda3\envs\pycaret-env\Lib\site-packages\sklearn\metrics\_classification.py:1561: UserWarning: Note that pos_label (set to 'yes') is ignored when average != 'binary' (got 'weighted'). You may use labels=[pos_label] to specify a single positive class.
  warnings.warn(

2025-07-08 10:14:00,555:WARNING:C:\Users\fares\anaconda3\envs\pycaret-env\Lib\site-packages\sklearn\metrics\_classification.py:1561: UserWarning: Note that pos_label (set to 'yes') is ignored when average != 'binary' (got 'weighted'). You may use labels=[pos_label] to specify a single positive class.
  warnings.warn(

2025-07-08 10:14:00,575:WARNING:C:\Users\fares\anaconda3\envs\pycaret-env\Lib\site-packages\sklearn\metrics\_classification.py:1561: UserWarning: Note that pos_label (set to 'yes') is ignored when average != 'binary' (got 'weighted'). You may use labels=[pos_label] to specify a single positive class.
  warnings.warn(

2025-07-08 10:14:00,581:WARNING:C:\Users\fares\anaconda3\envs\pycaret-env\Lib\site-packages\sklearn\metrics\_classification.py:1561: UserWarning: Note that pos_label (set to 'yes') is ignored when average != 'binary' (got 'weighted'). You may use labels=[pos_label] to specify a single positive class.
  warnings.warn(

2025-07-08 10:14:00,590:WARNING:C:\Users\fares\anaconda3\envs\pycaret-env\Lib\site-packages\sklearn\metrics\_classification.py:1561: UserWarning: Note that pos_label (set to 'yes') is ignored when average != 'binary' (got 'weighted'). You may use labels=[pos_label] to specify a single positive class.
  warnings.warn(

2025-07-08 10:14:00,591:WARNING:C:\Users\fares\anaconda3\envs\pycaret-env\Lib\site-packages\sklearn\linear_model\_logistic.py:469: ConvergenceWarning: lbfgs failed to converge (status=1):
STOP: TOTAL NO. of ITERATIONS REACHED LIMIT.

Increase the number of iterations (max_iter) or scale the data as shown in:
    https://scikit-learn.org/stable/modules/preprocessing.html
Please also refer to the documentation for alternative solver options:
    https://scikit-learn.org/stable/modules/linear_model.html#logistic-regression
  n_iter_i = _check_optimize_result(

2025-07-08 10:14:00,592:WARNING:C:\Users\fares\anaconda3\envs\pycaret-env\Lib\site-packages\sklearn\metrics\_classification.py:1561: UserWarning: Note that pos_label (set to 'yes') is ignored when average != 'binary' (got 'weighted'). You may use labels=[pos_label] to specify a single positive class.
  warnings.warn(

2025-07-08 10:14:00,609:WARNING:C:\Users\fares\anaconda3\envs\pycaret-env\Lib\site-packages\sklearn\metrics\_classification.py:1561: UserWarning: Note that pos_label (set to 'yes') is ignored when average != 'binary' (got 'weighted'). You may use labels=[pos_label] to specify a single positive class.
  warnings.warn(

2025-07-08 10:14:00,616:WARNING:C:\Users\fares\anaconda3\envs\pycaret-env\Lib\site-packages\sklearn\metrics\_classification.py:1561: UserWarning: Note that pos_label (set to 'yes') is ignored when average != 'binary' (got 'weighted'). You may use labels=[pos_label] to specify a single positive class.
  warnings.warn(

2025-07-08 10:14:00,616:WARNING:C:\Users\fares\anaconda3\envs\pycaret-env\Lib\site-packages\sklearn\metrics\_classification.py:1561: UserWarning: Note that pos_label (set to 'yes') is ignored when average != 'binary' (got 'weighted'). You may use labels=[pos_label] to specify a single positive class.
  warnings.warn(

2025-07-08 10:14:00,627:WARNING:C:\Users\fares\anaconda3\envs\pycaret-env\Lib\site-packages\sklearn\metrics\_classification.py:1561: UserWarning: Note that pos_label (set to 'yes') is ignored when average != 'binary' (got 'weighted'). You may use labels=[pos_label] to specify a single positive class.
  warnings.warn(

2025-07-08 10:14:00,630:WARNING:C:\Users\fares\anaconda3\envs\pycaret-env\Lib\site-packages\sklearn\metrics\_classification.py:1561: UserWarning: Note that pos_label (set to 'yes') is ignored when average != 'binary' (got 'weighted'). You may use labels=[pos_label] to specify a single positive class.
  warnings.warn(

2025-07-08 10:14:00,635:WARNING:C:\Users\fares\anaconda3\envs\pycaret-env\Lib\site-packages\sklearn\metrics\_classification.py:1561: UserWarning: Note that pos_label (set to 'yes') is ignored when average != 'binary' (got 'weighted'). You may use labels=[pos_label] to specify a single positive class.
  warnings.warn(

2025-07-08 10:14:00,648:WARNING:C:\Users\fares\anaconda3\envs\pycaret-env\Lib\site-packages\sklearn\metrics\_classification.py:1561: UserWarning: Note that pos_label (set to 'yes') is ignored when average != 'binary' (got 'weighted'). You may use labels=[pos_label] to specify a single positive class.
  warnings.warn(

2025-07-08 10:14:00,650:WARNING:C:\Users\fares\anaconda3\envs\pycaret-env\Lib\site-packages\sklearn\metrics\_classification.py:1561: UserWarning: Note that pos_label (set to 'yes') is ignored when average != 'binary' (got 'weighted'). You may use labels=[pos_label] to specify a single positive class.
  warnings.warn(

2025-07-08 10:14:00,662:WARNING:C:\Users\fares\anaconda3\envs\pycaret-env\Lib\site-packages\sklearn\metrics\_classification.py:1561: UserWarning: Note that pos_label (set to 'yes') is ignored when average != 'binary' (got 'weighted'). You may use labels=[pos_label] to specify a single positive class.
  warnings.warn(

2025-07-08 10:14:00,664:WARNING:C:\Users\fares\anaconda3\envs\pycaret-env\Lib\site-packages\sklearn\metrics\_classification.py:1561: UserWarning: Note that pos_label (set to 'yes') is ignored when average != 'binary' (got 'weighted'). You may use labels=[pos_label] to specify a single positive class.
  warnings.warn(

2025-07-08 10:14:00,675:WARNING:C:\Users\fares\anaconda3\envs\pycaret-env\Lib\site-packages\sklearn\metrics\_classification.py:1561: UserWarning: Note that pos_label (set to 'yes') is ignored when average != 'binary' (got 'weighted'). You may use labels=[pos_label] to specify a single positive class.
  warnings.warn(

2025-07-08 10:14:00,679:WARNING:C:\Users\fares\anaconda3\envs\pycaret-env\Lib\site-packages\sklearn\metrics\_classification.py:1561: UserWarning: Note that pos_label (set to 'yes') is ignored when average != 'binary' (got 'weighted'). You may use labels=[pos_label] to specify a single positive class.
  warnings.warn(

2025-07-08 10:14:00,680:WARNING:C:\Users\fares\anaconda3\envs\pycaret-env\Lib\site-packages\sklearn\metrics\_classification.py:1561: UserWarning: Note that pos_label (set to 'yes') is ignored when average != 'binary' (got 'weighted'). You may use labels=[pos_label] to specify a single positive class.
  warnings.warn(

2025-07-08 10:14:00,701:WARNING:C:\Users\fares\anaconda3\envs\pycaret-env\Lib\site-packages\sklearn\metrics\_classification.py:1561: UserWarning: Note that pos_label (set to 'yes') is ignored when average != 'binary' (got 'weighted'). You may use labels=[pos_label] to specify a single positive class.
  warnings.warn(

2025-07-08 10:14:00,706:WARNING:C:\Users\fares\anaconda3\envs\pycaret-env\Lib\site-packages\sklearn\metrics\_classification.py:1561: UserWarning: Note that pos_label (set to 'yes') is ignored when average != 'binary' (got 'weighted'). You may use labels=[pos_label] to specify a single positive class.
  warnings.warn(

2025-07-08 10:14:00,715:WARNING:C:\Users\fares\anaconda3\envs\pycaret-env\Lib\site-packages\sklearn\metrics\_classification.py:1561: UserWarning: Note that pos_label (set to 'yes') is ignored when average != 'binary' (got 'weighted'). You may use labels=[pos_label] to specify a single positive class.
  warnings.warn(

2025-07-08 10:14:00,740:WARNING:C:\Users\fares\anaconda3\envs\pycaret-env\Lib\site-packages\sklearn\metrics\_classification.py:1561: UserWarning: Note that pos_label (set to 'yes') is ignored when average != 'binary' (got 'weighted'). You may use labels=[pos_label] to specify a single positive class.
  warnings.warn(

2025-07-08 10:14:00,742:WARNING:C:\Users\fares\anaconda3\envs\pycaret-env\Lib\site-packages\sklearn\metrics\_classification.py:1561: UserWarning: Note that pos_label (set to 'yes') is ignored when average != 'binary' (got 'weighted'). You may use labels=[pos_label] to specify a single positive class.
  warnings.warn(

2025-07-08 10:14:00,773:WARNING:C:\Users\fares\anaconda3\envs\pycaret-env\Lib\site-packages\sklearn\metrics\_classification.py:1561: UserWarning: Note that pos_label (set to 'yes') is ignored when average != 'binary' (got 'weighted'). You may use labels=[pos_label] to specify a single positive class.
  warnings.warn(

2025-07-08 10:14:00,823:INFO:Calculating mean and std
2025-07-08 10:14:00,825:INFO:Creating metrics dataframe
2025-07-08 10:14:00,828:INFO:Uploading results into container
2025-07-08 10:14:00,828:INFO:Uploading model into container now
2025-07-08 10:14:00,829:INFO:_master_model_container: 1
2025-07-08 10:14:00,829:INFO:_display_container: 2
2025-07-08 10:14:00,830:INFO:LogisticRegression(C=1.0, class_weight=None, dual=False, fit_intercept=True,
                   intercept_scaling=1, l1_ratio=None, max_iter=1000,
                   multi_class='auto', n_jobs=None, penalty='l2',
                   random_state=123, solver='lbfgs', tol=0.0001, verbose=0,
                   warm_start=False)
2025-07-08 10:14:00,830:INFO:create_model() successfully completed......................................
2025-07-08 10:14:00,937:INFO:SubProcess create_model() end ==================================
2025-07-08 10:14:00,937:INFO:Creating metrics dataframe
2025-07-08 10:14:00,945:INFO:Initializing K Neighbors Classifier
2025-07-08 10:14:00,945:INFO:Total runtime is 0.22959888776143392 minutes
2025-07-08 10:14:00,950:INFO:SubProcess create_model() called ==================================
2025-07-08 10:14:00,951:INFO:Initializing create_model()
2025-07-08 10:14:00,951:INFO:create_model(self=<pycaret.classification.oop.ClassificationExperiment object at 0x000001F47E0DEE90>, estimator=knn, fold=StratifiedKFold(n_splits=10, random_state=None, shuffle=False), round=4, cross_validation=True, predict=True, fit_kwargs={}, groups=None, refit=False, probability_threshold=None, experiment_custom_tags=None, verbose=False, system=False, add_to_model_list=True, metrics=None, display=<pycaret.internal.display.display.CommonDisplay object at 0x000001F47E0860D0>, model_only=True, return_train_score=False, error_score=0.0, kwargs={})
2025-07-08 10:14:00,951:INFO:Checking exceptions
2025-07-08 10:14:00,951:INFO:Importing libraries
2025-07-08 10:14:00,951:INFO:Copying training dataset
2025-07-08 10:14:00,975:INFO:Defining folds
2025-07-08 10:14:00,976:INFO:Declaring metric variables
2025-07-08 10:14:00,979:INFO:Importing untrained model
2025-07-08 10:14:00,983:INFO:K Neighbors Classifier Imported successfully
2025-07-08 10:14:00,990:INFO:Starting cross validation
2025-07-08 10:14:00,994:INFO:Cross validating with StratifiedKFold(n_splits=10, random_state=None, shuffle=False), n_jobs=-1
2025-07-08 10:14:04,056:WARNING:C:\Users\fares\anaconda3\envs\pycaret-env\Lib\site-packages\sklearn\metrics\_classification.py:1561: UserWarning: Note that pos_label (set to 'yes') is ignored when average != 'binary' (got 'weighted'). You may use labels=[pos_label] to specify a single positive class.
  warnings.warn(

2025-07-08 10:14:04,061:WARNING:C:\Users\fares\anaconda3\envs\pycaret-env\Lib\site-packages\sklearn\metrics\_classification.py:1561: UserWarning: Note that pos_label (set to 'yes') is ignored when average != 'binary' (got 'weighted'). You may use labels=[pos_label] to specify a single positive class.
  warnings.warn(

2025-07-08 10:14:04,063:WARNING:C:\Users\fares\anaconda3\envs\pycaret-env\Lib\site-packages\sklearn\metrics\_classification.py:1561: UserWarning: Note that pos_label (set to 'yes') is ignored when average != 'binary' (got 'weighted'). You may use labels=[pos_label] to specify a single positive class.
  warnings.warn(

2025-07-08 10:14:04,079:WARNING:C:\Users\fares\anaconda3\envs\pycaret-env\Lib\site-packages\sklearn\metrics\_classification.py:1561: UserWarning: Note that pos_label (set to 'yes') is ignored when average != 'binary' (got 'weighted'). You may use labels=[pos_label] to specify a single positive class.
  warnings.warn(

2025-07-08 10:14:04,089:WARNING:C:\Users\fares\anaconda3\envs\pycaret-env\Lib\site-packages\sklearn\metrics\_classification.py:1561: UserWarning: Note that pos_label (set to 'yes') is ignored when average != 'binary' (got 'weighted'). You may use labels=[pos_label] to specify a single positive class.
  warnings.warn(

2025-07-08 10:14:04,090:WARNING:C:\Users\fares\anaconda3\envs\pycaret-env\Lib\site-packages\sklearn\metrics\_classification.py:1561: UserWarning: Note that pos_label (set to 'yes') is ignored when average != 'binary' (got 'weighted'). You may use labels=[pos_label] to specify a single positive class.
  warnings.warn(

2025-07-08 10:14:04,095:WARNING:C:\Users\fares\anaconda3\envs\pycaret-env\Lib\site-packages\sklearn\metrics\_classification.py:1561: UserWarning: Note that pos_label (set to 'yes') is ignored when average != 'binary' (got 'weighted'). You may use labels=[pos_label] to specify a single positive class.
  warnings.warn(

2025-07-08 10:14:04,108:WARNING:C:\Users\fares\anaconda3\envs\pycaret-env\Lib\site-packages\sklearn\metrics\_classification.py:1561: UserWarning: Note that pos_label (set to 'yes') is ignored when average != 'binary' (got 'weighted'). You may use labels=[pos_label] to specify a single positive class.
  warnings.warn(

2025-07-08 10:14:04,115:WARNING:C:\Users\fares\anaconda3\envs\pycaret-env\Lib\site-packages\sklearn\metrics\_classification.py:1561: UserWarning: Note that pos_label (set to 'yes') is ignored when average != 'binary' (got 'weighted'). You may use labels=[pos_label] to specify a single positive class.
  warnings.warn(

2025-07-08 10:14:04,124:WARNING:C:\Users\fares\anaconda3\envs\pycaret-env\Lib\site-packages\sklearn\metrics\_classification.py:1561: UserWarning: Note that pos_label (set to 'yes') is ignored when average != 'binary' (got 'weighted'). You may use labels=[pos_label] to specify a single positive class.
  warnings.warn(

2025-07-08 10:14:04,125:WARNING:C:\Users\fares\anaconda3\envs\pycaret-env\Lib\site-packages\sklearn\metrics\_classification.py:1561: UserWarning: Note that pos_label (set to 'yes') is ignored when average != 'binary' (got 'weighted'). You may use labels=[pos_label] to specify a single positive class.
  warnings.warn(

2025-07-08 10:14:04,138:WARNING:C:\Users\fares\anaconda3\envs\pycaret-env\Lib\site-packages\sklearn\metrics\_classification.py:1561: UserWarning: Note that pos_label (set to 'yes') is ignored when average != 'binary' (got 'weighted'). You may use labels=[pos_label] to specify a single positive class.
  warnings.warn(

2025-07-08 10:14:07,762:WARNING:C:\Users\fares\anaconda3\envs\pycaret-env\Lib\site-packages\sklearn\metrics\_classification.py:1561: UserWarning: Note that pos_label (set to 'yes') is ignored when average != 'binary' (got 'weighted'). You may use labels=[pos_label] to specify a single positive class.
  warnings.warn(

2025-07-08 10:14:07,764:WARNING:C:\Users\fares\anaconda3\envs\pycaret-env\Lib\site-packages\sklearn\metrics\_classification.py:1561: UserWarning: Note that pos_label (set to 'yes') is ignored when average != 'binary' (got 'weighted'). You may use labels=[pos_label] to specify a single positive class.
  warnings.warn(

2025-07-08 10:14:07,775:WARNING:C:\Users\fares\anaconda3\envs\pycaret-env\Lib\site-packages\sklearn\metrics\_classification.py:1561: UserWarning: Note that pos_label (set to 'yes') is ignored when average != 'binary' (got 'weighted'). You may use labels=[pos_label] to specify a single positive class.
  warnings.warn(

2025-07-08 10:14:07,776:WARNING:C:\Users\fares\anaconda3\envs\pycaret-env\Lib\site-packages\sklearn\metrics\_classification.py:1561: UserWarning: Note that pos_label (set to 'yes') is ignored when average != 'binary' (got 'weighted'). You may use labels=[pos_label] to specify a single positive class.
  warnings.warn(

2025-07-08 10:14:07,780:WARNING:C:\Users\fares\anaconda3\envs\pycaret-env\Lib\site-packages\sklearn\metrics\_classification.py:1561: UserWarning: Note that pos_label (set to 'yes') is ignored when average != 'binary' (got 'weighted'). You may use labels=[pos_label] to specify a single positive class.
  warnings.warn(

2025-07-08 10:14:07,783:WARNING:C:\Users\fares\anaconda3\envs\pycaret-env\Lib\site-packages\sklearn\metrics\_classification.py:1561: UserWarning: Note that pos_label (set to 'yes') is ignored when average != 'binary' (got 'weighted'). You may use labels=[pos_label] to specify a single positive class.
  warnings.warn(

2025-07-08 10:14:07,799:WARNING:C:\Users\fares\anaconda3\envs\pycaret-env\Lib\site-packages\sklearn\metrics\_classification.py:1561: UserWarning: Note that pos_label (set to 'yes') is ignored when average != 'binary' (got 'weighted'). You may use labels=[pos_label] to specify a single positive class.
  warnings.warn(

2025-07-08 10:14:07,801:WARNING:C:\Users\fares\anaconda3\envs\pycaret-env\Lib\site-packages\sklearn\metrics\_classification.py:1561: UserWarning: Note that pos_label (set to 'yes') is ignored when average != 'binary' (got 'weighted'). You may use labels=[pos_label] to specify a single positive class.
  warnings.warn(

2025-07-08 10:14:07,806:WARNING:C:\Users\fares\anaconda3\envs\pycaret-env\Lib\site-packages\sklearn\metrics\_classification.py:1561: UserWarning: Note that pos_label (set to 'yes') is ignored when average != 'binary' (got 'weighted'). You may use labels=[pos_label] to specify a single positive class.
  warnings.warn(

2025-07-08 10:14:07,810:WARNING:C:\Users\fares\anaconda3\envs\pycaret-env\Lib\site-packages\sklearn\metrics\_classification.py:1561: UserWarning: Note that pos_label (set to 'yes') is ignored when average != 'binary' (got 'weighted'). You may use labels=[pos_label] to specify a single positive class.
  warnings.warn(

2025-07-08 10:14:07,811:WARNING:C:\Users\fares\anaconda3\envs\pycaret-env\Lib\site-packages\sklearn\metrics\_classification.py:1561: UserWarning: Note that pos_label (set to 'yes') is ignored when average != 'binary' (got 'weighted'). You may use labels=[pos_label] to specify a single positive class.
  warnings.warn(

2025-07-08 10:14:07,817:WARNING:C:\Users\fares\anaconda3\envs\pycaret-env\Lib\site-packages\sklearn\metrics\_classification.py:1561: UserWarning: Note that pos_label (set to 'yes') is ignored when average != 'binary' (got 'weighted'). You may use labels=[pos_label] to specify a single positive class.
  warnings.warn(

2025-07-08 10:14:07,822:WARNING:C:\Users\fares\anaconda3\envs\pycaret-env\Lib\site-packages\sklearn\metrics\_classification.py:1561: UserWarning: Note that pos_label (set to 'yes') is ignored when average != 'binary' (got 'weighted'). You may use labels=[pos_label] to specify a single positive class.
  warnings.warn(

2025-07-08 10:14:07,830:WARNING:C:\Users\fares\anaconda3\envs\pycaret-env\Lib\site-packages\sklearn\metrics\_classification.py:1561: UserWarning: Note that pos_label (set to 'yes') is ignored when average != 'binary' (got 'weighted'). You may use labels=[pos_label] to specify a single positive class.
  warnings.warn(

2025-07-08 10:14:07,835:WARNING:C:\Users\fares\anaconda3\envs\pycaret-env\Lib\site-packages\sklearn\metrics\_classification.py:1561: UserWarning: Note that pos_label (set to 'yes') is ignored when average != 'binary' (got 'weighted'). You may use labels=[pos_label] to specify a single positive class.
  warnings.warn(

2025-07-08 10:14:07,843:WARNING:C:\Users\fares\anaconda3\envs\pycaret-env\Lib\site-packages\sklearn\metrics\_classification.py:1561: UserWarning: Note that pos_label (set to 'yes') is ignored when average != 'binary' (got 'weighted'). You may use labels=[pos_label] to specify a single positive class.
  warnings.warn(

2025-07-08 10:14:07,844:WARNING:C:\Users\fares\anaconda3\envs\pycaret-env\Lib\site-packages\sklearn\metrics\_classification.py:1561: UserWarning: Note that pos_label (set to 'yes') is ignored when average != 'binary' (got 'weighted'). You may use labels=[pos_label] to specify a single positive class.
  warnings.warn(

2025-07-08 10:14:07,850:WARNING:C:\Users\fares\anaconda3\envs\pycaret-env\Lib\site-packages\sklearn\metrics\_classification.py:1561: UserWarning: Note that pos_label (set to 'yes') is ignored when average != 'binary' (got 'weighted'). You may use labels=[pos_label] to specify a single positive class.
  warnings.warn(

2025-07-08 10:14:07,904:INFO:Calculating mean and std
2025-07-08 10:14:07,907:INFO:Creating metrics dataframe
2025-07-08 10:14:07,909:INFO:Uploading results into container
2025-07-08 10:14:07,911:INFO:Uploading model into container now
2025-07-08 10:14:07,911:INFO:_master_model_container: 2
2025-07-08 10:14:07,912:INFO:_display_container: 2
2025-07-08 10:14:07,912:INFO:KNeighborsClassifier(algorithm='auto', leaf_size=30, metric='minkowski',
                     metric_params=None, n_jobs=-1, n_neighbors=5, p=2,
                     weights='uniform')
2025-07-08 10:14:07,912:INFO:create_model() successfully completed......................................
2025-07-08 10:14:08,027:INFO:SubProcess create_model() end ==================================
2025-07-08 10:14:08,027:INFO:Creating metrics dataframe
2025-07-08 10:14:08,035:INFO:Initializing Naive Bayes
2025-07-08 10:14:08,035:INFO:Total runtime is 0.3477586627006531 minutes
2025-07-08 10:14:08,040:INFO:SubProcess create_model() called ==================================
2025-07-08 10:14:08,040:INFO:Initializing create_model()
2025-07-08 10:14:08,040:INFO:create_model(self=<pycaret.classification.oop.ClassificationExperiment object at 0x000001F47E0DEE90>, estimator=nb, fold=StratifiedKFold(n_splits=10, random_state=None, shuffle=False), round=4, cross_validation=True, predict=True, fit_kwargs={}, groups=None, refit=False, probability_threshold=None, experiment_custom_tags=None, verbose=False, system=False, add_to_model_list=True, metrics=None, display=<pycaret.internal.display.display.CommonDisplay object at 0x000001F47E0860D0>, model_only=True, return_train_score=False, error_score=0.0, kwargs={})
2025-07-08 10:14:08,040:INFO:Checking exceptions
2025-07-08 10:14:08,041:INFO:Importing libraries
2025-07-08 10:14:08,041:INFO:Copying training dataset
2025-07-08 10:14:08,061:INFO:Defining folds
2025-07-08 10:14:08,061:INFO:Declaring metric variables
2025-07-08 10:14:08,066:INFO:Importing untrained model
2025-07-08 10:14:08,069:INFO:Naive Bayes Imported successfully
2025-07-08 10:14:08,074:INFO:Starting cross validation
2025-07-08 10:14:08,078:INFO:Cross validating with StratifiedKFold(n_splits=10, random_state=None, shuffle=False), n_jobs=-1
2025-07-08 10:14:09,338:WARNING:C:\Users\fares\anaconda3\envs\pycaret-env\Lib\site-packages\sklearn\metrics\_classification.py:1561: UserWarning: Note that pos_label (set to 'yes') is ignored when average != 'binary' (got 'weighted'). You may use labels=[pos_label] to specify a single positive class.
  warnings.warn(

2025-07-08 10:14:09,344:WARNING:C:\Users\fares\anaconda3\envs\pycaret-env\Lib\site-packages\sklearn\metrics\_classification.py:1561: UserWarning: Note that pos_label (set to 'yes') is ignored when average != 'binary' (got 'weighted'). You may use labels=[pos_label] to specify a single positive class.
  warnings.warn(

2025-07-08 10:14:09,345:WARNING:C:\Users\fares\anaconda3\envs\pycaret-env\Lib\site-packages\sklearn\metrics\_classification.py:1561: UserWarning: Note that pos_label (set to 'yes') is ignored when average != 'binary' (got 'weighted'). You may use labels=[pos_label] to specify a single positive class.
  warnings.warn(

2025-07-08 10:14:09,348:WARNING:C:\Users\fares\anaconda3\envs\pycaret-env\Lib\site-packages\sklearn\metrics\_classification.py:1561: UserWarning: Note that pos_label (set to 'yes') is ignored when average != 'binary' (got 'weighted'). You may use labels=[pos_label] to specify a single positive class.
  warnings.warn(

2025-07-08 10:14:09,367:WARNING:C:\Users\fares\anaconda3\envs\pycaret-env\Lib\site-packages\sklearn\metrics\_classification.py:1561: UserWarning: Note that pos_label (set to 'yes') is ignored when average != 'binary' (got 'weighted'). You may use labels=[pos_label] to specify a single positive class.
  warnings.warn(

2025-07-08 10:14:09,368:WARNING:C:\Users\fares\anaconda3\envs\pycaret-env\Lib\site-packages\sklearn\metrics\_classification.py:1561: UserWarning: Note that pos_label (set to 'yes') is ignored when average != 'binary' (got 'weighted'). You may use labels=[pos_label] to specify a single positive class.
  warnings.warn(

2025-07-08 10:14:09,369:WARNING:C:\Users\fares\anaconda3\envs\pycaret-env\Lib\site-packages\sklearn\metrics\_classification.py:1561: UserWarning: Note that pos_label (set to 'yes') is ignored when average != 'binary' (got 'weighted'). You may use labels=[pos_label] to specify a single positive class.
  warnings.warn(

2025-07-08 10:14:09,378:WARNING:C:\Users\fares\anaconda3\envs\pycaret-env\Lib\site-packages\sklearn\metrics\_classification.py:1561: UserWarning: Note that pos_label (set to 'yes') is ignored when average != 'binary' (got 'weighted'). You may use labels=[pos_label] to specify a single positive class.
  warnings.warn(

2025-07-08 10:14:09,379:WARNING:C:\Users\fares\anaconda3\envs\pycaret-env\Lib\site-packages\sklearn\metrics\_classification.py:1561: UserWarning: Note that pos_label (set to 'yes') is ignored when average != 'binary' (got 'weighted'). You may use labels=[pos_label] to specify a single positive class.
  warnings.warn(

2025-07-08 10:14:09,380:WARNING:C:\Users\fares\anaconda3\envs\pycaret-env\Lib\site-packages\sklearn\metrics\_classification.py:1561: UserWarning: Note that pos_label (set to 'yes') is ignored when average != 'binary' (got 'weighted'). You may use labels=[pos_label] to specify a single positive class.
  warnings.warn(

2025-07-08 10:14:09,392:WARNING:C:\Users\fares\anaconda3\envs\pycaret-env\Lib\site-packages\sklearn\metrics\_classification.py:1561: UserWarning: Note that pos_label (set to 'yes') is ignored when average != 'binary' (got 'weighted'). You may use labels=[pos_label] to specify a single positive class.
  warnings.warn(

2025-07-08 10:14:09,392:WARNING:C:\Users\fares\anaconda3\envs\pycaret-env\Lib\site-packages\sklearn\metrics\_classification.py:1561: UserWarning: Note that pos_label (set to 'yes') is ignored when average != 'binary' (got 'weighted'). You may use labels=[pos_label] to specify a single positive class.
  warnings.warn(

2025-07-08 10:14:09,398:WARNING:C:\Users\fares\anaconda3\envs\pycaret-env\Lib\site-packages\sklearn\metrics\_classification.py:1561: UserWarning: Note that pos_label (set to 'yes') is ignored when average != 'binary' (got 'weighted'). You may use labels=[pos_label] to specify a single positive class.
  warnings.warn(

2025-07-08 10:14:09,398:WARNING:C:\Users\fares\anaconda3\envs\pycaret-env\Lib\site-packages\sklearn\metrics\_classification.py:1561: UserWarning: Note that pos_label (set to 'yes') is ignored when average != 'binary' (got 'weighted'). You may use labels=[pos_label] to specify a single positive class.
  warnings.warn(

2025-07-08 10:14:09,401:WARNING:C:\Users\fares\anaconda3\envs\pycaret-env\Lib\site-packages\sklearn\metrics\_classification.py:1561: UserWarning: Note that pos_label (set to 'yes') is ignored when average != 'binary' (got 'weighted'). You may use labels=[pos_label] to specify a single positive class.
  warnings.warn(

2025-07-08 10:14:09,405:WARNING:C:\Users\fares\anaconda3\envs\pycaret-env\Lib\site-packages\sklearn\metrics\_classification.py:1561: UserWarning: Note that pos_label (set to 'yes') is ignored when average != 'binary' (got 'weighted'). You may use labels=[pos_label] to specify a single positive class.
  warnings.warn(

2025-07-08 10:14:09,410:WARNING:C:\Users\fares\anaconda3\envs\pycaret-env\Lib\site-packages\sklearn\metrics\_classification.py:1561: UserWarning: Note that pos_label (set to 'yes') is ignored when average != 'binary' (got 'weighted'). You may use labels=[pos_label] to specify a single positive class.
  warnings.warn(

2025-07-08 10:14:09,413:WARNING:C:\Users\fares\anaconda3\envs\pycaret-env\Lib\site-packages\sklearn\metrics\_classification.py:1561: UserWarning: Note that pos_label (set to 'yes') is ignored when average != 'binary' (got 'weighted'). You may use labels=[pos_label] to specify a single positive class.
  warnings.warn(

2025-07-08 10:14:09,414:WARNING:C:\Users\fares\anaconda3\envs\pycaret-env\Lib\site-packages\sklearn\metrics\_classification.py:1561: UserWarning: Note that pos_label (set to 'yes') is ignored when average != 'binary' (got 'weighted'). You may use labels=[pos_label] to specify a single positive class.
  warnings.warn(

2025-07-08 10:14:09,414:WARNING:C:\Users\fares\anaconda3\envs\pycaret-env\Lib\site-packages\sklearn\metrics\_classification.py:1561: UserWarning: Note that pos_label (set to 'yes') is ignored when average != 'binary' (got 'weighted'). You may use labels=[pos_label] to specify a single positive class.
  warnings.warn(

2025-07-08 10:14:09,425:WARNING:C:\Users\fares\anaconda3\envs\pycaret-env\Lib\site-packages\sklearn\metrics\_classification.py:1561: UserWarning: Note that pos_label (set to 'yes') is ignored when average != 'binary' (got 'weighted'). You may use labels=[pos_label] to specify a single positive class.
  warnings.warn(

2025-07-08 10:14:09,427:WARNING:C:\Users\fares\anaconda3\envs\pycaret-env\Lib\site-packages\sklearn\metrics\_classification.py:1561: UserWarning: Note that pos_label (set to 'yes') is ignored when average != 'binary' (got 'weighted'). You may use labels=[pos_label] to specify a single positive class.
  warnings.warn(

2025-07-08 10:14:09,432:WARNING:C:\Users\fares\anaconda3\envs\pycaret-env\Lib\site-packages\sklearn\metrics\_classification.py:1561: UserWarning: Note that pos_label (set to 'yes') is ignored when average != 'binary' (got 'weighted'). You may use labels=[pos_label] to specify a single positive class.
  warnings.warn(

2025-07-08 10:14:09,435:WARNING:C:\Users\fares\anaconda3\envs\pycaret-env\Lib\site-packages\sklearn\metrics\_classification.py:1561: UserWarning: Note that pos_label (set to 'yes') is ignored when average != 'binary' (got 'weighted'). You may use labels=[pos_label] to specify a single positive class.
  warnings.warn(

2025-07-08 10:14:09,442:WARNING:C:\Users\fares\anaconda3\envs\pycaret-env\Lib\site-packages\sklearn\metrics\_classification.py:1561: UserWarning: Note that pos_label (set to 'yes') is ignored when average != 'binary' (got 'weighted'). You may use labels=[pos_label] to specify a single positive class.
  warnings.warn(

2025-07-08 10:14:09,451:WARNING:C:\Users\fares\anaconda3\envs\pycaret-env\Lib\site-packages\sklearn\metrics\_classification.py:1561: UserWarning: Note that pos_label (set to 'yes') is ignored when average != 'binary' (got 'weighted'). You may use labels=[pos_label] to specify a single positive class.
  warnings.warn(

2025-07-08 10:14:09,459:WARNING:C:\Users\fares\anaconda3\envs\pycaret-env\Lib\site-packages\sklearn\metrics\_classification.py:1561: UserWarning: Note that pos_label (set to 'yes') is ignored when average != 'binary' (got 'weighted'). You may use labels=[pos_label] to specify a single positive class.
  warnings.warn(

2025-07-08 10:14:09,460:WARNING:C:\Users\fares\anaconda3\envs\pycaret-env\Lib\site-packages\sklearn\metrics\_classification.py:1561: UserWarning: Note that pos_label (set to 'yes') is ignored when average != 'binary' (got 'weighted'). You may use labels=[pos_label] to specify a single positive class.
  warnings.warn(

2025-07-08 10:14:09,464:WARNING:C:\Users\fares\anaconda3\envs\pycaret-env\Lib\site-packages\sklearn\metrics\_classification.py:1561: UserWarning: Note that pos_label (set to 'yes') is ignored when average != 'binary' (got 'weighted'). You may use labels=[pos_label] to specify a single positive class.
  warnings.warn(

2025-07-08 10:14:09,484:WARNING:C:\Users\fares\anaconda3\envs\pycaret-env\Lib\site-packages\sklearn\metrics\_classification.py:1561: UserWarning: Note that pos_label (set to 'yes') is ignored when average != 'binary' (got 'weighted'). You may use labels=[pos_label] to specify a single positive class.
  warnings.warn(

2025-07-08 10:14:09,527:INFO:Calculating mean and std
2025-07-08 10:14:09,529:INFO:Creating metrics dataframe
2025-07-08 10:14:09,533:INFO:Uploading results into container
2025-07-08 10:14:09,534:INFO:Uploading model into container now
2025-07-08 10:14:09,534:INFO:_master_model_container: 3
2025-07-08 10:14:09,534:INFO:_display_container: 2
2025-07-08 10:14:09,534:INFO:GaussianNB(priors=None, var_smoothing=1e-09)
2025-07-08 10:14:09,535:INFO:create_model() successfully completed......................................
2025-07-08 10:14:09,637:INFO:SubProcess create_model() end ==================================
2025-07-08 10:14:09,637:INFO:Creating metrics dataframe
2025-07-08 10:14:09,646:INFO:Initializing Decision Tree Classifier
2025-07-08 10:14:09,646:INFO:Total runtime is 0.3746097604433696 minutes
2025-07-08 10:14:09,648:INFO:SubProcess create_model() called ==================================
2025-07-08 10:14:09,648:INFO:Initializing create_model()
2025-07-08 10:14:09,648:INFO:create_model(self=<pycaret.classification.oop.ClassificationExperiment object at 0x000001F47E0DEE90>, estimator=dt, fold=StratifiedKFold(n_splits=10, random_state=None, shuffle=False), round=4, cross_validation=True, predict=True, fit_kwargs={}, groups=None, refit=False, probability_threshold=None, experiment_custom_tags=None, verbose=False, system=False, add_to_model_list=True, metrics=None, display=<pycaret.internal.display.display.CommonDisplay object at 0x000001F47E0860D0>, model_only=True, return_train_score=False, error_score=0.0, kwargs={})
2025-07-08 10:14:09,648:INFO:Checking exceptions
2025-07-08 10:14:09,648:INFO:Importing libraries
2025-07-08 10:14:09,649:INFO:Copying training dataset
2025-07-08 10:14:09,670:INFO:Defining folds
2025-07-08 10:14:09,671:INFO:Declaring metric variables
2025-07-08 10:14:09,674:INFO:Importing untrained model
2025-07-08 10:14:09,680:INFO:Decision Tree Classifier Imported successfully
2025-07-08 10:14:09,688:INFO:Starting cross validation
2025-07-08 10:14:09,692:INFO:Cross validating with StratifiedKFold(n_splits=10, random_state=None, shuffle=False), n_jobs=-1
2025-07-08 10:14:11,228:WARNING:C:\Users\fares\anaconda3\envs\pycaret-env\Lib\site-packages\sklearn\metrics\_classification.py:1561: UserWarning: Note that pos_label (set to 'yes') is ignored when average != 'binary' (got 'weighted'). You may use labels=[pos_label] to specify a single positive class.
  warnings.warn(

2025-07-08 10:14:11,230:WARNING:C:\Users\fares\anaconda3\envs\pycaret-env\Lib\site-packages\sklearn\metrics\_classification.py:1561: UserWarning: Note that pos_label (set to 'yes') is ignored when average != 'binary' (got 'weighted'). You may use labels=[pos_label] to specify a single positive class.
  warnings.warn(

2025-07-08 10:14:11,230:WARNING:C:\Users\fares\anaconda3\envs\pycaret-env\Lib\site-packages\sklearn\metrics\_classification.py:1561: UserWarning: Note that pos_label (set to 'yes') is ignored when average != 'binary' (got 'weighted'). You may use labels=[pos_label] to specify a single positive class.
  warnings.warn(

2025-07-08 10:14:11,237:WARNING:C:\Users\fares\anaconda3\envs\pycaret-env\Lib\site-packages\sklearn\metrics\_classification.py:1561: UserWarning: Note that pos_label (set to 'yes') is ignored when average != 'binary' (got 'weighted'). You may use labels=[pos_label] to specify a single positive class.
  warnings.warn(

2025-07-08 10:14:11,252:WARNING:C:\Users\fares\anaconda3\envs\pycaret-env\Lib\site-packages\sklearn\metrics\_classification.py:1561: UserWarning: Note that pos_label (set to 'yes') is ignored when average != 'binary' (got 'weighted'). You may use labels=[pos_label] to specify a single positive class.
  warnings.warn(

2025-07-08 10:14:11,259:WARNING:C:\Users\fares\anaconda3\envs\pycaret-env\Lib\site-packages\sklearn\metrics\_classification.py:1561: UserWarning: Note that pos_label (set to 'yes') is ignored when average != 'binary' (got 'weighted'). You may use labels=[pos_label] to specify a single positive class.
  warnings.warn(

2025-07-08 10:14:11,259:WARNING:C:\Users\fares\anaconda3\envs\pycaret-env\Lib\site-packages\sklearn\metrics\_classification.py:1561: UserWarning: Note that pos_label (set to 'yes') is ignored when average != 'binary' (got 'weighted'). You may use labels=[pos_label] to specify a single positive class.
  warnings.warn(

2025-07-08 10:14:11,264:WARNING:C:\Users\fares\anaconda3\envs\pycaret-env\Lib\site-packages\sklearn\metrics\_classification.py:1561: UserWarning: Note that pos_label (set to 'yes') is ignored when average != 'binary' (got 'weighted'). You may use labels=[pos_label] to specify a single positive class.
  warnings.warn(

2025-07-08 10:14:11,265:WARNING:C:\Users\fares\anaconda3\envs\pycaret-env\Lib\site-packages\sklearn\metrics\_classification.py:1561: UserWarning: Note that pos_label (set to 'yes') is ignored when average != 'binary' (got 'weighted'). You may use labels=[pos_label] to specify a single positive class.
  warnings.warn(

2025-07-08 10:14:11,265:WARNING:C:\Users\fares\anaconda3\envs\pycaret-env\Lib\site-packages\sklearn\metrics\_classification.py:1561: UserWarning: Note that pos_label (set to 'yes') is ignored when average != 'binary' (got 'weighted'). You may use labels=[pos_label] to specify a single positive class.
  warnings.warn(

2025-07-08 10:14:11,268:WARNING:C:\Users\fares\anaconda3\envs\pycaret-env\Lib\site-packages\sklearn\metrics\_classification.py:1561: UserWarning: Note that pos_label (set to 'yes') is ignored when average != 'binary' (got 'weighted'). You may use labels=[pos_label] to specify a single positive class.
  warnings.warn(

2025-07-08 10:14:11,268:WARNING:C:\Users\fares\anaconda3\envs\pycaret-env\Lib\site-packages\sklearn\metrics\_classification.py:1561: UserWarning: Note that pos_label (set to 'yes') is ignored when average != 'binary' (got 'weighted'). You may use labels=[pos_label] to specify a single positive class.
  warnings.warn(

2025-07-08 10:14:11,270:WARNING:C:\Users\fares\anaconda3\envs\pycaret-env\Lib\site-packages\sklearn\metrics\_classification.py:1561: UserWarning: Note that pos_label (set to 'yes') is ignored when average != 'binary' (got 'weighted'). You may use labels=[pos_label] to specify a single positive class.
  warnings.warn(

2025-07-08 10:14:11,274:WARNING:C:\Users\fares\anaconda3\envs\pycaret-env\Lib\site-packages\sklearn\metrics\_classification.py:1561: UserWarning: Note that pos_label (set to 'yes') is ignored when average != 'binary' (got 'weighted'). You may use labels=[pos_label] to specify a single positive class.
  warnings.warn(

2025-07-08 10:14:11,288:WARNING:C:\Users\fares\anaconda3\envs\pycaret-env\Lib\site-packages\sklearn\metrics\_classification.py:1561: UserWarning: Note that pos_label (set to 'yes') is ignored when average != 'binary' (got 'weighted'). You may use labels=[pos_label] to specify a single positive class.
  warnings.warn(

2025-07-08 10:14:11,291:WARNING:C:\Users\fares\anaconda3\envs\pycaret-env\Lib\site-packages\sklearn\metrics\_classification.py:1561: UserWarning: Note that pos_label (set to 'yes') is ignored when average != 'binary' (got 'weighted'). You may use labels=[pos_label] to specify a single positive class.
  warnings.warn(

2025-07-08 10:14:11,291:WARNING:C:\Users\fares\anaconda3\envs\pycaret-env\Lib\site-packages\sklearn\metrics\_classification.py:1561: UserWarning: Note that pos_label (set to 'yes') is ignored when average != 'binary' (got 'weighted'). You may use labels=[pos_label] to specify a single positive class.
  warnings.warn(

2025-07-08 10:14:11,293:WARNING:C:\Users\fares\anaconda3\envs\pycaret-env\Lib\site-packages\sklearn\metrics\_classification.py:1561: UserWarning: Note that pos_label (set to 'yes') is ignored when average != 'binary' (got 'weighted'). You may use labels=[pos_label] to specify a single positive class.
  warnings.warn(

2025-07-08 10:14:11,295:WARNING:C:\Users\fares\anaconda3\envs\pycaret-env\Lib\site-packages\sklearn\metrics\_classification.py:1561: UserWarning: Note that pos_label (set to 'yes') is ignored when average != 'binary' (got 'weighted'). You may use labels=[pos_label] to specify a single positive class.
  warnings.warn(

2025-07-08 10:14:11,300:WARNING:C:\Users\fares\anaconda3\envs\pycaret-env\Lib\site-packages\sklearn\metrics\_classification.py:1561: UserWarning: Note that pos_label (set to 'yes') is ignored when average != 'binary' (got 'weighted'). You may use labels=[pos_label] to specify a single positive class.
  warnings.warn(

2025-07-08 10:14:11,300:WARNING:C:\Users\fares\anaconda3\envs\pycaret-env\Lib\site-packages\sklearn\metrics\_classification.py:1561: UserWarning: Note that pos_label (set to 'yes') is ignored when average != 'binary' (got 'weighted'). You may use labels=[pos_label] to specify a single positive class.
  warnings.warn(

2025-07-08 10:14:11,302:WARNING:C:\Users\fares\anaconda3\envs\pycaret-env\Lib\site-packages\sklearn\metrics\_classification.py:1561: UserWarning: Note that pos_label (set to 'yes') is ignored when average != 'binary' (got 'weighted'). You may use labels=[pos_label] to specify a single positive class.
  warnings.warn(

2025-07-08 10:14:11,306:WARNING:C:\Users\fares\anaconda3\envs\pycaret-env\Lib\site-packages\sklearn\metrics\_classification.py:1561: UserWarning: Note that pos_label (set to 'yes') is ignored when average != 'binary' (got 'weighted'). You may use labels=[pos_label] to specify a single positive class.
  warnings.warn(

2025-07-08 10:14:11,306:WARNING:C:\Users\fares\anaconda3\envs\pycaret-env\Lib\site-packages\sklearn\metrics\_classification.py:1561: UserWarning: Note that pos_label (set to 'yes') is ignored when average != 'binary' (got 'weighted'). You may use labels=[pos_label] to specify a single positive class.
  warnings.warn(

2025-07-08 10:14:11,324:WARNING:C:\Users\fares\anaconda3\envs\pycaret-env\Lib\site-packages\sklearn\metrics\_classification.py:1561: UserWarning: Note that pos_label (set to 'yes') is ignored when average != 'binary' (got 'weighted'). You may use labels=[pos_label] to specify a single positive class.
  warnings.warn(

2025-07-08 10:14:11,325:WARNING:C:\Users\fares\anaconda3\envs\pycaret-env\Lib\site-packages\sklearn\metrics\_classification.py:1561: UserWarning: Note that pos_label (set to 'yes') is ignored when average != 'binary' (got 'weighted'). You may use labels=[pos_label] to specify a single positive class.
  warnings.warn(

2025-07-08 10:14:11,329:WARNING:C:\Users\fares\anaconda3\envs\pycaret-env\Lib\site-packages\sklearn\metrics\_classification.py:1561: UserWarning: Note that pos_label (set to 'yes') is ignored when average != 'binary' (got 'weighted'). You may use labels=[pos_label] to specify a single positive class.
  warnings.warn(

2025-07-08 10:14:11,333:WARNING:C:\Users\fares\anaconda3\envs\pycaret-env\Lib\site-packages\sklearn\metrics\_classification.py:1561: UserWarning: Note that pos_label (set to 'yes') is ignored when average != 'binary' (got 'weighted'). You may use labels=[pos_label] to specify a single positive class.
  warnings.warn(

2025-07-08 10:14:11,337:WARNING:C:\Users\fares\anaconda3\envs\pycaret-env\Lib\site-packages\sklearn\metrics\_classification.py:1561: UserWarning: Note that pos_label (set to 'yes') is ignored when average != 'binary' (got 'weighted'). You may use labels=[pos_label] to specify a single positive class.
  warnings.warn(

2025-07-08 10:14:11,340:WARNING:C:\Users\fares\anaconda3\envs\pycaret-env\Lib\site-packages\sklearn\metrics\_classification.py:1561: UserWarning: Note that pos_label (set to 'yes') is ignored when average != 'binary' (got 'weighted'). You may use labels=[pos_label] to specify a single positive class.
  warnings.warn(

2025-07-08 10:14:11,386:INFO:Calculating mean and std
2025-07-08 10:14:11,387:INFO:Creating metrics dataframe
2025-07-08 10:14:11,390:INFO:Uploading results into container
2025-07-08 10:14:11,391:INFO:Uploading model into container now
2025-07-08 10:14:11,391:INFO:_master_model_container: 4
2025-07-08 10:14:11,391:INFO:_display_container: 2
2025-07-08 10:14:11,392:INFO:DecisionTreeClassifier(ccp_alpha=0.0, class_weight=None, criterion='gini',
                       max_depth=None, max_features=None, max_leaf_nodes=None,
                       min_impurity_decrease=0.0, min_samples_leaf=1,
                       min_samples_split=2, min_weight_fraction_leaf=0.0,
                       monotonic_cst=None, random_state=123, splitter='best')
2025-07-08 10:14:11,392:INFO:create_model() successfully completed......................................
2025-07-08 10:14:11,498:INFO:SubProcess create_model() end ==================================
2025-07-08 10:14:11,499:INFO:Creating metrics dataframe
2025-07-08 10:14:11,507:INFO:Initializing SVM - Linear Kernel
2025-07-08 10:14:11,507:INFO:Total runtime is 0.40563754240671795 minutes
2025-07-08 10:14:11,512:INFO:SubProcess create_model() called ==================================
2025-07-08 10:14:11,512:INFO:Initializing create_model()
2025-07-08 10:14:11,513:INFO:create_model(self=<pycaret.classification.oop.ClassificationExperiment object at 0x000001F47E0DEE90>, estimator=svm, fold=StratifiedKFold(n_splits=10, random_state=None, shuffle=False), round=4, cross_validation=True, predict=True, fit_kwargs={}, groups=None, refit=False, probability_threshold=None, experiment_custom_tags=None, verbose=False, system=False, add_to_model_list=True, metrics=None, display=<pycaret.internal.display.display.CommonDisplay object at 0x000001F47E0860D0>, model_only=True, return_train_score=False, error_score=0.0, kwargs={})
2025-07-08 10:14:11,513:INFO:Checking exceptions
2025-07-08 10:14:11,513:INFO:Importing libraries
2025-07-08 10:14:11,513:INFO:Copying training dataset
2025-07-08 10:14:11,538:INFO:Defining folds
2025-07-08 10:14:11,538:INFO:Declaring metric variables
2025-07-08 10:14:11,542:INFO:Importing untrained model
2025-07-08 10:14:11,548:INFO:SVM - Linear Kernel Imported successfully
2025-07-08 10:14:11,556:INFO:Starting cross validation
2025-07-08 10:14:11,560:INFO:Cross validating with StratifiedKFold(n_splits=10, random_state=None, shuffle=False), n_jobs=-1
2025-07-08 10:14:14,750:WARNING:C:\Users\fares\anaconda3\envs\pycaret-env\Lib\site-packages\sklearn\metrics\_classification.py:1561: UserWarning: Note that pos_label (set to 'yes') is ignored when average != 'binary' (got 'weighted'). You may use labels=[pos_label] to specify a single positive class.
  warnings.warn(

2025-07-08 10:14:14,785:WARNING:C:\Users\fares\anaconda3\envs\pycaret-env\Lib\site-packages\sklearn\metrics\_classification.py:1561: UserWarning: Note that pos_label (set to 'yes') is ignored when average != 'binary' (got 'weighted'). You may use labels=[pos_label] to specify a single positive class.
  warnings.warn(

2025-07-08 10:14:14,820:WARNING:C:\Users\fares\anaconda3\envs\pycaret-env\Lib\site-packages\sklearn\metrics\_classification.py:1561: UserWarning: Note that pos_label (set to 'yes') is ignored when average != 'binary' (got 'weighted'). You may use labels=[pos_label] to specify a single positive class.
  warnings.warn(

2025-07-08 10:14:15,162:WARNING:C:\Users\fares\anaconda3\envs\pycaret-env\Lib\site-packages\sklearn\metrics\_classification.py:1561: UserWarning: Note that pos_label (set to 'yes') is ignored when average != 'binary' (got 'weighted'). You may use labels=[pos_label] to specify a single positive class.
  warnings.warn(

2025-07-08 10:14:15,189:WARNING:C:\Users\fares\anaconda3\envs\pycaret-env\Lib\site-packages\sklearn\metrics\_classification.py:1561: UserWarning: Note that pos_label (set to 'yes') is ignored when average != 'binary' (got 'weighted'). You may use labels=[pos_label] to specify a single positive class.
  warnings.warn(

2025-07-08 10:14:15,189:WARNING:C:\Users\fares\anaconda3\envs\pycaret-env\Lib\site-packages\sklearn\metrics\_classification.py:1561: UserWarning: Note that pos_label (set to 'yes') is ignored when average != 'binary' (got 'weighted'). You may use labels=[pos_label] to specify a single positive class.
  warnings.warn(

2025-07-08 10:14:15,222:WARNING:C:\Users\fares\anaconda3\envs\pycaret-env\Lib\site-packages\sklearn\metrics\_classification.py:1561: UserWarning: Note that pos_label (set to 'yes') is ignored when average != 'binary' (got 'weighted'). You may use labels=[pos_label] to specify a single positive class.
  warnings.warn(

2025-07-08 10:14:15,226:WARNING:C:\Users\fares\anaconda3\envs\pycaret-env\Lib\site-packages\sklearn\metrics\_classification.py:1561: UserWarning: Note that pos_label (set to 'yes') is ignored when average != 'binary' (got 'weighted'). You may use labels=[pos_label] to specify a single positive class.
  warnings.warn(

2025-07-08 10:14:15,278:WARNING:C:\Users\fares\anaconda3\envs\pycaret-env\Lib\site-packages\sklearn\metrics\_classification.py:1561: UserWarning: Note that pos_label (set to 'yes') is ignored when average != 'binary' (got 'weighted'). You may use labels=[pos_label] to specify a single positive class.
  warnings.warn(

2025-07-08 10:14:15,319:WARNING:C:\Users\fares\anaconda3\envs\pycaret-env\Lib\site-packages\sklearn\metrics\_classification.py:1561: UserWarning: Note that pos_label (set to 'yes') is ignored when average != 'binary' (got 'weighted'). You may use labels=[pos_label] to specify a single positive class.
  warnings.warn(

2025-07-08 10:14:15,352:WARNING:C:\Users\fares\anaconda3\envs\pycaret-env\Lib\site-packages\sklearn\metrics\_classification.py:1561: UserWarning: Note that pos_label (set to 'yes') is ignored when average != 'binary' (got 'weighted'). You may use labels=[pos_label] to specify a single positive class.
  warnings.warn(

2025-07-08 10:14:15,357:WARNING:C:\Users\fares\anaconda3\envs\pycaret-env\Lib\site-packages\sklearn\metrics\_classification.py:1561: UserWarning: Note that pos_label (set to 'yes') is ignored when average != 'binary' (got 'weighted'). You may use labels=[pos_label] to specify a single positive class.
  warnings.warn(

2025-07-08 10:14:15,387:WARNING:C:\Users\fares\anaconda3\envs\pycaret-env\Lib\site-packages\sklearn\metrics\_classification.py:1561: UserWarning: Note that pos_label (set to 'yes') is ignored when average != 'binary' (got 'weighted'). You may use labels=[pos_label] to specify a single positive class.
  warnings.warn(

2025-07-08 10:14:15,391:WARNING:C:\Users\fares\anaconda3\envs\pycaret-env\Lib\site-packages\sklearn\metrics\_classification.py:1561: UserWarning: Note that pos_label (set to 'yes') is ignored when average != 'binary' (got 'weighted'). You may use labels=[pos_label] to specify a single positive class.
  warnings.warn(

2025-07-08 10:14:15,423:WARNING:C:\Users\fares\anaconda3\envs\pycaret-env\Lib\site-packages\sklearn\metrics\_classification.py:1561: UserWarning: Note that pos_label (set to 'yes') is ignored when average != 'binary' (got 'weighted'). You may use labels=[pos_label] to specify a single positive class.
  warnings.warn(

2025-07-08 10:14:15,708:WARNING:C:\Users\fares\anaconda3\envs\pycaret-env\Lib\site-packages\sklearn\metrics\_classification.py:1561: UserWarning: Note that pos_label (set to 'yes') is ignored when average != 'binary' (got 'weighted'). You may use labels=[pos_label] to specify a single positive class.
  warnings.warn(

2025-07-08 10:14:15,744:WARNING:C:\Users\fares\anaconda3\envs\pycaret-env\Lib\site-packages\sklearn\metrics\_classification.py:1561: UserWarning: Note that pos_label (set to 'yes') is ignored when average != 'binary' (got 'weighted'). You may use labels=[pos_label] to specify a single positive class.
  warnings.warn(

2025-07-08 10:14:15,777:WARNING:C:\Users\fares\anaconda3\envs\pycaret-env\Lib\site-packages\sklearn\metrics\_classification.py:1561: UserWarning: Note that pos_label (set to 'yes') is ignored when average != 'binary' (got 'weighted'). You may use labels=[pos_label] to specify a single positive class.
  warnings.warn(

2025-07-08 10:14:15,807:WARNING:C:\Users\fares\anaconda3\envs\pycaret-env\Lib\site-packages\sklearn\metrics\_classification.py:1561: UserWarning: Note that pos_label (set to 'yes') is ignored when average != 'binary' (got 'weighted'). You may use labels=[pos_label] to specify a single positive class.
  warnings.warn(

2025-07-08 10:14:15,836:WARNING:C:\Users\fares\anaconda3\envs\pycaret-env\Lib\site-packages\sklearn\metrics\_classification.py:1561: UserWarning: Note that pos_label (set to 'yes') is ignored when average != 'binary' (got 'weighted'). You may use labels=[pos_label] to specify a single positive class.
  warnings.warn(

2025-07-08 10:14:15,864:WARNING:C:\Users\fares\anaconda3\envs\pycaret-env\Lib\site-packages\sklearn\metrics\_classification.py:1561: UserWarning: Note that pos_label (set to 'yes') is ignored when average != 'binary' (got 'weighted'). You may use labels=[pos_label] to specify a single positive class.
  warnings.warn(

2025-07-08 10:14:15,941:WARNING:C:\Users\fares\anaconda3\envs\pycaret-env\Lib\site-packages\sklearn\metrics\_classification.py:1561: UserWarning: Note that pos_label (set to 'yes') is ignored when average != 'binary' (got 'weighted'). You may use labels=[pos_label] to specify a single positive class.
  warnings.warn(

2025-07-08 10:14:15,977:WARNING:C:\Users\fares\anaconda3\envs\pycaret-env\Lib\site-packages\sklearn\metrics\_classification.py:1561: UserWarning: Note that pos_label (set to 'yes') is ignored when average != 'binary' (got 'weighted'). You may use labels=[pos_label] to specify a single positive class.
  warnings.warn(

2025-07-08 10:14:16,012:WARNING:C:\Users\fares\anaconda3\envs\pycaret-env\Lib\site-packages\sklearn\metrics\_classification.py:1561: UserWarning: Note that pos_label (set to 'yes') is ignored when average != 'binary' (got 'weighted'). You may use labels=[pos_label] to specify a single positive class.
  warnings.warn(

2025-07-08 10:14:16,073:WARNING:C:\Users\fares\anaconda3\envs\pycaret-env\Lib\site-packages\sklearn\metrics\_classification.py:1561: UserWarning: Note that pos_label (set to 'yes') is ignored when average != 'binary' (got 'weighted'). You may use labels=[pos_label] to specify a single positive class.
  warnings.warn(

2025-07-08 10:14:16,107:WARNING:C:\Users\fares\anaconda3\envs\pycaret-env\Lib\site-packages\sklearn\metrics\_classification.py:1561: UserWarning: Note that pos_label (set to 'yes') is ignored when average != 'binary' (got 'weighted'). You may use labels=[pos_label] to specify a single positive class.
  warnings.warn(

2025-07-08 10:14:16,126:WARNING:C:\Users\fares\anaconda3\envs\pycaret-env\Lib\site-packages\sklearn\metrics\_classification.py:1561: UserWarning: Note that pos_label (set to 'yes') is ignored when average != 'binary' (got 'weighted'). You may use labels=[pos_label] to specify a single positive class.
  warnings.warn(

2025-07-08 10:14:16,180:WARNING:C:\Users\fares\anaconda3\envs\pycaret-env\Lib\site-packages\sklearn\metrics\_classification.py:1561: UserWarning: Note that pos_label (set to 'yes') is ignored when average != 'binary' (got 'weighted'). You may use labels=[pos_label] to specify a single positive class.
  warnings.warn(

2025-07-08 10:14:16,207:WARNING:C:\Users\fares\anaconda3\envs\pycaret-env\Lib\site-packages\sklearn\metrics\_classification.py:1561: UserWarning: Note that pos_label (set to 'yes') is ignored when average != 'binary' (got 'weighted'). You may use labels=[pos_label] to specify a single positive class.
  warnings.warn(

2025-07-08 10:14:16,231:WARNING:C:\Users\fares\anaconda3\envs\pycaret-env\Lib\site-packages\sklearn\metrics\_classification.py:1561: UserWarning: Note that pos_label (set to 'yes') is ignored when average != 'binary' (got 'weighted'). You may use labels=[pos_label] to specify a single positive class.
  warnings.warn(

2025-07-08 10:14:16,264:INFO:Calculating mean and std
2025-07-08 10:14:16,265:INFO:Creating metrics dataframe
2025-07-08 10:14:16,269:INFO:Uploading results into container
2025-07-08 10:14:16,270:INFO:Uploading model into container now
2025-07-08 10:14:16,270:INFO:_master_model_container: 5
2025-07-08 10:14:16,270:INFO:_display_container: 2
2025-07-08 10:14:16,271:INFO:SGDClassifier(alpha=0.0001, average=False, class_weight=None,
              early_stopping=False, epsilon=0.1, eta0=0.001, fit_intercept=True,
              l1_ratio=0.15, learning_rate='optimal', loss='hinge',
              max_iter=1000, n_iter_no_change=5, n_jobs=-1, penalty='l2',
              power_t=0.5, random_state=123, shuffle=True, tol=0.001,
              validation_fraction=0.1, verbose=0, warm_start=False)
2025-07-08 10:14:16,271:INFO:create_model() successfully completed......................................
2025-07-08 10:14:16,376:INFO:SubProcess create_model() end ==================================
2025-07-08 10:14:16,377:INFO:Creating metrics dataframe
2025-07-08 10:14:16,386:INFO:Initializing Ridge Classifier
2025-07-08 10:14:16,386:INFO:Total runtime is 0.4869556744893392 minutes
2025-07-08 10:14:16,390:INFO:SubProcess create_model() called ==================================
2025-07-08 10:14:16,391:INFO:Initializing create_model()
2025-07-08 10:14:16,391:INFO:create_model(self=<pycaret.classification.oop.ClassificationExperiment object at 0x000001F47E0DEE90>, estimator=ridge, fold=StratifiedKFold(n_splits=10, random_state=None, shuffle=False), round=4, cross_validation=True, predict=True, fit_kwargs={}, groups=None, refit=False, probability_threshold=None, experiment_custom_tags=None, verbose=False, system=False, add_to_model_list=True, metrics=None, display=<pycaret.internal.display.display.CommonDisplay object at 0x000001F47E0860D0>, model_only=True, return_train_score=False, error_score=0.0, kwargs={})
2025-07-08 10:14:16,391:INFO:Checking exceptions
2025-07-08 10:14:16,391:INFO:Importing libraries
2025-07-08 10:14:16,391:INFO:Copying training dataset
2025-07-08 10:14:16,416:INFO:Defining folds
2025-07-08 10:14:16,417:INFO:Declaring metric variables
2025-07-08 10:14:16,421:INFO:Importing untrained model
2025-07-08 10:14:16,425:INFO:Ridge Classifier Imported successfully
2025-07-08 10:14:16,433:INFO:Starting cross validation
2025-07-08 10:14:16,437:INFO:Cross validating with StratifiedKFold(n_splits=10, random_state=None, shuffle=False), n_jobs=-1
2025-07-08 10:14:17,661:WARNING:C:\Users\fares\anaconda3\envs\pycaret-env\Lib\site-packages\sklearn\metrics\_classification.py:1561: UserWarning: Note that pos_label (set to 'yes') is ignored when average != 'binary' (got 'weighted'). You may use labels=[pos_label] to specify a single positive class.
  warnings.warn(

2025-07-08 10:14:17,663:WARNING:C:\Users\fares\anaconda3\envs\pycaret-env\Lib\site-packages\sklearn\metrics\_classification.py:1561: UserWarning: Note that pos_label (set to 'yes') is ignored when average != 'binary' (got 'weighted'). You may use labels=[pos_label] to specify a single positive class.
  warnings.warn(

2025-07-08 10:14:17,664:WARNING:C:\Users\fares\anaconda3\envs\pycaret-env\Lib\site-packages\sklearn\metrics\_classification.py:1561: UserWarning: Note that pos_label (set to 'yes') is ignored when average != 'binary' (got 'weighted'). You may use labels=[pos_label] to specify a single positive class.
  warnings.warn(

2025-07-08 10:14:17,673:WARNING:C:\Users\fares\anaconda3\envs\pycaret-env\Lib\site-packages\sklearn\metrics\_classification.py:1561: UserWarning: Note that pos_label (set to 'yes') is ignored when average != 'binary' (got 'weighted'). You may use labels=[pos_label] to specify a single positive class.
  warnings.warn(

2025-07-08 10:14:17,685:WARNING:C:\Users\fares\anaconda3\envs\pycaret-env\Lib\site-packages\sklearn\metrics\_classification.py:1561: UserWarning: Note that pos_label (set to 'yes') is ignored when average != 'binary' (got 'weighted'). You may use labels=[pos_label] to specify a single positive class.
  warnings.warn(

2025-07-08 10:14:17,685:WARNING:C:\Users\fares\anaconda3\envs\pycaret-env\Lib\site-packages\sklearn\metrics\_classification.py:1561: UserWarning: Note that pos_label (set to 'yes') is ignored when average != 'binary' (got 'weighted'). You may use labels=[pos_label] to specify a single positive class.
  warnings.warn(

2025-07-08 10:14:17,685:WARNING:C:\Users\fares\anaconda3\envs\pycaret-env\Lib\site-packages\sklearn\metrics\_classification.py:1561: UserWarning: Note that pos_label (set to 'yes') is ignored when average != 'binary' (got 'weighted'). You may use labels=[pos_label] to specify a single positive class.
  warnings.warn(

2025-07-08 10:14:17,686:WARNING:C:\Users\fares\anaconda3\envs\pycaret-env\Lib\site-packages\sklearn\metrics\_classification.py:1561: UserWarning: Note that pos_label (set to 'yes') is ignored when average != 'binary' (got 'weighted'). You may use labels=[pos_label] to specify a single positive class.
  warnings.warn(

2025-07-08 10:14:17,689:WARNING:C:\Users\fares\anaconda3\envs\pycaret-env\Lib\site-packages\sklearn\metrics\_classification.py:1561: UserWarning: Note that pos_label (set to 'yes') is ignored when average != 'binary' (got 'weighted'). You may use labels=[pos_label] to specify a single positive class.
  warnings.warn(

2025-07-08 10:14:17,691:WARNING:C:\Users\fares\anaconda3\envs\pycaret-env\Lib\site-packages\sklearn\metrics\_classification.py:1561: UserWarning: Note that pos_label (set to 'yes') is ignored when average != 'binary' (got 'weighted'). You may use labels=[pos_label] to specify a single positive class.
  warnings.warn(

2025-07-08 10:14:17,694:WARNING:C:\Users\fares\anaconda3\envs\pycaret-env\Lib\site-packages\sklearn\metrics\_classification.py:1561: UserWarning: Note that pos_label (set to 'yes') is ignored when average != 'binary' (got 'weighted'). You may use labels=[pos_label] to specify a single positive class.
  warnings.warn(

2025-07-08 10:14:17,696:WARNING:C:\Users\fares\anaconda3\envs\pycaret-env\Lib\site-packages\sklearn\metrics\_classification.py:1561: UserWarning: Note that pos_label (set to 'yes') is ignored when average != 'binary' (got 'weighted'). You may use labels=[pos_label] to specify a single positive class.
  warnings.warn(

2025-07-08 10:14:17,705:WARNING:C:\Users\fares\anaconda3\envs\pycaret-env\Lib\site-packages\sklearn\metrics\_classification.py:1561: UserWarning: Note that pos_label (set to 'yes') is ignored when average != 'binary' (got 'weighted'). You may use labels=[pos_label] to specify a single positive class.
  warnings.warn(

2025-07-08 10:14:17,706:WARNING:C:\Users\fares\anaconda3\envs\pycaret-env\Lib\site-packages\sklearn\metrics\_classification.py:1561: UserWarning: Note that pos_label (set to 'yes') is ignored when average != 'binary' (got 'weighted'). You may use labels=[pos_label] to specify a single positive class.
  warnings.warn(

2025-07-08 10:14:17,716:WARNING:C:\Users\fares\anaconda3\envs\pycaret-env\Lib\site-packages\sklearn\metrics\_classification.py:1561: UserWarning: Note that pos_label (set to 'yes') is ignored when average != 'binary' (got 'weighted'). You may use labels=[pos_label] to specify a single positive class.
  warnings.warn(

2025-07-08 10:14:17,717:WARNING:C:\Users\fares\anaconda3\envs\pycaret-env\Lib\site-packages\sklearn\metrics\_classification.py:1561: UserWarning: Note that pos_label (set to 'yes') is ignored when average != 'binary' (got 'weighted'). You may use labels=[pos_label] to specify a single positive class.
  warnings.warn(

2025-07-08 10:14:17,718:WARNING:C:\Users\fares\anaconda3\envs\pycaret-env\Lib\site-packages\sklearn\metrics\_classification.py:1561: UserWarning: Note that pos_label (set to 'yes') is ignored when average != 'binary' (got 'weighted'). You may use labels=[pos_label] to specify a single positive class.
  warnings.warn(

2025-07-08 10:14:17,719:WARNING:C:\Users\fares\anaconda3\envs\pycaret-env\Lib\site-packages\sklearn\metrics\_classification.py:1561: UserWarning: Note that pos_label (set to 'yes') is ignored when average != 'binary' (got 'weighted'). You may use labels=[pos_label] to specify a single positive class.
  warnings.warn(

2025-07-08 10:14:17,721:WARNING:C:\Users\fares\anaconda3\envs\pycaret-env\Lib\site-packages\sklearn\metrics\_classification.py:1561: UserWarning: Note that pos_label (set to 'yes') is ignored when average != 'binary' (got 'weighted'). You may use labels=[pos_label] to specify a single positive class.
  warnings.warn(

2025-07-08 10:14:17,722:WARNING:C:\Users\fares\anaconda3\envs\pycaret-env\Lib\site-packages\sklearn\metrics\_classification.py:1561: UserWarning: Note that pos_label (set to 'yes') is ignored when average != 'binary' (got 'weighted'). You may use labels=[pos_label] to specify a single positive class.
  warnings.warn(

2025-07-08 10:14:17,728:WARNING:C:\Users\fares\anaconda3\envs\pycaret-env\Lib\site-packages\sklearn\metrics\_classification.py:1561: UserWarning: Note that pos_label (set to 'yes') is ignored when average != 'binary' (got 'weighted'). You may use labels=[pos_label] to specify a single positive class.
  warnings.warn(

2025-07-08 10:14:17,728:WARNING:C:\Users\fares\anaconda3\envs\pycaret-env\Lib\site-packages\sklearn\metrics\_classification.py:1561: UserWarning: Note that pos_label (set to 'yes') is ignored when average != 'binary' (got 'weighted'). You may use labels=[pos_label] to specify a single positive class.
  warnings.warn(

2025-07-08 10:14:17,739:WARNING:C:\Users\fares\anaconda3\envs\pycaret-env\Lib\site-packages\sklearn\metrics\_classification.py:1561: UserWarning: Note that pos_label (set to 'yes') is ignored when average != 'binary' (got 'weighted'). You may use labels=[pos_label] to specify a single positive class.
  warnings.warn(

2025-07-08 10:14:17,740:WARNING:C:\Users\fares\anaconda3\envs\pycaret-env\Lib\site-packages\sklearn\metrics\_classification.py:1561: UserWarning: Note that pos_label (set to 'yes') is ignored when average != 'binary' (got 'weighted'). You may use labels=[pos_label] to specify a single positive class.
  warnings.warn(

2025-07-08 10:14:17,748:WARNING:C:\Users\fares\anaconda3\envs\pycaret-env\Lib\site-packages\sklearn\metrics\_classification.py:1561: UserWarning: Note that pos_label (set to 'yes') is ignored when average != 'binary' (got 'weighted'). You may use labels=[pos_label] to specify a single positive class.
  warnings.warn(

2025-07-08 10:14:17,750:WARNING:C:\Users\fares\anaconda3\envs\pycaret-env\Lib\site-packages\sklearn\metrics\_classification.py:1561: UserWarning: Note that pos_label (set to 'yes') is ignored when average != 'binary' (got 'weighted'). You may use labels=[pos_label] to specify a single positive class.
  warnings.warn(

2025-07-08 10:14:17,752:WARNING:C:\Users\fares\anaconda3\envs\pycaret-env\Lib\site-packages\sklearn\metrics\_classification.py:1561: UserWarning: Note that pos_label (set to 'yes') is ignored when average != 'binary' (got 'weighted'). You may use labels=[pos_label] to specify a single positive class.
  warnings.warn(

2025-07-08 10:14:17,753:WARNING:C:\Users\fares\anaconda3\envs\pycaret-env\Lib\site-packages\sklearn\metrics\_classification.py:1561: UserWarning: Note that pos_label (set to 'yes') is ignored when average != 'binary' (got 'weighted'). You may use labels=[pos_label] to specify a single positive class.
  warnings.warn(

2025-07-08 10:14:17,754:WARNING:C:\Users\fares\anaconda3\envs\pycaret-env\Lib\site-packages\sklearn\metrics\_classification.py:1561: UserWarning: Note that pos_label (set to 'yes') is ignored when average != 'binary' (got 'weighted'). You may use labels=[pos_label] to specify a single positive class.
  warnings.warn(

2025-07-08 10:14:17,774:WARNING:C:\Users\fares\anaconda3\envs\pycaret-env\Lib\site-packages\sklearn\metrics\_classification.py:1561: UserWarning: Note that pos_label (set to 'yes') is ignored when average != 'binary' (got 'weighted'). You may use labels=[pos_label] to specify a single positive class.
  warnings.warn(

2025-07-08 10:14:17,825:INFO:Calculating mean and std
2025-07-08 10:14:17,827:INFO:Creating metrics dataframe
2025-07-08 10:14:17,830:INFO:Uploading results into container
2025-07-08 10:14:17,831:INFO:Uploading model into container now
2025-07-08 10:14:17,831:INFO:_master_model_container: 6
2025-07-08 10:14:17,831:INFO:_display_container: 2
2025-07-08 10:14:17,832:INFO:RidgeClassifier(alpha=1.0, class_weight=None, copy_X=True, fit_intercept=True,
                max_iter=None, positive=False, random_state=123, solver='auto',
                tol=0.0001)
2025-07-08 10:14:17,832:INFO:create_model() successfully completed......................................
2025-07-08 10:14:17,943:INFO:SubProcess create_model() end ==================================
2025-07-08 10:14:17,943:INFO:Creating metrics dataframe
2025-07-08 10:14:17,954:INFO:Initializing Random Forest Classifier
2025-07-08 10:14:17,954:INFO:Total runtime is 0.5130729675292969 minutes
2025-07-08 10:14:17,958:INFO:SubProcess create_model() called ==================================
2025-07-08 10:14:17,960:INFO:Initializing create_model()
2025-07-08 10:14:17,961:INFO:create_model(self=<pycaret.classification.oop.ClassificationExperiment object at 0x000001F47E0DEE90>, estimator=rf, fold=StratifiedKFold(n_splits=10, random_state=None, shuffle=False), round=4, cross_validation=True, predict=True, fit_kwargs={}, groups=None, refit=False, probability_threshold=None, experiment_custom_tags=None, verbose=False, system=False, add_to_model_list=True, metrics=None, display=<pycaret.internal.display.display.CommonDisplay object at 0x000001F47E0860D0>, model_only=True, return_train_score=False, error_score=0.0, kwargs={})
2025-07-08 10:14:17,961:INFO:Checking exceptions
2025-07-08 10:14:17,961:INFO:Importing libraries
2025-07-08 10:14:17,961:INFO:Copying training dataset
2025-07-08 10:14:17,983:INFO:Defining folds
2025-07-08 10:14:17,983:INFO:Declaring metric variables
2025-07-08 10:14:17,987:INFO:Importing untrained model
2025-07-08 10:14:17,992:INFO:Random Forest Classifier Imported successfully
2025-07-08 10:14:18,000:INFO:Starting cross validation
2025-07-08 10:14:18,004:INFO:Cross validating with StratifiedKFold(n_splits=10, random_state=None, shuffle=False), n_jobs=-1
2025-07-08 10:14:22,300:WARNING:C:\Users\fares\anaconda3\envs\pycaret-env\Lib\site-packages\sklearn\metrics\_classification.py:1561: UserWarning: Note that pos_label (set to 'yes') is ignored when average != 'binary' (got 'weighted'). You may use labels=[pos_label] to specify a single positive class.
  warnings.warn(

2025-07-08 10:14:22,304:WARNING:C:\Users\fares\anaconda3\envs\pycaret-env\Lib\site-packages\sklearn\metrics\_classification.py:1561: UserWarning: Note that pos_label (set to 'yes') is ignored when average != 'binary' (got 'weighted'). You may use labels=[pos_label] to specify a single positive class.
  warnings.warn(

2025-07-08 10:14:22,321:WARNING:C:\Users\fares\anaconda3\envs\pycaret-env\Lib\site-packages\sklearn\metrics\_classification.py:1561: UserWarning: Note that pos_label (set to 'yes') is ignored when average != 'binary' (got 'weighted'). You may use labels=[pos_label] to specify a single positive class.
  warnings.warn(

2025-07-08 10:14:22,334:WARNING:C:\Users\fares\anaconda3\envs\pycaret-env\Lib\site-packages\sklearn\metrics\_classification.py:1561: UserWarning: Note that pos_label (set to 'yes') is ignored when average != 'binary' (got 'weighted'). You may use labels=[pos_label] to specify a single positive class.
  warnings.warn(

2025-07-08 10:14:22,344:WARNING:C:\Users\fares\anaconda3\envs\pycaret-env\Lib\site-packages\sklearn\metrics\_classification.py:1561: UserWarning: Note that pos_label (set to 'yes') is ignored when average != 'binary' (got 'weighted'). You may use labels=[pos_label] to specify a single positive class.
  warnings.warn(

2025-07-08 10:14:22,350:WARNING:C:\Users\fares\anaconda3\envs\pycaret-env\Lib\site-packages\sklearn\metrics\_classification.py:1561: UserWarning: Note that pos_label (set to 'yes') is ignored when average != 'binary' (got 'weighted'). You may use labels=[pos_label] to specify a single positive class.
  warnings.warn(

2025-07-08 10:14:22,352:WARNING:C:\Users\fares\anaconda3\envs\pycaret-env\Lib\site-packages\sklearn\metrics\_classification.py:1561: UserWarning: Note that pos_label (set to 'yes') is ignored when average != 'binary' (got 'weighted'). You may use labels=[pos_label] to specify a single positive class.
  warnings.warn(

2025-07-08 10:14:22,367:WARNING:C:\Users\fares\anaconda3\envs\pycaret-env\Lib\site-packages\sklearn\metrics\_classification.py:1561: UserWarning: Note that pos_label (set to 'yes') is ignored when average != 'binary' (got 'weighted'). You may use labels=[pos_label] to specify a single positive class.
  warnings.warn(

2025-07-08 10:14:22,368:WARNING:C:\Users\fares\anaconda3\envs\pycaret-env\Lib\site-packages\sklearn\metrics\_classification.py:1561: UserWarning: Note that pos_label (set to 'yes') is ignored when average != 'binary' (got 'weighted'). You may use labels=[pos_label] to specify a single positive class.
  warnings.warn(

2025-07-08 10:14:22,381:WARNING:C:\Users\fares\anaconda3\envs\pycaret-env\Lib\site-packages\sklearn\metrics\_classification.py:1561: UserWarning: Note that pos_label (set to 'yes') is ignored when average != 'binary' (got 'weighted'). You may use labels=[pos_label] to specify a single positive class.
  warnings.warn(

2025-07-08 10:14:22,384:WARNING:C:\Users\fares\anaconda3\envs\pycaret-env\Lib\site-packages\sklearn\metrics\_classification.py:1561: UserWarning: Note that pos_label (set to 'yes') is ignored when average != 'binary' (got 'weighted'). You may use labels=[pos_label] to specify a single positive class.
  warnings.warn(

2025-07-08 10:14:22,391:WARNING:C:\Users\fares\anaconda3\envs\pycaret-env\Lib\site-packages\sklearn\metrics\_classification.py:1561: UserWarning: Note that pos_label (set to 'yes') is ignored when average != 'binary' (got 'weighted'). You may use labels=[pos_label] to specify a single positive class.
  warnings.warn(

2025-07-08 10:14:22,392:WARNING:C:\Users\fares\anaconda3\envs\pycaret-env\Lib\site-packages\sklearn\metrics\_classification.py:1561: UserWarning: Note that pos_label (set to 'yes') is ignored when average != 'binary' (got 'weighted'). You may use labels=[pos_label] to specify a single positive class.
  warnings.warn(

2025-07-08 10:14:22,410:WARNING:C:\Users\fares\anaconda3\envs\pycaret-env\Lib\site-packages\sklearn\metrics\_classification.py:1561: UserWarning: Note that pos_label (set to 'yes') is ignored when average != 'binary' (got 'weighted'). You may use labels=[pos_label] to specify a single positive class.
  warnings.warn(

2025-07-08 10:14:22,410:WARNING:C:\Users\fares\anaconda3\envs\pycaret-env\Lib\site-packages\sklearn\metrics\_classification.py:1561: UserWarning: Note that pos_label (set to 'yes') is ignored when average != 'binary' (got 'weighted'). You may use labels=[pos_label] to specify a single positive class.
  warnings.warn(

2025-07-08 10:14:22,420:WARNING:C:\Users\fares\anaconda3\envs\pycaret-env\Lib\site-packages\sklearn\metrics\_classification.py:1561: UserWarning: Note that pos_label (set to 'yes') is ignored when average != 'binary' (got 'weighted'). You may use labels=[pos_label] to specify a single positive class.
  warnings.warn(

2025-07-08 10:14:22,437:WARNING:C:\Users\fares\anaconda3\envs\pycaret-env\Lib\site-packages\sklearn\metrics\_classification.py:1561: UserWarning: Note that pos_label (set to 'yes') is ignored when average != 'binary' (got 'weighted'). You may use labels=[pos_label] to specify a single positive class.
  warnings.warn(

2025-07-08 10:14:22,437:WARNING:C:\Users\fares\anaconda3\envs\pycaret-env\Lib\site-packages\sklearn\metrics\_classification.py:1561: UserWarning: Note that pos_label (set to 'yes') is ignored when average != 'binary' (got 'weighted'). You may use labels=[pos_label] to specify a single positive class.
  warnings.warn(

2025-07-08 10:14:22,450:WARNING:C:\Users\fares\anaconda3\envs\pycaret-env\Lib\site-packages\sklearn\metrics\_classification.py:1561: UserWarning: Note that pos_label (set to 'yes') is ignored when average != 'binary' (got 'weighted'). You may use labels=[pos_label] to specify a single positive class.
  warnings.warn(

2025-07-08 10:14:22,452:WARNING:C:\Users\fares\anaconda3\envs\pycaret-env\Lib\site-packages\sklearn\metrics\_classification.py:1561: UserWarning: Note that pos_label (set to 'yes') is ignored when average != 'binary' (got 'weighted'). You may use labels=[pos_label] to specify a single positive class.
  warnings.warn(

2025-07-08 10:14:22,459:WARNING:C:\Users\fares\anaconda3\envs\pycaret-env\Lib\site-packages\sklearn\metrics\_classification.py:1561: UserWarning: Note that pos_label (set to 'yes') is ignored when average != 'binary' (got 'weighted'). You may use labels=[pos_label] to specify a single positive class.
  warnings.warn(

2025-07-08 10:14:22,469:WARNING:C:\Users\fares\anaconda3\envs\pycaret-env\Lib\site-packages\sklearn\metrics\_classification.py:1561: UserWarning: Note that pos_label (set to 'yes') is ignored when average != 'binary' (got 'weighted'). You may use labels=[pos_label] to specify a single positive class.
  warnings.warn(

2025-07-08 10:14:22,479:WARNING:C:\Users\fares\anaconda3\envs\pycaret-env\Lib\site-packages\sklearn\metrics\_classification.py:1561: UserWarning: Note that pos_label (set to 'yes') is ignored when average != 'binary' (got 'weighted'). You may use labels=[pos_label] to specify a single positive class.
  warnings.warn(

2025-07-08 10:14:22,484:WARNING:C:\Users\fares\anaconda3\envs\pycaret-env\Lib\site-packages\sklearn\metrics\_classification.py:1561: UserWarning: Note that pos_label (set to 'yes') is ignored when average != 'binary' (got 'weighted'). You may use labels=[pos_label] to specify a single positive class.
  warnings.warn(

2025-07-08 10:14:22,490:WARNING:C:\Users\fares\anaconda3\envs\pycaret-env\Lib\site-packages\sklearn\metrics\_classification.py:1561: UserWarning: Note that pos_label (set to 'yes') is ignored when average != 'binary' (got 'weighted'). You may use labels=[pos_label] to specify a single positive class.
  warnings.warn(

2025-07-08 10:14:22,503:WARNING:C:\Users\fares\anaconda3\envs\pycaret-env\Lib\site-packages\sklearn\metrics\_classification.py:1561: UserWarning: Note that pos_label (set to 'yes') is ignored when average != 'binary' (got 'weighted'). You may use labels=[pos_label] to specify a single positive class.
  warnings.warn(

2025-07-08 10:14:22,510:WARNING:C:\Users\fares\anaconda3\envs\pycaret-env\Lib\site-packages\sklearn\metrics\_classification.py:1561: UserWarning: Note that pos_label (set to 'yes') is ignored when average != 'binary' (got 'weighted'). You may use labels=[pos_label] to specify a single positive class.
  warnings.warn(

2025-07-08 10:14:22,522:WARNING:C:\Users\fares\anaconda3\envs\pycaret-env\Lib\site-packages\sklearn\metrics\_classification.py:1561: UserWarning: Note that pos_label (set to 'yes') is ignored when average != 'binary' (got 'weighted'). You may use labels=[pos_label] to specify a single positive class.
  warnings.warn(

2025-07-08 10:14:22,526:WARNING:C:\Users\fares\anaconda3\envs\pycaret-env\Lib\site-packages\sklearn\metrics\_classification.py:1561: UserWarning: Note that pos_label (set to 'yes') is ignored when average != 'binary' (got 'weighted'). You may use labels=[pos_label] to specify a single positive class.
  warnings.warn(

2025-07-08 10:14:22,540:WARNING:C:\Users\fares\anaconda3\envs\pycaret-env\Lib\site-packages\sklearn\metrics\_classification.py:1561: UserWarning: Note that pos_label (set to 'yes') is ignored when average != 'binary' (got 'weighted'). You may use labels=[pos_label] to specify a single positive class.
  warnings.warn(

2025-07-08 10:14:22,586:INFO:Calculating mean and std
2025-07-08 10:14:22,588:INFO:Creating metrics dataframe
2025-07-08 10:14:22,590:INFO:Uploading results into container
2025-07-08 10:14:22,592:INFO:Uploading model into container now
2025-07-08 10:14:22,592:INFO:_master_model_container: 7
2025-07-08 10:14:22,593:INFO:_display_container: 2
2025-07-08 10:14:22,593:INFO:RandomForestClassifier(bootstrap=True, ccp_alpha=0.0, class_weight=None,
                       criterion='gini', max_depth=None, max_features='sqrt',
                       max_leaf_nodes=None, max_samples=None,
                       min_impurity_decrease=0.0, min_samples_leaf=1,
                       min_samples_split=2, min_weight_fraction_leaf=0.0,
                       monotonic_cst=None, n_estimators=100, n_jobs=-1,
                       oob_score=False, random_state=123, verbose=0,
                       warm_start=False)
2025-07-08 10:14:22,593:INFO:create_model() successfully completed......................................
2025-07-08 10:14:22,698:INFO:SubProcess create_model() end ==================================
2025-07-08 10:14:22,698:INFO:Creating metrics dataframe
2025-07-08 10:14:22,707:INFO:Initializing Quadratic Discriminant Analysis
2025-07-08 10:14:22,708:INFO:Total runtime is 0.5922983964284261 minutes
2025-07-08 10:14:22,712:INFO:SubProcess create_model() called ==================================
2025-07-08 10:14:22,712:INFO:Initializing create_model()
2025-07-08 10:14:22,712:INFO:create_model(self=<pycaret.classification.oop.ClassificationExperiment object at 0x000001F47E0DEE90>, estimator=qda, fold=StratifiedKFold(n_splits=10, random_state=None, shuffle=False), round=4, cross_validation=True, predict=True, fit_kwargs={}, groups=None, refit=False, probability_threshold=None, experiment_custom_tags=None, verbose=False, system=False, add_to_model_list=True, metrics=None, display=<pycaret.internal.display.display.CommonDisplay object at 0x000001F47E0860D0>, model_only=True, return_train_score=False, error_score=0.0, kwargs={})
2025-07-08 10:14:22,713:INFO:Checking exceptions
2025-07-08 10:14:22,713:INFO:Importing libraries
2025-07-08 10:14:22,714:INFO:Copying training dataset
2025-07-08 10:14:22,736:INFO:Defining folds
2025-07-08 10:14:22,736:INFO:Declaring metric variables
2025-07-08 10:14:22,741:INFO:Importing untrained model
2025-07-08 10:14:22,746:INFO:Quadratic Discriminant Analysis Imported successfully
2025-07-08 10:14:22,754:INFO:Starting cross validation
2025-07-08 10:14:22,759:INFO:Cross validating with StratifiedKFold(n_splits=10, random_state=None, shuffle=False), n_jobs=-1
2025-07-08 10:14:24,219:WARNING:C:\Users\fares\anaconda3\envs\pycaret-env\Lib\site-packages\sklearn\discriminant_analysis.py:935: UserWarning: Variables are collinear
  warnings.warn("Variables are collinear")

2025-07-08 10:14:24,253:WARNING:C:\Users\fares\anaconda3\envs\pycaret-env\Lib\site-packages\sklearn\discriminant_analysis.py:935: UserWarning: Variables are collinear
  warnings.warn("Variables are collinear")

2025-07-08 10:14:24,255:WARNING:C:\Users\fares\anaconda3\envs\pycaret-env\Lib\site-packages\sklearn\discriminant_analysis.py:935: UserWarning: Variables are collinear
  warnings.warn("Variables are collinear")

2025-07-08 10:14:24,296:WARNING:C:\Users\fares\anaconda3\envs\pycaret-env\Lib\site-packages\sklearn\discriminant_analysis.py:935: UserWarning: Variables are collinear
  warnings.warn("Variables are collinear")

2025-07-08 10:14:24,346:WARNING:C:\Users\fares\anaconda3\envs\pycaret-env\Lib\site-packages\sklearn\discriminant_analysis.py:935: UserWarning: Variables are collinear
  warnings.warn("Variables are collinear")

2025-07-08 10:14:24,351:WARNING:C:\Users\fares\anaconda3\envs\pycaret-env\Lib\site-packages\sklearn\discriminant_analysis.py:935: UserWarning: Variables are collinear
  warnings.warn("Variables are collinear")

2025-07-08 10:14:24,366:WARNING:C:\Users\fares\anaconda3\envs\pycaret-env\Lib\site-packages\sklearn\discriminant_analysis.py:935: UserWarning: Variables are collinear
  warnings.warn("Variables are collinear")

2025-07-08 10:14:24,396:WARNING:C:\Users\fares\anaconda3\envs\pycaret-env\Lib\site-packages\sklearn\discriminant_analysis.py:935: UserWarning: Variables are collinear
  warnings.warn("Variables are collinear")

2025-07-08 10:14:24,429:WARNING:C:\Users\fares\anaconda3\envs\pycaret-env\Lib\site-packages\sklearn\discriminant_analysis.py:935: UserWarning: Variables are collinear
  warnings.warn("Variables are collinear")

2025-07-08 10:14:24,431:WARNING:C:\Users\fares\anaconda3\envs\pycaret-env\Lib\site-packages\sklearn\discriminant_analysis.py:935: UserWarning: Variables are collinear
  warnings.warn("Variables are collinear")

2025-07-08 10:14:24,493:WARNING:C:\Users\fares\anaconda3\envs\pycaret-env\Lib\site-packages\sklearn\metrics\_classification.py:1561: UserWarning: Note that pos_label (set to 'yes') is ignored when average != 'binary' (got 'weighted'). You may use labels=[pos_label] to specify a single positive class.
  warnings.warn(

2025-07-08 10:14:24,493:WARNING:C:\Users\fares\anaconda3\envs\pycaret-env\Lib\site-packages\sklearn\metrics\_classification.py:1561: UserWarning: Note that pos_label (set to 'yes') is ignored when average != 'binary' (got 'weighted'). You may use labels=[pos_label] to specify a single positive class.
  warnings.warn(

2025-07-08 10:14:24,503:WARNING:C:\Users\fares\anaconda3\envs\pycaret-env\Lib\site-packages\sklearn\metrics\_classification.py:1561: UserWarning: Note that pos_label (set to 'yes') is ignored when average != 'binary' (got 'weighted'). You may use labels=[pos_label] to specify a single positive class.
  warnings.warn(

2025-07-08 10:14:24,511:WARNING:C:\Users\fares\anaconda3\envs\pycaret-env\Lib\site-packages\sklearn\metrics\_classification.py:1561: UserWarning: Note that pos_label (set to 'yes') is ignored when average != 'binary' (got 'weighted'). You may use labels=[pos_label] to specify a single positive class.
  warnings.warn(

2025-07-08 10:14:24,520:WARNING:C:\Users\fares\anaconda3\envs\pycaret-env\Lib\site-packages\sklearn\metrics\_classification.py:1561: UserWarning: Note that pos_label (set to 'yes') is ignored when average != 'binary' (got 'weighted'). You may use labels=[pos_label] to specify a single positive class.
  warnings.warn(

2025-07-08 10:14:24,523:WARNING:C:\Users\fares\anaconda3\envs\pycaret-env\Lib\site-packages\sklearn\metrics\_classification.py:1561: UserWarning: Note that pos_label (set to 'yes') is ignored when average != 'binary' (got 'weighted'). You may use labels=[pos_label] to specify a single positive class.
  warnings.warn(

2025-07-08 10:14:24,531:WARNING:C:\Users\fares\anaconda3\envs\pycaret-env\Lib\site-packages\sklearn\metrics\_classification.py:1561: UserWarning: Note that pos_label (set to 'yes') is ignored when average != 'binary' (got 'weighted'). You may use labels=[pos_label] to specify a single positive class.
  warnings.warn(

2025-07-08 10:14:24,534:WARNING:C:\Users\fares\anaconda3\envs\pycaret-env\Lib\site-packages\sklearn\metrics\_classification.py:1561: UserWarning: Note that pos_label (set to 'yes') is ignored when average != 'binary' (got 'weighted'). You may use labels=[pos_label] to specify a single positive class.
  warnings.warn(

2025-07-08 10:14:24,536:WARNING:C:\Users\fares\anaconda3\envs\pycaret-env\Lib\site-packages\sklearn\metrics\_classification.py:1561: UserWarning: Note that pos_label (set to 'yes') is ignored when average != 'binary' (got 'weighted'). You may use labels=[pos_label] to specify a single positive class.
  warnings.warn(

2025-07-08 10:14:24,538:WARNING:C:\Users\fares\anaconda3\envs\pycaret-env\Lib\site-packages\sklearn\metrics\_classification.py:1561: UserWarning: Note that pos_label (set to 'yes') is ignored when average != 'binary' (got 'weighted'). You may use labels=[pos_label] to specify a single positive class.
  warnings.warn(

2025-07-08 10:14:24,542:WARNING:C:\Users\fares\anaconda3\envs\pycaret-env\Lib\site-packages\sklearn\metrics\_classification.py:1561: UserWarning: Note that pos_label (set to 'yes') is ignored when average != 'binary' (got 'weighted'). You may use labels=[pos_label] to specify a single positive class.
  warnings.warn(

2025-07-08 10:14:24,551:WARNING:C:\Users\fares\anaconda3\envs\pycaret-env\Lib\site-packages\sklearn\metrics\_classification.py:1561: UserWarning: Note that pos_label (set to 'yes') is ignored when average != 'binary' (got 'weighted'). You may use labels=[pos_label] to specify a single positive class.
  warnings.warn(

2025-07-08 10:14:24,552:WARNING:C:\Users\fares\anaconda3\envs\pycaret-env\Lib\site-packages\sklearn\metrics\_classification.py:1561: UserWarning: Note that pos_label (set to 'yes') is ignored when average != 'binary' (got 'weighted'). You may use labels=[pos_label] to specify a single positive class.
  warnings.warn(

2025-07-08 10:14:24,559:WARNING:C:\Users\fares\anaconda3\envs\pycaret-env\Lib\site-packages\sklearn\metrics\_classification.py:1561: UserWarning: Note that pos_label (set to 'yes') is ignored when average != 'binary' (got 'weighted'). You may use labels=[pos_label] to specify a single positive class.
  warnings.warn(

2025-07-08 10:14:24,564:WARNING:C:\Users\fares\anaconda3\envs\pycaret-env\Lib\site-packages\sklearn\metrics\_classification.py:1561: UserWarning: Note that pos_label (set to 'yes') is ignored when average != 'binary' (got 'weighted'). You may use labels=[pos_label] to specify a single positive class.
  warnings.warn(

2025-07-08 10:14:24,565:WARNING:C:\Users\fares\anaconda3\envs\pycaret-env\Lib\site-packages\sklearn\metrics\_classification.py:1561: UserWarning: Note that pos_label (set to 'yes') is ignored when average != 'binary' (got 'weighted'). You may use labels=[pos_label] to specify a single positive class.
  warnings.warn(

2025-07-08 10:14:24,566:WARNING:C:\Users\fares\anaconda3\envs\pycaret-env\Lib\site-packages\sklearn\metrics\_classification.py:1561: UserWarning: Note that pos_label (set to 'yes') is ignored when average != 'binary' (got 'weighted'). You may use labels=[pos_label] to specify a single positive class.
  warnings.warn(

2025-07-08 10:14:24,568:WARNING:C:\Users\fares\anaconda3\envs\pycaret-env\Lib\site-packages\sklearn\metrics\_classification.py:1561: UserWarning: Note that pos_label (set to 'yes') is ignored when average != 'binary' (got 'weighted'). You may use labels=[pos_label] to specify a single positive class.
  warnings.warn(

2025-07-08 10:14:24,573:WARNING:C:\Users\fares\anaconda3\envs\pycaret-env\Lib\site-packages\sklearn\metrics\_classification.py:1561: UserWarning: Note that pos_label (set to 'yes') is ignored when average != 'binary' (got 'weighted'). You may use labels=[pos_label] to specify a single positive class.
  warnings.warn(

2025-07-08 10:14:24,585:WARNING:C:\Users\fares\anaconda3\envs\pycaret-env\Lib\site-packages\sklearn\metrics\_classification.py:1561: UserWarning: Note that pos_label (set to 'yes') is ignored when average != 'binary' (got 'weighted'). You may use labels=[pos_label] to specify a single positive class.
  warnings.warn(

2025-07-08 10:14:24,587:WARNING:C:\Users\fares\anaconda3\envs\pycaret-env\Lib\site-packages\sklearn\metrics\_classification.py:1561: UserWarning: Note that pos_label (set to 'yes') is ignored when average != 'binary' (got 'weighted'). You may use labels=[pos_label] to specify a single positive class.
  warnings.warn(

2025-07-08 10:14:24,589:WARNING:C:\Users\fares\anaconda3\envs\pycaret-env\Lib\site-packages\sklearn\metrics\_classification.py:1561: UserWarning: Note that pos_label (set to 'yes') is ignored when average != 'binary' (got 'weighted'). You may use labels=[pos_label] to specify a single positive class.
  warnings.warn(

2025-07-08 10:14:24,593:WARNING:C:\Users\fares\anaconda3\envs\pycaret-env\Lib\site-packages\sklearn\metrics\_classification.py:1561: UserWarning: Note that pos_label (set to 'yes') is ignored when average != 'binary' (got 'weighted'). You may use labels=[pos_label] to specify a single positive class.
  warnings.warn(

2025-07-08 10:14:24,594:WARNING:C:\Users\fares\anaconda3\envs\pycaret-env\Lib\site-packages\sklearn\metrics\_classification.py:1561: UserWarning: Note that pos_label (set to 'yes') is ignored when average != 'binary' (got 'weighted'). You may use labels=[pos_label] to specify a single positive class.
  warnings.warn(

2025-07-08 10:14:24,604:WARNING:C:\Users\fares\anaconda3\envs\pycaret-env\Lib\site-packages\sklearn\metrics\_classification.py:1561: UserWarning: Note that pos_label (set to 'yes') is ignored when average != 'binary' (got 'weighted'). You may use labels=[pos_label] to specify a single positive class.
  warnings.warn(

2025-07-08 10:14:24,612:WARNING:C:\Users\fares\anaconda3\envs\pycaret-env\Lib\site-packages\sklearn\metrics\_classification.py:1561: UserWarning: Note that pos_label (set to 'yes') is ignored when average != 'binary' (got 'weighted'). You may use labels=[pos_label] to specify a single positive class.
  warnings.warn(

2025-07-08 10:14:24,616:WARNING:C:\Users\fares\anaconda3\envs\pycaret-env\Lib\site-packages\sklearn\metrics\_classification.py:1561: UserWarning: Note that pos_label (set to 'yes') is ignored when average != 'binary' (got 'weighted'). You may use labels=[pos_label] to specify a single positive class.
  warnings.warn(

2025-07-08 10:14:24,623:WARNING:C:\Users\fares\anaconda3\envs\pycaret-env\Lib\site-packages\sklearn\metrics\_classification.py:1561: UserWarning: Note that pos_label (set to 'yes') is ignored when average != 'binary' (got 'weighted'). You may use labels=[pos_label] to specify a single positive class.
  warnings.warn(

2025-07-08 10:14:24,647:WARNING:C:\Users\fares\anaconda3\envs\pycaret-env\Lib\site-packages\sklearn\metrics\_classification.py:1561: UserWarning: Note that pos_label (set to 'yes') is ignored when average != 'binary' (got 'weighted'). You may use labels=[pos_label] to specify a single positive class.
  warnings.warn(

2025-07-08 10:14:24,652:WARNING:C:\Users\fares\anaconda3\envs\pycaret-env\Lib\site-packages\sklearn\metrics\_classification.py:1561: UserWarning: Note that pos_label (set to 'yes') is ignored when average != 'binary' (got 'weighted'). You may use labels=[pos_label] to specify a single positive class.
  warnings.warn(

2025-07-08 10:14:24,695:INFO:Calculating mean and std
2025-07-08 10:14:24,696:INFO:Creating metrics dataframe
2025-07-08 10:14:24,699:INFO:Uploading results into container
2025-07-08 10:14:24,699:INFO:Uploading model into container now
2025-07-08 10:14:24,700:INFO:_master_model_container: 8
2025-07-08 10:14:24,700:INFO:_display_container: 2
2025-07-08 10:14:24,701:INFO:QuadraticDiscriminantAnalysis(priors=None, reg_param=0.0,
                              store_covariance=False, tol=0.0001)
2025-07-08 10:14:24,701:INFO:create_model() successfully completed......................................
2025-07-08 10:14:24,808:INFO:SubProcess create_model() end ==================================
2025-07-08 10:14:24,809:INFO:Creating metrics dataframe
2025-07-08 10:14:24,821:INFO:Initializing Ada Boost Classifier
2025-07-08 10:14:24,821:INFO:Total runtime is 0.6275358915328979 minutes
2025-07-08 10:14:24,825:INFO:SubProcess create_model() called ==================================
2025-07-08 10:14:24,826:INFO:Initializing create_model()
2025-07-08 10:14:24,826:INFO:create_model(self=<pycaret.classification.oop.ClassificationExperiment object at 0x000001F47E0DEE90>, estimator=ada, fold=StratifiedKFold(n_splits=10, random_state=None, shuffle=False), round=4, cross_validation=True, predict=True, fit_kwargs={}, groups=None, refit=False, probability_threshold=None, experiment_custom_tags=None, verbose=False, system=False, add_to_model_list=True, metrics=None, display=<pycaret.internal.display.display.CommonDisplay object at 0x000001F47E0860D0>, model_only=True, return_train_score=False, error_score=0.0, kwargs={})
2025-07-08 10:14:24,826:INFO:Checking exceptions
2025-07-08 10:14:24,826:INFO:Importing libraries
2025-07-08 10:14:24,826:INFO:Copying training dataset
2025-07-08 10:14:24,856:INFO:Defining folds
2025-07-08 10:14:24,857:INFO:Declaring metric variables
2025-07-08 10:14:24,862:INFO:Importing untrained model
2025-07-08 10:14:24,867:INFO:Ada Boost Classifier Imported successfully
2025-07-08 10:14:24,875:INFO:Starting cross validation
2025-07-08 10:14:24,878:INFO:Cross validating with StratifiedKFold(n_splits=10, random_state=None, shuffle=False), n_jobs=-1
2025-07-08 10:14:25,854:WARNING:C:\Users\fares\anaconda3\envs\pycaret-env\Lib\site-packages\sklearn\ensemble\_weight_boosting.py:519: FutureWarning: The SAMME.R algorithm (the default) is deprecated and will be removed in 1.6. Use the SAMME algorithm to circumvent this warning.
  warnings.warn(

2025-07-08 10:14:25,888:WARNING:C:\Users\fares\anaconda3\envs\pycaret-env\Lib\site-packages\sklearn\ensemble\_weight_boosting.py:519: FutureWarning: The SAMME.R algorithm (the default) is deprecated and will be removed in 1.6. Use the SAMME algorithm to circumvent this warning.
  warnings.warn(

2025-07-08 10:14:25,891:WARNING:C:\Users\fares\anaconda3\envs\pycaret-env\Lib\site-packages\sklearn\ensemble\_weight_boosting.py:519: FutureWarning: The SAMME.R algorithm (the default) is deprecated and will be removed in 1.6. Use the SAMME algorithm to circumvent this warning.
  warnings.warn(

2025-07-08 10:14:25,903:WARNING:C:\Users\fares\anaconda3\envs\pycaret-env\Lib\site-packages\sklearn\ensemble\_weight_boosting.py:519: FutureWarning: The SAMME.R algorithm (the default) is deprecated and will be removed in 1.6. Use the SAMME algorithm to circumvent this warning.
  warnings.warn(

2025-07-08 10:14:25,919:WARNING:C:\Users\fares\anaconda3\envs\pycaret-env\Lib\site-packages\sklearn\ensemble\_weight_boosting.py:519: FutureWarning: The SAMME.R algorithm (the default) is deprecated and will be removed in 1.6. Use the SAMME algorithm to circumvent this warning.
  warnings.warn(

2025-07-08 10:14:25,920:WARNING:C:\Users\fares\anaconda3\envs\pycaret-env\Lib\site-packages\sklearn\ensemble\_weight_boosting.py:519: FutureWarning: The SAMME.R algorithm (the default) is deprecated and will be removed in 1.6. Use the SAMME algorithm to circumvent this warning.
  warnings.warn(

2025-07-08 10:14:25,930:WARNING:C:\Users\fares\anaconda3\envs\pycaret-env\Lib\site-packages\sklearn\ensemble\_weight_boosting.py:519: FutureWarning: The SAMME.R algorithm (the default) is deprecated and will be removed in 1.6. Use the SAMME algorithm to circumvent this warning.
  warnings.warn(

2025-07-08 10:14:25,931:WARNING:C:\Users\fares\anaconda3\envs\pycaret-env\Lib\site-packages\sklearn\ensemble\_weight_boosting.py:519: FutureWarning: The SAMME.R algorithm (the default) is deprecated and will be removed in 1.6. Use the SAMME algorithm to circumvent this warning.
  warnings.warn(

2025-07-08 10:14:25,961:WARNING:C:\Users\fares\anaconda3\envs\pycaret-env\Lib\site-packages\sklearn\ensemble\_weight_boosting.py:519: FutureWarning: The SAMME.R algorithm (the default) is deprecated and will be removed in 1.6. Use the SAMME algorithm to circumvent this warning.
  warnings.warn(

2025-07-08 10:14:25,977:WARNING:C:\Users\fares\anaconda3\envs\pycaret-env\Lib\site-packages\sklearn\ensemble\_weight_boosting.py:519: FutureWarning: The SAMME.R algorithm (the default) is deprecated and will be removed in 1.6. Use the SAMME algorithm to circumvent this warning.
  warnings.warn(

2025-07-08 10:14:28,563:WARNING:C:\Users\fares\anaconda3\envs\pycaret-env\Lib\site-packages\sklearn\metrics\_classification.py:1561: UserWarning: Note that pos_label (set to 'yes') is ignored when average != 'binary' (got 'weighted'). You may use labels=[pos_label] to specify a single positive class.
  warnings.warn(

2025-07-08 10:14:28,592:WARNING:C:\Users\fares\anaconda3\envs\pycaret-env\Lib\site-packages\sklearn\metrics\_classification.py:1561: UserWarning: Note that pos_label (set to 'yes') is ignored when average != 'binary' (got 'weighted'). You may use labels=[pos_label] to specify a single positive class.
  warnings.warn(

2025-07-08 10:14:28,596:WARNING:C:\Users\fares\anaconda3\envs\pycaret-env\Lib\site-packages\sklearn\metrics\_classification.py:1561: UserWarning: Note that pos_label (set to 'yes') is ignored when average != 'binary' (got 'weighted'). You may use labels=[pos_label] to specify a single positive class.
  warnings.warn(

2025-07-08 10:14:28,602:WARNING:C:\Users\fares\anaconda3\envs\pycaret-env\Lib\site-packages\sklearn\metrics\_classification.py:1561: UserWarning: Note that pos_label (set to 'yes') is ignored when average != 'binary' (got 'weighted'). You may use labels=[pos_label] to specify a single positive class.
  warnings.warn(

2025-07-08 10:14:28,614:WARNING:C:\Users\fares\anaconda3\envs\pycaret-env\Lib\site-packages\sklearn\metrics\_classification.py:1561: UserWarning: Note that pos_label (set to 'yes') is ignored when average != 'binary' (got 'weighted'). You may use labels=[pos_label] to specify a single positive class.
  warnings.warn(

2025-07-08 10:14:28,615:WARNING:C:\Users\fares\anaconda3\envs\pycaret-env\Lib\site-packages\sklearn\metrics\_classification.py:1561: UserWarning: Note that pos_label (set to 'yes') is ignored when average != 'binary' (got 'weighted'). You may use labels=[pos_label] to specify a single positive class.
  warnings.warn(

2025-07-08 10:14:28,615:WARNING:C:\Users\fares\anaconda3\envs\pycaret-env\Lib\site-packages\sklearn\metrics\_classification.py:1561: UserWarning: Note that pos_label (set to 'yes') is ignored when average != 'binary' (got 'weighted'). You may use labels=[pos_label] to specify a single positive class.
  warnings.warn(

2025-07-08 10:14:28,619:WARNING:C:\Users\fares\anaconda3\envs\pycaret-env\Lib\site-packages\sklearn\metrics\_classification.py:1561: UserWarning: Note that pos_label (set to 'yes') is ignored when average != 'binary' (got 'weighted'). You may use labels=[pos_label] to specify a single positive class.
  warnings.warn(

2025-07-08 10:14:28,621:WARNING:C:\Users\fares\anaconda3\envs\pycaret-env\Lib\site-packages\sklearn\metrics\_classification.py:1561: UserWarning: Note that pos_label (set to 'yes') is ignored when average != 'binary' (got 'weighted'). You may use labels=[pos_label] to specify a single positive class.
  warnings.warn(

2025-07-08 10:14:28,622:WARNING:C:\Users\fares\anaconda3\envs\pycaret-env\Lib\site-packages\sklearn\metrics\_classification.py:1561: UserWarning: Note that pos_label (set to 'yes') is ignored when average != 'binary' (got 'weighted'). You may use labels=[pos_label] to specify a single positive class.
  warnings.warn(

2025-07-08 10:14:28,626:WARNING:C:\Users\fares\anaconda3\envs\pycaret-env\Lib\site-packages\sklearn\metrics\_classification.py:1561: UserWarning: Note that pos_label (set to 'yes') is ignored when average != 'binary' (got 'weighted'). You may use labels=[pos_label] to specify a single positive class.
  warnings.warn(

2025-07-08 10:14:28,626:WARNING:C:\Users\fares\anaconda3\envs\pycaret-env\Lib\site-packages\sklearn\metrics\_classification.py:1561: UserWarning: Note that pos_label (set to 'yes') is ignored when average != 'binary' (got 'weighted'). You may use labels=[pos_label] to specify a single positive class.
  warnings.warn(

2025-07-08 10:14:28,628:WARNING:C:\Users\fares\anaconda3\envs\pycaret-env\Lib\site-packages\sklearn\metrics\_classification.py:1561: UserWarning: Note that pos_label (set to 'yes') is ignored when average != 'binary' (got 'weighted'). You may use labels=[pos_label] to specify a single positive class.
  warnings.warn(

2025-07-08 10:14:28,642:WARNING:C:\Users\fares\anaconda3\envs\pycaret-env\Lib\site-packages\sklearn\metrics\_classification.py:1561: UserWarning: Note that pos_label (set to 'yes') is ignored when average != 'binary' (got 'weighted'). You may use labels=[pos_label] to specify a single positive class.
  warnings.warn(

2025-07-08 10:14:28,644:WARNING:C:\Users\fares\anaconda3\envs\pycaret-env\Lib\site-packages\sklearn\metrics\_classification.py:1561: UserWarning: Note that pos_label (set to 'yes') is ignored when average != 'binary' (got 'weighted'). You may use labels=[pos_label] to specify a single positive class.
  warnings.warn(

2025-07-08 10:14:28,646:WARNING:C:\Users\fares\anaconda3\envs\pycaret-env\Lib\site-packages\sklearn\metrics\_classification.py:1561: UserWarning: Note that pos_label (set to 'yes') is ignored when average != 'binary' (got 'weighted'). You may use labels=[pos_label] to specify a single positive class.
  warnings.warn(

2025-07-08 10:14:28,649:WARNING:C:\Users\fares\anaconda3\envs\pycaret-env\Lib\site-packages\sklearn\metrics\_classification.py:1561: UserWarning: Note that pos_label (set to 'yes') is ignored when average != 'binary' (got 'weighted'). You may use labels=[pos_label] to specify a single positive class.
  warnings.warn(

2025-07-08 10:14:28,650:WARNING:C:\Users\fares\anaconda3\envs\pycaret-env\Lib\site-packages\sklearn\metrics\_classification.py:1561: UserWarning: Note that pos_label (set to 'yes') is ignored when average != 'binary' (got 'weighted'). You may use labels=[pos_label] to specify a single positive class.
  warnings.warn(

2025-07-08 10:14:28,650:WARNING:C:\Users\fares\anaconda3\envs\pycaret-env\Lib\site-packages\sklearn\metrics\_classification.py:1561: UserWarning: Note that pos_label (set to 'yes') is ignored when average != 'binary' (got 'weighted'). You may use labels=[pos_label] to specify a single positive class.
  warnings.warn(

2025-07-08 10:14:28,652:WARNING:C:\Users\fares\anaconda3\envs\pycaret-env\Lib\site-packages\sklearn\metrics\_classification.py:1561: UserWarning: Note that pos_label (set to 'yes') is ignored when average != 'binary' (got 'weighted'). You may use labels=[pos_label] to specify a single positive class.
  warnings.warn(

2025-07-08 10:14:28,653:WARNING:C:\Users\fares\anaconda3\envs\pycaret-env\Lib\site-packages\sklearn\metrics\_classification.py:1561: UserWarning: Note that pos_label (set to 'yes') is ignored when average != 'binary' (got 'weighted'). You may use labels=[pos_label] to specify a single positive class.
  warnings.warn(

2025-07-08 10:14:28,657:WARNING:C:\Users\fares\anaconda3\envs\pycaret-env\Lib\site-packages\sklearn\metrics\_classification.py:1561: UserWarning: Note that pos_label (set to 'yes') is ignored when average != 'binary' (got 'weighted'). You may use labels=[pos_label] to specify a single positive class.
  warnings.warn(

2025-07-08 10:14:28,672:WARNING:C:\Users\fares\anaconda3\envs\pycaret-env\Lib\site-packages\sklearn\metrics\_classification.py:1561: UserWarning: Note that pos_label (set to 'yes') is ignored when average != 'binary' (got 'weighted'). You may use labels=[pos_label] to specify a single positive class.
  warnings.warn(

2025-07-08 10:14:28,672:WARNING:C:\Users\fares\anaconda3\envs\pycaret-env\Lib\site-packages\sklearn\metrics\_classification.py:1561: UserWarning: Note that pos_label (set to 'yes') is ignored when average != 'binary' (got 'weighted'). You may use labels=[pos_label] to specify a single positive class.
  warnings.warn(

2025-07-08 10:14:28,675:WARNING:C:\Users\fares\anaconda3\envs\pycaret-env\Lib\site-packages\sklearn\metrics\_classification.py:1561: UserWarning: Note that pos_label (set to 'yes') is ignored when average != 'binary' (got 'weighted'). You may use labels=[pos_label] to specify a single positive class.
  warnings.warn(

2025-07-08 10:14:28,680:WARNING:C:\Users\fares\anaconda3\envs\pycaret-env\Lib\site-packages\sklearn\metrics\_classification.py:1561: UserWarning: Note that pos_label (set to 'yes') is ignored when average != 'binary' (got 'weighted'). You may use labels=[pos_label] to specify a single positive class.
  warnings.warn(

2025-07-08 10:14:28,680:WARNING:C:\Users\fares\anaconda3\envs\pycaret-env\Lib\site-packages\sklearn\metrics\_classification.py:1561: UserWarning: Note that pos_label (set to 'yes') is ignored when average != 'binary' (got 'weighted'). You may use labels=[pos_label] to specify a single positive class.
  warnings.warn(

2025-07-08 10:14:28,681:WARNING:C:\Users\fares\anaconda3\envs\pycaret-env\Lib\site-packages\sklearn\metrics\_classification.py:1561: UserWarning: Note that pos_label (set to 'yes') is ignored when average != 'binary' (got 'weighted'). You may use labels=[pos_label] to specify a single positive class.
  warnings.warn(

2025-07-08 10:14:28,683:WARNING:C:\Users\fares\anaconda3\envs\pycaret-env\Lib\site-packages\sklearn\metrics\_classification.py:1561: UserWarning: Note that pos_label (set to 'yes') is ignored when average != 'binary' (got 'weighted'). You may use labels=[pos_label] to specify a single positive class.
  warnings.warn(

2025-07-08 10:14:28,709:WARNING:C:\Users\fares\anaconda3\envs\pycaret-env\Lib\site-packages\sklearn\metrics\_classification.py:1561: UserWarning: Note that pos_label (set to 'yes') is ignored when average != 'binary' (got 'weighted'). You may use labels=[pos_label] to specify a single positive class.
  warnings.warn(

2025-07-08 10:14:28,753:INFO:Calculating mean and std
2025-07-08 10:14:28,755:INFO:Creating metrics dataframe
2025-07-08 10:14:28,756:INFO:Uploading results into container
2025-07-08 10:14:28,757:INFO:Uploading model into container now
2025-07-08 10:14:28,757:INFO:_master_model_container: 9
2025-07-08 10:14:28,758:INFO:_display_container: 2
2025-07-08 10:14:28,758:INFO:AdaBoostClassifier(algorithm='SAMME.R', estimator=None, learning_rate=1.0,
                   n_estimators=50, random_state=123)
2025-07-08 10:14:28,758:INFO:create_model() successfully completed......................................
2025-07-08 10:14:28,861:INFO:SubProcess create_model() end ==================================
2025-07-08 10:14:28,861:INFO:Creating metrics dataframe
2025-07-08 10:14:28,872:INFO:Initializing Gradient Boosting Classifier
2025-07-08 10:14:28,873:INFO:Total runtime is 0.695058786869049 minutes
2025-07-08 10:14:28,877:INFO:SubProcess create_model() called ==================================
2025-07-08 10:14:28,877:INFO:Initializing create_model()
2025-07-08 10:14:28,877:INFO:create_model(self=<pycaret.classification.oop.ClassificationExperiment object at 0x000001F47E0DEE90>, estimator=gbc, fold=StratifiedKFold(n_splits=10, random_state=None, shuffle=False), round=4, cross_validation=True, predict=True, fit_kwargs={}, groups=None, refit=False, probability_threshold=None, experiment_custom_tags=None, verbose=False, system=False, add_to_model_list=True, metrics=None, display=<pycaret.internal.display.display.CommonDisplay object at 0x000001F47E0860D0>, model_only=True, return_train_score=False, error_score=0.0, kwargs={})
2025-07-08 10:14:28,878:INFO:Checking exceptions
2025-07-08 10:14:28,878:INFO:Importing libraries
2025-07-08 10:14:28,878:INFO:Copying training dataset
2025-07-08 10:14:28,901:INFO:Defining folds
2025-07-08 10:14:28,901:INFO:Declaring metric variables
2025-07-08 10:14:28,905:INFO:Importing untrained model
2025-07-08 10:14:28,909:INFO:Gradient Boosting Classifier Imported successfully
2025-07-08 10:14:28,915:INFO:Starting cross validation
2025-07-08 10:14:28,920:INFO:Cross validating with StratifiedKFold(n_splits=10, random_state=None, shuffle=False), n_jobs=-1
2025-07-08 10:14:37,154:WARNING:C:\Users\fares\anaconda3\envs\pycaret-env\Lib\site-packages\sklearn\metrics\_classification.py:1561: UserWarning: Note that pos_label (set to 'yes') is ignored when average != 'binary' (got 'weighted'). You may use labels=[pos_label] to specify a single positive class.
  warnings.warn(

2025-07-08 10:14:37,158:WARNING:C:\Users\fares\anaconda3\envs\pycaret-env\Lib\site-packages\sklearn\metrics\_classification.py:1561: UserWarning: Note that pos_label (set to 'yes') is ignored when average != 'binary' (got 'weighted'). You may use labels=[pos_label] to specify a single positive class.
  warnings.warn(

2025-07-08 10:14:37,162:WARNING:C:\Users\fares\anaconda3\envs\pycaret-env\Lib\site-packages\sklearn\metrics\_classification.py:1561: UserWarning: Note that pos_label (set to 'yes') is ignored when average != 'binary' (got 'weighted'). You may use labels=[pos_label] to specify a single positive class.
  warnings.warn(

2025-07-08 10:14:37,185:WARNING:C:\Users\fares\anaconda3\envs\pycaret-env\Lib\site-packages\sklearn\metrics\_classification.py:1561: UserWarning: Note that pos_label (set to 'yes') is ignored when average != 'binary' (got 'weighted'). You may use labels=[pos_label] to specify a single positive class.
  warnings.warn(

2025-07-08 10:14:37,190:WARNING:C:\Users\fares\anaconda3\envs\pycaret-env\Lib\site-packages\sklearn\metrics\_classification.py:1561: UserWarning: Note that pos_label (set to 'yes') is ignored when average != 'binary' (got 'weighted'). You may use labels=[pos_label] to specify a single positive class.
  warnings.warn(

2025-07-08 10:14:37,193:WARNING:C:\Users\fares\anaconda3\envs\pycaret-env\Lib\site-packages\sklearn\metrics\_classification.py:1561: UserWarning: Note that pos_label (set to 'yes') is ignored when average != 'binary' (got 'weighted'). You may use labels=[pos_label] to specify a single positive class.
  warnings.warn(

2025-07-08 10:14:37,206:WARNING:C:\Users\fares\anaconda3\envs\pycaret-env\Lib\site-packages\sklearn\metrics\_classification.py:1561: UserWarning: Note that pos_label (set to 'yes') is ignored when average != 'binary' (got 'weighted'). You may use labels=[pos_label] to specify a single positive class.
  warnings.warn(

2025-07-08 10:14:37,211:WARNING:C:\Users\fares\anaconda3\envs\pycaret-env\Lib\site-packages\sklearn\metrics\_classification.py:1561: UserWarning: Note that pos_label (set to 'yes') is ignored when average != 'binary' (got 'weighted'). You may use labels=[pos_label] to specify a single positive class.
  warnings.warn(

2025-07-08 10:14:37,217:WARNING:C:\Users\fares\anaconda3\envs\pycaret-env\Lib\site-packages\sklearn\metrics\_classification.py:1561: UserWarning: Note that pos_label (set to 'yes') is ignored when average != 'binary' (got 'weighted'). You may use labels=[pos_label] to specify a single positive class.
  warnings.warn(

2025-07-08 10:14:37,223:WARNING:C:\Users\fares\anaconda3\envs\pycaret-env\Lib\site-packages\sklearn\metrics\_classification.py:1561: UserWarning: Note that pos_label (set to 'yes') is ignored when average != 'binary' (got 'weighted'). You may use labels=[pos_label] to specify a single positive class.
  warnings.warn(

2025-07-08 10:14:37,225:WARNING:C:\Users\fares\anaconda3\envs\pycaret-env\Lib\site-packages\sklearn\metrics\_classification.py:1561: UserWarning: Note that pos_label (set to 'yes') is ignored when average != 'binary' (got 'weighted'). You may use labels=[pos_label] to specify a single positive class.
  warnings.warn(

2025-07-08 10:14:37,225:WARNING:C:\Users\fares\anaconda3\envs\pycaret-env\Lib\site-packages\sklearn\metrics\_classification.py:1561: UserWarning: Note that pos_label (set to 'yes') is ignored when average != 'binary' (got 'weighted'). You may use labels=[pos_label] to specify a single positive class.
  warnings.warn(

2025-07-08 10:14:37,227:WARNING:C:\Users\fares\anaconda3\envs\pycaret-env\Lib\site-packages\sklearn\metrics\_classification.py:1561: UserWarning: Note that pos_label (set to 'yes') is ignored when average != 'binary' (got 'weighted'). You may use labels=[pos_label] to specify a single positive class.
  warnings.warn(

2025-07-08 10:14:37,237:WARNING:C:\Users\fares\anaconda3\envs\pycaret-env\Lib\site-packages\sklearn\metrics\_classification.py:1561: UserWarning: Note that pos_label (set to 'yes') is ignored when average != 'binary' (got 'weighted'). You may use labels=[pos_label] to specify a single positive class.
  warnings.warn(

2025-07-08 10:14:37,243:WARNING:C:\Users\fares\anaconda3\envs\pycaret-env\Lib\site-packages\sklearn\metrics\_classification.py:1561: UserWarning: Note that pos_label (set to 'yes') is ignored when average != 'binary' (got 'weighted'). You may use labels=[pos_label] to specify a single positive class.
  warnings.warn(

2025-07-08 10:14:37,260:WARNING:C:\Users\fares\anaconda3\envs\pycaret-env\Lib\site-packages\sklearn\metrics\_classification.py:1561: UserWarning: Note that pos_label (set to 'yes') is ignored when average != 'binary' (got 'weighted'). You may use labels=[pos_label] to specify a single positive class.
  warnings.warn(

2025-07-08 10:14:37,269:WARNING:C:\Users\fares\anaconda3\envs\pycaret-env\Lib\site-packages\sklearn\metrics\_classification.py:1561: UserWarning: Note that pos_label (set to 'yes') is ignored when average != 'binary' (got 'weighted'). You may use labels=[pos_label] to specify a single positive class.
  warnings.warn(

2025-07-08 10:14:37,273:WARNING:C:\Users\fares\anaconda3\envs\pycaret-env\Lib\site-packages\sklearn\metrics\_classification.py:1561: UserWarning: Note that pos_label (set to 'yes') is ignored when average != 'binary' (got 'weighted'). You may use labels=[pos_label] to specify a single positive class.
  warnings.warn(

2025-07-08 10:14:37,284:WARNING:C:\Users\fares\anaconda3\envs\pycaret-env\Lib\site-packages\sklearn\metrics\_classification.py:1561: UserWarning: Note that pos_label (set to 'yes') is ignored when average != 'binary' (got 'weighted'). You may use labels=[pos_label] to specify a single positive class.
  warnings.warn(

2025-07-08 10:14:37,286:WARNING:C:\Users\fares\anaconda3\envs\pycaret-env\Lib\site-packages\sklearn\metrics\_classification.py:1561: UserWarning: Note that pos_label (set to 'yes') is ignored when average != 'binary' (got 'weighted'). You may use labels=[pos_label] to specify a single positive class.
  warnings.warn(

2025-07-08 10:14:37,291:WARNING:C:\Users\fares\anaconda3\envs\pycaret-env\Lib\site-packages\sklearn\metrics\_classification.py:1561: UserWarning: Note that pos_label (set to 'yes') is ignored when average != 'binary' (got 'weighted'). You may use labels=[pos_label] to specify a single positive class.
  warnings.warn(

2025-07-08 10:14:37,291:WARNING:C:\Users\fares\anaconda3\envs\pycaret-env\Lib\site-packages\sklearn\metrics\_classification.py:1561: UserWarning: Note that pos_label (set to 'yes') is ignored when average != 'binary' (got 'weighted'). You may use labels=[pos_label] to specify a single positive class.
  warnings.warn(

2025-07-08 10:14:37,316:WARNING:C:\Users\fares\anaconda3\envs\pycaret-env\Lib\site-packages\sklearn\metrics\_classification.py:1561: UserWarning: Note that pos_label (set to 'yes') is ignored when average != 'binary' (got 'weighted'). You may use labels=[pos_label] to specify a single positive class.
  warnings.warn(

2025-07-08 10:14:37,319:WARNING:C:\Users\fares\anaconda3\envs\pycaret-env\Lib\site-packages\sklearn\metrics\_classification.py:1561: UserWarning: Note that pos_label (set to 'yes') is ignored when average != 'binary' (got 'weighted'). You may use labels=[pos_label] to specify a single positive class.
  warnings.warn(

2025-07-08 10:14:37,341:WARNING:C:\Users\fares\anaconda3\envs\pycaret-env\Lib\site-packages\sklearn\metrics\_classification.py:1561: UserWarning: Note that pos_label (set to 'yes') is ignored when average != 'binary' (got 'weighted'). You may use labels=[pos_label] to specify a single positive class.
  warnings.warn(

2025-07-08 10:14:37,348:WARNING:C:\Users\fares\anaconda3\envs\pycaret-env\Lib\site-packages\sklearn\metrics\_classification.py:1561: UserWarning: Note that pos_label (set to 'yes') is ignored when average != 'binary' (got 'weighted'). You may use labels=[pos_label] to specify a single positive class.
  warnings.warn(

2025-07-08 10:14:37,349:WARNING:C:\Users\fares\anaconda3\envs\pycaret-env\Lib\site-packages\sklearn\metrics\_classification.py:1561: UserWarning: Note that pos_label (set to 'yes') is ignored when average != 'binary' (got 'weighted'). You may use labels=[pos_label] to specify a single positive class.
  warnings.warn(

2025-07-08 10:14:37,377:WARNING:C:\Users\fares\anaconda3\envs\pycaret-env\Lib\site-packages\sklearn\metrics\_classification.py:1561: UserWarning: Note that pos_label (set to 'yes') is ignored when average != 'binary' (got 'weighted'). You may use labels=[pos_label] to specify a single positive class.
  warnings.warn(

2025-07-08 10:14:37,409:WARNING:C:\Users\fares\anaconda3\envs\pycaret-env\Lib\site-packages\sklearn\metrics\_classification.py:1561: UserWarning: Note that pos_label (set to 'yes') is ignored when average != 'binary' (got 'weighted'). You may use labels=[pos_label] to specify a single positive class.
  warnings.warn(

2025-07-08 10:14:37,455:INFO:Calculating mean and std
2025-07-08 10:14:37,457:INFO:Creating metrics dataframe
2025-07-08 10:14:37,459:INFO:Uploading results into container
2025-07-08 10:14:37,459:INFO:Uploading model into container now
2025-07-08 10:14:37,460:INFO:_master_model_container: 10
2025-07-08 10:14:37,460:INFO:_display_container: 2
2025-07-08 10:14:37,461:INFO:GradientBoostingClassifier(ccp_alpha=0.0, criterion='friedman_mse', init=None,
                           learning_rate=0.1, loss='log_loss', max_depth=3,
                           max_features=None, max_leaf_nodes=None,
                           min_impurity_decrease=0.0, min_samples_leaf=1,
                           min_samples_split=2, min_weight_fraction_leaf=0.0,
                           n_estimators=100, n_iter_no_change=None,
                           random_state=123, subsample=1.0, tol=0.0001,
                           validation_fraction=0.1, verbose=0,
                           warm_start=False)
2025-07-08 10:14:37,461:INFO:create_model() successfully completed......................................
2025-07-08 10:14:37,591:INFO:SubProcess create_model() end ==================================
2025-07-08 10:14:37,592:INFO:Creating metrics dataframe
2025-07-08 10:14:37,604:INFO:Initializing Linear Discriminant Analysis
2025-07-08 10:14:37,604:INFO:Total runtime is 0.8405840754508971 minutes
2025-07-08 10:14:37,609:INFO:SubProcess create_model() called ==================================
2025-07-08 10:14:37,610:INFO:Initializing create_model()
2025-07-08 10:14:37,610:INFO:create_model(self=<pycaret.classification.oop.ClassificationExperiment object at 0x000001F47E0DEE90>, estimator=lda, fold=StratifiedKFold(n_splits=10, random_state=None, shuffle=False), round=4, cross_validation=True, predict=True, fit_kwargs={}, groups=None, refit=False, probability_threshold=None, experiment_custom_tags=None, verbose=False, system=False, add_to_model_list=True, metrics=None, display=<pycaret.internal.display.display.CommonDisplay object at 0x000001F47E0860D0>, model_only=True, return_train_score=False, error_score=0.0, kwargs={})
2025-07-08 10:14:37,610:INFO:Checking exceptions
2025-07-08 10:14:37,610:INFO:Importing libraries
2025-07-08 10:14:37,610:INFO:Copying training dataset
2025-07-08 10:14:37,636:INFO:Defining folds
2025-07-08 10:14:37,636:INFO:Declaring metric variables
2025-07-08 10:14:37,641:INFO:Importing untrained model
2025-07-08 10:14:37,646:INFO:Linear Discriminant Analysis Imported successfully
2025-07-08 10:14:37,656:INFO:Starting cross validation
2025-07-08 10:14:37,660:INFO:Cross validating with StratifiedKFold(n_splits=10, random_state=None, shuffle=False), n_jobs=-1
2025-07-08 10:14:39,540:WARNING:C:\Users\fares\anaconda3\envs\pycaret-env\Lib\site-packages\sklearn\metrics\_classification.py:1561: UserWarning: Note that pos_label (set to 'yes') is ignored when average != 'binary' (got 'weighted'). You may use labels=[pos_label] to specify a single positive class.
  warnings.warn(

2025-07-08 10:14:39,549:WARNING:C:\Users\fares\anaconda3\envs\pycaret-env\Lib\site-packages\sklearn\metrics\_classification.py:1561: UserWarning: Note that pos_label (set to 'yes') is ignored when average != 'binary' (got 'weighted'). You may use labels=[pos_label] to specify a single positive class.
  warnings.warn(

2025-07-08 10:14:39,558:WARNING:C:\Users\fares\anaconda3\envs\pycaret-env\Lib\site-packages\sklearn\metrics\_classification.py:1561: UserWarning: Note that pos_label (set to 'yes') is ignored when average != 'binary' (got 'weighted'). You may use labels=[pos_label] to specify a single positive class.
  warnings.warn(

2025-07-08 10:14:39,565:WARNING:C:\Users\fares\anaconda3\envs\pycaret-env\Lib\site-packages\sklearn\metrics\_classification.py:1561: UserWarning: Note that pos_label (set to 'yes') is ignored when average != 'binary' (got 'weighted'). You may use labels=[pos_label] to specify a single positive class.
  warnings.warn(

2025-07-08 10:14:39,574:WARNING:C:\Users\fares\anaconda3\envs\pycaret-env\Lib\site-packages\sklearn\metrics\_classification.py:1561: UserWarning: Note that pos_label (set to 'yes') is ignored when average != 'binary' (got 'weighted'). You may use labels=[pos_label] to specify a single positive class.
  warnings.warn(

2025-07-08 10:14:39,578:WARNING:C:\Users\fares\anaconda3\envs\pycaret-env\Lib\site-packages\sklearn\metrics\_classification.py:1561: UserWarning: Note that pos_label (set to 'yes') is ignored when average != 'binary' (got 'weighted'). You may use labels=[pos_label] to specify a single positive class.
  warnings.warn(

2025-07-08 10:14:39,584:WARNING:C:\Users\fares\anaconda3\envs\pycaret-env\Lib\site-packages\sklearn\metrics\_classification.py:1561: UserWarning: Note that pos_label (set to 'yes') is ignored when average != 'binary' (got 'weighted'). You may use labels=[pos_label] to specify a single positive class.
  warnings.warn(

2025-07-08 10:14:39,592:WARNING:C:\Users\fares\anaconda3\envs\pycaret-env\Lib\site-packages\sklearn\metrics\_classification.py:1561: UserWarning: Note that pos_label (set to 'yes') is ignored when average != 'binary' (got 'weighted'). You may use labels=[pos_label] to specify a single positive class.
  warnings.warn(

2025-07-08 10:14:39,597:WARNING:C:\Users\fares\anaconda3\envs\pycaret-env\Lib\site-packages\sklearn\metrics\_classification.py:1561: UserWarning: Note that pos_label (set to 'yes') is ignored when average != 'binary' (got 'weighted'). You may use labels=[pos_label] to specify a single positive class.
  warnings.warn(

2025-07-08 10:14:39,600:WARNING:C:\Users\fares\anaconda3\envs\pycaret-env\Lib\site-packages\sklearn\metrics\_classification.py:1561: UserWarning: Note that pos_label (set to 'yes') is ignored when average != 'binary' (got 'weighted'). You may use labels=[pos_label] to specify a single positive class.
  warnings.warn(

2025-07-08 10:14:39,603:WARNING:C:\Users\fares\anaconda3\envs\pycaret-env\Lib\site-packages\sklearn\metrics\_classification.py:1561: UserWarning: Note that pos_label (set to 'yes') is ignored when average != 'binary' (got 'weighted'). You may use labels=[pos_label] to specify a single positive class.
  warnings.warn(

2025-07-08 10:14:39,604:WARNING:C:\Users\fares\anaconda3\envs\pycaret-env\Lib\site-packages\sklearn\metrics\_classification.py:1561: UserWarning: Note that pos_label (set to 'yes') is ignored when average != 'binary' (got 'weighted'). You may use labels=[pos_label] to specify a single positive class.
  warnings.warn(

2025-07-08 10:14:39,606:WARNING:C:\Users\fares\anaconda3\envs\pycaret-env\Lib\site-packages\sklearn\metrics\_classification.py:1561: UserWarning: Note that pos_label (set to 'yes') is ignored when average != 'binary' (got 'weighted'). You may use labels=[pos_label] to specify a single positive class.
  warnings.warn(

2025-07-08 10:14:39,606:WARNING:C:\Users\fares\anaconda3\envs\pycaret-env\Lib\site-packages\sklearn\metrics\_classification.py:1561: UserWarning: Note that pos_label (set to 'yes') is ignored when average != 'binary' (got 'weighted'). You may use labels=[pos_label] to specify a single positive class.
  warnings.warn(

2025-07-08 10:14:39,609:WARNING:C:\Users\fares\anaconda3\envs\pycaret-env\Lib\site-packages\sklearn\metrics\_classification.py:1561: UserWarning: Note that pos_label (set to 'yes') is ignored when average != 'binary' (got 'weighted'). You may use labels=[pos_label] to specify a single positive class.
  warnings.warn(

2025-07-08 10:14:39,617:WARNING:C:\Users\fares\anaconda3\envs\pycaret-env\Lib\site-packages\sklearn\metrics\_classification.py:1561: UserWarning: Note that pos_label (set to 'yes') is ignored when average != 'binary' (got 'weighted'). You may use labels=[pos_label] to specify a single positive class.
  warnings.warn(

2025-07-08 10:14:39,621:WARNING:C:\Users\fares\anaconda3\envs\pycaret-env\Lib\site-packages\sklearn\metrics\_classification.py:1561: UserWarning: Note that pos_label (set to 'yes') is ignored when average != 'binary' (got 'weighted'). You may use labels=[pos_label] to specify a single positive class.
  warnings.warn(

2025-07-08 10:14:39,623:WARNING:C:\Users\fares\anaconda3\envs\pycaret-env\Lib\site-packages\sklearn\metrics\_classification.py:1561: UserWarning: Note that pos_label (set to 'yes') is ignored when average != 'binary' (got 'weighted'). You may use labels=[pos_label] to specify a single positive class.
  warnings.warn(

2025-07-08 10:14:39,634:WARNING:C:\Users\fares\anaconda3\envs\pycaret-env\Lib\site-packages\sklearn\metrics\_classification.py:1561: UserWarning: Note that pos_label (set to 'yes') is ignored when average != 'binary' (got 'weighted'). You may use labels=[pos_label] to specify a single positive class.
  warnings.warn(

2025-07-08 10:14:39,634:WARNING:C:\Users\fares\anaconda3\envs\pycaret-env\Lib\site-packages\sklearn\metrics\_classification.py:1561: UserWarning: Note that pos_label (set to 'yes') is ignored when average != 'binary' (got 'weighted'). You may use labels=[pos_label] to specify a single positive class.
  warnings.warn(

2025-07-08 10:14:39,635:WARNING:C:\Users\fares\anaconda3\envs\pycaret-env\Lib\site-packages\sklearn\metrics\_classification.py:1561: UserWarning: Note that pos_label (set to 'yes') is ignored when average != 'binary' (got 'weighted'). You may use labels=[pos_label] to specify a single positive class.
  warnings.warn(

2025-07-08 10:14:39,636:WARNING:C:\Users\fares\anaconda3\envs\pycaret-env\Lib\site-packages\sklearn\metrics\_classification.py:1561: UserWarning: Note that pos_label (set to 'yes') is ignored when average != 'binary' (got 'weighted'). You may use labels=[pos_label] to specify a single positive class.
  warnings.warn(

2025-07-08 10:14:39,640:WARNING:C:\Users\fares\anaconda3\envs\pycaret-env\Lib\site-packages\sklearn\metrics\_classification.py:1561: UserWarning: Note that pos_label (set to 'yes') is ignored when average != 'binary' (got 'weighted'). You may use labels=[pos_label] to specify a single positive class.
  warnings.warn(

2025-07-08 10:14:39,643:WARNING:C:\Users\fares\anaconda3\envs\pycaret-env\Lib\site-packages\sklearn\metrics\_classification.py:1561: UserWarning: Note that pos_label (set to 'yes') is ignored when average != 'binary' (got 'weighted'). You may use labels=[pos_label] to specify a single positive class.
  warnings.warn(

2025-07-08 10:14:39,654:WARNING:C:\Users\fares\anaconda3\envs\pycaret-env\Lib\site-packages\sklearn\metrics\_classification.py:1561: UserWarning: Note that pos_label (set to 'yes') is ignored when average != 'binary' (got 'weighted'). You may use labels=[pos_label] to specify a single positive class.
  warnings.warn(

2025-07-08 10:14:39,667:WARNING:C:\Users\fares\anaconda3\envs\pycaret-env\Lib\site-packages\sklearn\metrics\_classification.py:1561: UserWarning: Note that pos_label (set to 'yes') is ignored when average != 'binary' (got 'weighted'). You may use labels=[pos_label] to specify a single positive class.
  warnings.warn(

2025-07-08 10:14:39,668:WARNING:C:\Users\fares\anaconda3\envs\pycaret-env\Lib\site-packages\sklearn\metrics\_classification.py:1561: UserWarning: Note that pos_label (set to 'yes') is ignored when average != 'binary' (got 'weighted'). You may use labels=[pos_label] to specify a single positive class.
  warnings.warn(

2025-07-08 10:14:39,668:WARNING:C:\Users\fares\anaconda3\envs\pycaret-env\Lib\site-packages\sklearn\metrics\_classification.py:1561: UserWarning: Note that pos_label (set to 'yes') is ignored when average != 'binary' (got 'weighted'). You may use labels=[pos_label] to specify a single positive class.
  warnings.warn(

2025-07-08 10:14:39,669:WARNING:C:\Users\fares\anaconda3\envs\pycaret-env\Lib\site-packages\sklearn\metrics\_classification.py:1561: UserWarning: Note that pos_label (set to 'yes') is ignored when average != 'binary' (got 'weighted'). You may use labels=[pos_label] to specify a single positive class.
  warnings.warn(

2025-07-08 10:14:39,687:WARNING:C:\Users\fares\anaconda3\envs\pycaret-env\Lib\site-packages\sklearn\metrics\_classification.py:1561: UserWarning: Note that pos_label (set to 'yes') is ignored when average != 'binary' (got 'weighted'). You may use labels=[pos_label] to specify a single positive class.
  warnings.warn(

2025-07-08 10:14:39,735:INFO:Calculating mean and std
2025-07-08 10:14:39,738:INFO:Creating metrics dataframe
2025-07-08 10:14:39,741:INFO:Uploading results into container
2025-07-08 10:14:39,742:INFO:Uploading model into container now
2025-07-08 10:14:39,743:INFO:_master_model_container: 11
2025-07-08 10:14:39,743:INFO:_display_container: 2
2025-07-08 10:14:39,743:INFO:LinearDiscriminantAnalysis(covariance_estimator=None, n_components=None,
                           priors=None, shrinkage=None, solver='svd',
                           store_covariance=False, tol=0.0001)
2025-07-08 10:14:39,744:INFO:create_model() successfully completed......................................
2025-07-08 10:14:39,862:INFO:SubProcess create_model() end ==================================
2025-07-08 10:14:39,862:INFO:Creating metrics dataframe
2025-07-08 10:14:39,876:INFO:Initializing Extra Trees Classifier
2025-07-08 10:14:39,876:INFO:Total runtime is 0.8784488280614215 minutes
2025-07-08 10:14:39,883:INFO:SubProcess create_model() called ==================================
2025-07-08 10:14:39,884:INFO:Initializing create_model()
2025-07-08 10:14:39,884:INFO:create_model(self=<pycaret.classification.oop.ClassificationExperiment object at 0x000001F47E0DEE90>, estimator=et, fold=StratifiedKFold(n_splits=10, random_state=None, shuffle=False), round=4, cross_validation=True, predict=True, fit_kwargs={}, groups=None, refit=False, probability_threshold=None, experiment_custom_tags=None, verbose=False, system=False, add_to_model_list=True, metrics=None, display=<pycaret.internal.display.display.CommonDisplay object at 0x000001F47E0860D0>, model_only=True, return_train_score=False, error_score=0.0, kwargs={})
2025-07-08 10:14:39,884:INFO:Checking exceptions
2025-07-08 10:14:39,884:INFO:Importing libraries
2025-07-08 10:14:39,884:INFO:Copying training dataset
2025-07-08 10:14:39,914:INFO:Defining folds
2025-07-08 10:14:39,914:INFO:Declaring metric variables
2025-07-08 10:14:39,918:INFO:Importing untrained model
2025-07-08 10:14:39,923:INFO:Extra Trees Classifier Imported successfully
2025-07-08 10:14:39,932:INFO:Starting cross validation
2025-07-08 10:14:39,938:INFO:Cross validating with StratifiedKFold(n_splits=10, random_state=None, shuffle=False), n_jobs=-1
2025-07-08 10:14:45,677:WARNING:C:\Users\fares\anaconda3\envs\pycaret-env\Lib\site-packages\sklearn\metrics\_classification.py:1561: UserWarning: Note that pos_label (set to 'yes') is ignored when average != 'binary' (got 'weighted'). You may use labels=[pos_label] to specify a single positive class.
  warnings.warn(

2025-07-08 10:14:45,684:WARNING:C:\Users\fares\anaconda3\envs\pycaret-env\Lib\site-packages\sklearn\metrics\_classification.py:1561: UserWarning: Note that pos_label (set to 'yes') is ignored when average != 'binary' (got 'weighted'). You may use labels=[pos_label] to specify a single positive class.
  warnings.warn(

2025-07-08 10:14:45,696:WARNING:C:\Users\fares\anaconda3\envs\pycaret-env\Lib\site-packages\sklearn\metrics\_classification.py:1561: UserWarning: Note that pos_label (set to 'yes') is ignored when average != 'binary' (got 'weighted'). You may use labels=[pos_label] to specify a single positive class.
  warnings.warn(

2025-07-08 10:14:45,718:WARNING:C:\Users\fares\anaconda3\envs\pycaret-env\Lib\site-packages\sklearn\metrics\_classification.py:1561: UserWarning: Note that pos_label (set to 'yes') is ignored when average != 'binary' (got 'weighted'). You may use labels=[pos_label] to specify a single positive class.
  warnings.warn(

2025-07-08 10:14:45,726:WARNING:C:\Users\fares\anaconda3\envs\pycaret-env\Lib\site-packages\sklearn\metrics\_classification.py:1561: UserWarning: Note that pos_label (set to 'yes') is ignored when average != 'binary' (got 'weighted'). You may use labels=[pos_label] to specify a single positive class.
  warnings.warn(

2025-07-08 10:14:45,738:WARNING:C:\Users\fares\anaconda3\envs\pycaret-env\Lib\site-packages\sklearn\metrics\_classification.py:1561: UserWarning: Note that pos_label (set to 'yes') is ignored when average != 'binary' (got 'weighted'). You may use labels=[pos_label] to specify a single positive class.
  warnings.warn(

2025-07-08 10:14:45,761:WARNING:C:\Users\fares\anaconda3\envs\pycaret-env\Lib\site-packages\sklearn\metrics\_classification.py:1561: UserWarning: Note that pos_label (set to 'yes') is ignored when average != 'binary' (got 'weighted'). You may use labels=[pos_label] to specify a single positive class.
  warnings.warn(

2025-07-08 10:14:45,790:WARNING:C:\Users\fares\anaconda3\envs\pycaret-env\Lib\site-packages\sklearn\metrics\_classification.py:1561: UserWarning: Note that pos_label (set to 'yes') is ignored when average != 'binary' (got 'weighted'). You may use labels=[pos_label] to specify a single positive class.
  warnings.warn(

2025-07-08 10:14:45,807:WARNING:C:\Users\fares\anaconda3\envs\pycaret-env\Lib\site-packages\sklearn\metrics\_classification.py:1561: UserWarning: Note that pos_label (set to 'yes') is ignored when average != 'binary' (got 'weighted'). You may use labels=[pos_label] to specify a single positive class.
  warnings.warn(

2025-07-08 10:14:45,812:WARNING:C:\Users\fares\anaconda3\envs\pycaret-env\Lib\site-packages\sklearn\metrics\_classification.py:1561: UserWarning: Note that pos_label (set to 'yes') is ignored when average != 'binary' (got 'weighted'). You may use labels=[pos_label] to specify a single positive class.
  warnings.warn(

2025-07-08 10:14:45,842:WARNING:C:\Users\fares\anaconda3\envs\pycaret-env\Lib\site-packages\sklearn\metrics\_classification.py:1561: UserWarning: Note that pos_label (set to 'yes') is ignored when average != 'binary' (got 'weighted'). You may use labels=[pos_label] to specify a single positive class.
  warnings.warn(

2025-07-08 10:14:45,868:WARNING:C:\Users\fares\anaconda3\envs\pycaret-env\Lib\site-packages\sklearn\metrics\_classification.py:1561: UserWarning: Note that pos_label (set to 'yes') is ignored when average != 'binary' (got 'weighted'). You may use labels=[pos_label] to specify a single positive class.
  warnings.warn(

2025-07-08 10:14:45,873:WARNING:C:\Users\fares\anaconda3\envs\pycaret-env\Lib\site-packages\sklearn\metrics\_classification.py:1561: UserWarning: Note that pos_label (set to 'yes') is ignored when average != 'binary' (got 'weighted'). You may use labels=[pos_label] to specify a single positive class.
  warnings.warn(

2025-07-08 10:14:45,880:WARNING:C:\Users\fares\anaconda3\envs\pycaret-env\Lib\site-packages\sklearn\metrics\_classification.py:1561: UserWarning: Note that pos_label (set to 'yes') is ignored when average != 'binary' (got 'weighted'). You may use labels=[pos_label] to specify a single positive class.
  warnings.warn(

2025-07-08 10:14:45,883:WARNING:C:\Users\fares\anaconda3\envs\pycaret-env\Lib\site-packages\sklearn\metrics\_classification.py:1561: UserWarning: Note that pos_label (set to 'yes') is ignored when average != 'binary' (got 'weighted'). You may use labels=[pos_label] to specify a single positive class.
  warnings.warn(

2025-07-08 10:14:45,883:WARNING:C:\Users\fares\anaconda3\envs\pycaret-env\Lib\site-packages\sklearn\metrics\_classification.py:1561: UserWarning: Note that pos_label (set to 'yes') is ignored when average != 'binary' (got 'weighted'). You may use labels=[pos_label] to specify a single positive class.
  warnings.warn(

2025-07-08 10:14:45,903:WARNING:C:\Users\fares\anaconda3\envs\pycaret-env\Lib\site-packages\sklearn\metrics\_classification.py:1561: UserWarning: Note that pos_label (set to 'yes') is ignored when average != 'binary' (got 'weighted'). You may use labels=[pos_label] to specify a single positive class.
  warnings.warn(

2025-07-08 10:14:45,904:WARNING:C:\Users\fares\anaconda3\envs\pycaret-env\Lib\site-packages\sklearn\metrics\_classification.py:1561: UserWarning: Note that pos_label (set to 'yes') is ignored when average != 'binary' (got 'weighted'). You may use labels=[pos_label] to specify a single positive class.
  warnings.warn(

2025-07-08 10:14:45,908:WARNING:C:\Users\fares\anaconda3\envs\pycaret-env\Lib\site-packages\sklearn\metrics\_classification.py:1561: UserWarning: Note that pos_label (set to 'yes') is ignored when average != 'binary' (got 'weighted'). You may use labels=[pos_label] to specify a single positive class.
  warnings.warn(

2025-07-08 10:14:45,915:WARNING:C:\Users\fares\anaconda3\envs\pycaret-env\Lib\site-packages\sklearn\metrics\_classification.py:1561: UserWarning: Note that pos_label (set to 'yes') is ignored when average != 'binary' (got 'weighted'). You may use labels=[pos_label] to specify a single positive class.
  warnings.warn(

2025-07-08 10:14:45,916:WARNING:C:\Users\fares\anaconda3\envs\pycaret-env\Lib\site-packages\sklearn\metrics\_classification.py:1561: UserWarning: Note that pos_label (set to 'yes') is ignored when average != 'binary' (got 'weighted'). You may use labels=[pos_label] to specify a single positive class.
  warnings.warn(

2025-07-08 10:14:45,919:WARNING:C:\Users\fares\anaconda3\envs\pycaret-env\Lib\site-packages\sklearn\metrics\_classification.py:1561: UserWarning: Note that pos_label (set to 'yes') is ignored when average != 'binary' (got 'weighted'). You may use labels=[pos_label] to specify a single positive class.
  warnings.warn(

2025-07-08 10:14:45,921:WARNING:C:\Users\fares\anaconda3\envs\pycaret-env\Lib\site-packages\sklearn\metrics\_classification.py:1561: UserWarning: Note that pos_label (set to 'yes') is ignored when average != 'binary' (got 'weighted'). You may use labels=[pos_label] to specify a single positive class.
  warnings.warn(

2025-07-08 10:14:45,936:WARNING:C:\Users\fares\anaconda3\envs\pycaret-env\Lib\site-packages\sklearn\metrics\_classification.py:1561: UserWarning: Note that pos_label (set to 'yes') is ignored when average != 'binary' (got 'weighted'). You may use labels=[pos_label] to specify a single positive class.
  warnings.warn(

2025-07-08 10:14:45,944:WARNING:C:\Users\fares\anaconda3\envs\pycaret-env\Lib\site-packages\sklearn\metrics\_classification.py:1561: UserWarning: Note that pos_label (set to 'yes') is ignored when average != 'binary' (got 'weighted'). You may use labels=[pos_label] to specify a single positive class.
  warnings.warn(

2025-07-08 10:14:45,949:WARNING:C:\Users\fares\anaconda3\envs\pycaret-env\Lib\site-packages\sklearn\metrics\_classification.py:1561: UserWarning: Note that pos_label (set to 'yes') is ignored when average != 'binary' (got 'weighted'). You may use labels=[pos_label] to specify a single positive class.
  warnings.warn(

2025-07-08 10:14:45,952:WARNING:C:\Users\fares\anaconda3\envs\pycaret-env\Lib\site-packages\sklearn\metrics\_classification.py:1561: UserWarning: Note that pos_label (set to 'yes') is ignored when average != 'binary' (got 'weighted'). You may use labels=[pos_label] to specify a single positive class.
  warnings.warn(

2025-07-08 10:14:45,952:WARNING:C:\Users\fares\anaconda3\envs\pycaret-env\Lib\site-packages\sklearn\metrics\_classification.py:1561: UserWarning: Note that pos_label (set to 'yes') is ignored when average != 'binary' (got 'weighted'). You may use labels=[pos_label] to specify a single positive class.
  warnings.warn(

2025-07-08 10:14:45,980:WARNING:C:\Users\fares\anaconda3\envs\pycaret-env\Lib\site-packages\sklearn\metrics\_classification.py:1561: UserWarning: Note that pos_label (set to 'yes') is ignored when average != 'binary' (got 'weighted'). You may use labels=[pos_label] to specify a single positive class.
  warnings.warn(

2025-07-08 10:14:45,984:WARNING:C:\Users\fares\anaconda3\envs\pycaret-env\Lib\site-packages\sklearn\metrics\_classification.py:1561: UserWarning: Note that pos_label (set to 'yes') is ignored when average != 'binary' (got 'weighted'). You may use labels=[pos_label] to specify a single positive class.
  warnings.warn(

2025-07-08 10:14:46,030:INFO:Calculating mean and std
2025-07-08 10:14:46,032:INFO:Creating metrics dataframe
2025-07-08 10:14:46,035:INFO:Uploading results into container
2025-07-08 10:14:46,036:INFO:Uploading model into container now
2025-07-08 10:14:46,036:INFO:_master_model_container: 12
2025-07-08 10:14:46,038:INFO:_display_container: 2
2025-07-08 10:14:46,038:INFO:ExtraTreesClassifier(bootstrap=False, ccp_alpha=0.0, class_weight=None,
                     criterion='gini', max_depth=None, max_features='sqrt',
                     max_leaf_nodes=None, max_samples=None,
                     min_impurity_decrease=0.0, min_samples_leaf=1,
                     min_samples_split=2, min_weight_fraction_leaf=0.0,
                     monotonic_cst=None, n_estimators=100, n_jobs=-1,
                     oob_score=False, random_state=123, verbose=0,
                     warm_start=False)
2025-07-08 10:14:46,038:INFO:create_model() successfully completed......................................
2025-07-08 10:14:46,160:INFO:SubProcess create_model() end ==================================
2025-07-08 10:14:46,160:INFO:Creating metrics dataframe
2025-07-08 10:14:46,178:INFO:Initializing Light Gradient Boosting Machine
2025-07-08 10:14:46,178:INFO:Total runtime is 0.9834858934084573 minutes
2025-07-08 10:14:46,183:INFO:SubProcess create_model() called ==================================
2025-07-08 10:14:46,184:INFO:Initializing create_model()
2025-07-08 10:14:46,184:INFO:create_model(self=<pycaret.classification.oop.ClassificationExperiment object at 0x000001F47E0DEE90>, estimator=lightgbm, fold=StratifiedKFold(n_splits=10, random_state=None, shuffle=False), round=4, cross_validation=True, predict=True, fit_kwargs={}, groups=None, refit=False, probability_threshold=None, experiment_custom_tags=None, verbose=False, system=False, add_to_model_list=True, metrics=None, display=<pycaret.internal.display.display.CommonDisplay object at 0x000001F47E0860D0>, model_only=True, return_train_score=False, error_score=0.0, kwargs={})
2025-07-08 10:14:46,184:INFO:Checking exceptions
2025-07-08 10:14:46,185:INFO:Importing libraries
2025-07-08 10:14:46,185:INFO:Copying training dataset
2025-07-08 10:14:46,217:INFO:Defining folds
2025-07-08 10:14:46,217:INFO:Declaring metric variables
2025-07-08 10:14:46,221:INFO:Importing untrained model
2025-07-08 10:14:46,227:INFO:Light Gradient Boosting Machine Imported successfully
2025-07-08 10:14:46,236:INFO:Starting cross validation
2025-07-08 10:14:46,241:INFO:Cross validating with StratifiedKFold(n_splits=10, random_state=None, shuffle=False), n_jobs=-1
2025-07-08 10:14:49,299:WARNING:C:\Users\fares\anaconda3\envs\pycaret-env\Lib\site-packages\sklearn\metrics\_classification.py:1561: UserWarning: Note that pos_label (set to 'yes') is ignored when average != 'binary' (got 'weighted'). You may use labels=[pos_label] to specify a single positive class.
  warnings.warn(

2025-07-08 10:14:49,311:WARNING:C:\Users\fares\anaconda3\envs\pycaret-env\Lib\site-packages\sklearn\metrics\_classification.py:1561: UserWarning: Note that pos_label (set to 'yes') is ignored when average != 'binary' (got 'weighted'). You may use labels=[pos_label] to specify a single positive class.
  warnings.warn(

2025-07-08 10:14:49,312:WARNING:C:\Users\fares\anaconda3\envs\pycaret-env\Lib\site-packages\sklearn\metrics\_classification.py:1561: UserWarning: Note that pos_label (set to 'yes') is ignored when average != 'binary' (got 'weighted'). You may use labels=[pos_label] to specify a single positive class.
  warnings.warn(

2025-07-08 10:14:49,344:WARNING:C:\Users\fares\anaconda3\envs\pycaret-env\Lib\site-packages\sklearn\metrics\_classification.py:1561: UserWarning: Note that pos_label (set to 'yes') is ignored when average != 'binary' (got 'weighted'). You may use labels=[pos_label] to specify a single positive class.
  warnings.warn(

2025-07-08 10:14:49,379:WARNING:C:\Users\fares\anaconda3\envs\pycaret-env\Lib\site-packages\sklearn\metrics\_classification.py:1561: UserWarning: Note that pos_label (set to 'yes') is ignored when average != 'binary' (got 'weighted'). You may use labels=[pos_label] to specify a single positive class.
  warnings.warn(

2025-07-08 10:14:49,393:WARNING:C:\Users\fares\anaconda3\envs\pycaret-env\Lib\site-packages\sklearn\metrics\_classification.py:1561: UserWarning: Note that pos_label (set to 'yes') is ignored when average != 'binary' (got 'weighted'). You may use labels=[pos_label] to specify a single positive class.
  warnings.warn(

2025-07-08 10:14:49,399:WARNING:C:\Users\fares\anaconda3\envs\pycaret-env\Lib\site-packages\sklearn\metrics\_classification.py:1561: UserWarning: Note that pos_label (set to 'yes') is ignored when average != 'binary' (got 'weighted'). You may use labels=[pos_label] to specify a single positive class.
  warnings.warn(

2025-07-08 10:14:49,401:WARNING:C:\Users\fares\anaconda3\envs\pycaret-env\Lib\site-packages\sklearn\metrics\_classification.py:1561: UserWarning: Note that pos_label (set to 'yes') is ignored when average != 'binary' (got 'weighted'). You may use labels=[pos_label] to specify a single positive class.
  warnings.warn(

2025-07-08 10:14:49,428:WARNING:C:\Users\fares\anaconda3\envs\pycaret-env\Lib\site-packages\sklearn\metrics\_classification.py:1561: UserWarning: Note that pos_label (set to 'yes') is ignored when average != 'binary' (got 'weighted'). You may use labels=[pos_label] to specify a single positive class.
  warnings.warn(

2025-07-08 10:14:49,429:WARNING:C:\Users\fares\anaconda3\envs\pycaret-env\Lib\site-packages\sklearn\metrics\_classification.py:1561: UserWarning: Note that pos_label (set to 'yes') is ignored when average != 'binary' (got 'weighted'). You may use labels=[pos_label] to specify a single positive class.
  warnings.warn(

2025-07-08 10:14:49,462:WARNING:C:\Users\fares\anaconda3\envs\pycaret-env\Lib\site-packages\sklearn\metrics\_classification.py:1561: UserWarning: Note that pos_label (set to 'yes') is ignored when average != 'binary' (got 'weighted'). You may use labels=[pos_label] to specify a single positive class.
  warnings.warn(

2025-07-08 10:14:49,465:WARNING:C:\Users\fares\anaconda3\envs\pycaret-env\Lib\site-packages\sklearn\metrics\_classification.py:1561: UserWarning: Note that pos_label (set to 'yes') is ignored when average != 'binary' (got 'weighted'). You may use labels=[pos_label] to specify a single positive class.
  warnings.warn(

2025-07-08 10:14:49,475:WARNING:C:\Users\fares\anaconda3\envs\pycaret-env\Lib\site-packages\sklearn\metrics\_classification.py:1561: UserWarning: Note that pos_label (set to 'yes') is ignored when average != 'binary' (got 'weighted'). You may use labels=[pos_label] to specify a single positive class.
  warnings.warn(

2025-07-08 10:14:49,477:WARNING:C:\Users\fares\anaconda3\envs\pycaret-env\Lib\site-packages\sklearn\metrics\_classification.py:1561: UserWarning: Note that pos_label (set to 'yes') is ignored when average != 'binary' (got 'weighted'). You may use labels=[pos_label] to specify a single positive class.
  warnings.warn(

2025-07-08 10:14:49,478:WARNING:C:\Users\fares\anaconda3\envs\pycaret-env\Lib\site-packages\sklearn\metrics\_classification.py:1561: UserWarning: Note that pos_label (set to 'yes') is ignored when average != 'binary' (got 'weighted'). You may use labels=[pos_label] to specify a single positive class.
  warnings.warn(

2025-07-08 10:14:49,492:WARNING:C:\Users\fares\anaconda3\envs\pycaret-env\Lib\site-packages\sklearn\metrics\_classification.py:1561: UserWarning: Note that pos_label (set to 'yes') is ignored when average != 'binary' (got 'weighted'). You may use labels=[pos_label] to specify a single positive class.
  warnings.warn(

2025-07-08 10:14:49,504:WARNING:C:\Users\fares\anaconda3\envs\pycaret-env\Lib\site-packages\sklearn\metrics\_classification.py:1561: UserWarning: Note that pos_label (set to 'yes') is ignored when average != 'binary' (got 'weighted'). You may use labels=[pos_label] to specify a single positive class.
  warnings.warn(

2025-07-08 10:14:49,529:WARNING:C:\Users\fares\anaconda3\envs\pycaret-env\Lib\site-packages\sklearn\metrics\_classification.py:1561: UserWarning: Note that pos_label (set to 'yes') is ignored when average != 'binary' (got 'weighted'). You may use labels=[pos_label] to specify a single positive class.
  warnings.warn(

2025-07-08 10:14:49,570:WARNING:C:\Users\fares\anaconda3\envs\pycaret-env\Lib\site-packages\sklearn\metrics\_classification.py:1561: UserWarning: Note that pos_label (set to 'yes') is ignored when average != 'binary' (got 'weighted'). You may use labels=[pos_label] to specify a single positive class.
  warnings.warn(

2025-07-08 10:14:49,585:WARNING:C:\Users\fares\anaconda3\envs\pycaret-env\Lib\site-packages\sklearn\metrics\_classification.py:1561: UserWarning: Note that pos_label (set to 'yes') is ignored when average != 'binary' (got 'weighted'). You may use labels=[pos_label] to specify a single positive class.
  warnings.warn(

2025-07-08 10:14:49,600:WARNING:C:\Users\fares\anaconda3\envs\pycaret-env\Lib\site-packages\sklearn\metrics\_classification.py:1561: UserWarning: Note that pos_label (set to 'yes') is ignored when average != 'binary' (got 'weighted'). You may use labels=[pos_label] to specify a single positive class.
  warnings.warn(

2025-07-08 10:14:49,748:WARNING:C:\Users\fares\anaconda3\envs\pycaret-env\Lib\site-packages\sklearn\metrics\_classification.py:1561: UserWarning: Note that pos_label (set to 'yes') is ignored when average != 'binary' (got 'weighted'). You may use labels=[pos_label] to specify a single positive class.
  warnings.warn(

2025-07-08 10:14:49,776:WARNING:C:\Users\fares\anaconda3\envs\pycaret-env\Lib\site-packages\sklearn\metrics\_classification.py:1561: UserWarning: Note that pos_label (set to 'yes') is ignored when average != 'binary' (got 'weighted'). You may use labels=[pos_label] to specify a single positive class.
  warnings.warn(

2025-07-08 10:14:49,812:WARNING:C:\Users\fares\anaconda3\envs\pycaret-env\Lib\site-packages\sklearn\metrics\_classification.py:1561: UserWarning: Note that pos_label (set to 'yes') is ignored when average != 'binary' (got 'weighted'). You may use labels=[pos_label] to specify a single positive class.
  warnings.warn(

2025-07-08 10:14:49,909:WARNING:C:\Users\fares\anaconda3\envs\pycaret-env\Lib\site-packages\sklearn\metrics\_classification.py:1561: UserWarning: Note that pos_label (set to 'yes') is ignored when average != 'binary' (got 'weighted'). You may use labels=[pos_label] to specify a single positive class.
  warnings.warn(

2025-07-08 10:14:49,915:WARNING:C:\Users\fares\anaconda3\envs\pycaret-env\Lib\site-packages\sklearn\metrics\_classification.py:1561: UserWarning: Note that pos_label (set to 'yes') is ignored when average != 'binary' (got 'weighted'). You may use labels=[pos_label] to specify a single positive class.
  warnings.warn(

2025-07-08 10:14:49,941:WARNING:C:\Users\fares\anaconda3\envs\pycaret-env\Lib\site-packages\sklearn\metrics\_classification.py:1561: UserWarning: Note that pos_label (set to 'yes') is ignored when average != 'binary' (got 'weighted'). You may use labels=[pos_label] to specify a single positive class.
  warnings.warn(

2025-07-08 10:14:49,941:WARNING:C:\Users\fares\anaconda3\envs\pycaret-env\Lib\site-packages\sklearn\metrics\_classification.py:1561: UserWarning: Note that pos_label (set to 'yes') is ignored when average != 'binary' (got 'weighted'). You may use labels=[pos_label] to specify a single positive class.
  warnings.warn(

2025-07-08 10:14:49,969:WARNING:C:\Users\fares\anaconda3\envs\pycaret-env\Lib\site-packages\sklearn\metrics\_classification.py:1561: UserWarning: Note that pos_label (set to 'yes') is ignored when average != 'binary' (got 'weighted'). You may use labels=[pos_label] to specify a single positive class.
  warnings.warn(

2025-07-08 10:14:49,972:WARNING:C:\Users\fares\anaconda3\envs\pycaret-env\Lib\site-packages\sklearn\metrics\_classification.py:1561: UserWarning: Note that pos_label (set to 'yes') is ignored when average != 'binary' (got 'weighted'). You may use labels=[pos_label] to specify a single positive class.
  warnings.warn(

2025-07-08 10:14:50,024:INFO:Calculating mean and std
2025-07-08 10:14:50,026:INFO:Creating metrics dataframe
2025-07-08 10:14:50,029:INFO:Uploading results into container
2025-07-08 10:14:50,031:INFO:Uploading model into container now
2025-07-08 10:14:50,031:INFO:_master_model_container: 13
2025-07-08 10:14:50,032:INFO:_display_container: 2
2025-07-08 10:14:50,032:INFO:LGBMClassifier(boosting_type='gbdt', class_weight=None, colsample_bytree=1.0,
               importance_type='split', learning_rate=0.1, max_depth=-1,
               min_child_samples=20, min_child_weight=0.001, min_split_gain=0.0,
               n_estimators=100, n_jobs=-1, num_leaves=31, objective=None,
               random_state=123, reg_alpha=0.0, reg_lambda=0.0, subsample=1.0,
               subsample_for_bin=200000, subsample_freq=0)
2025-07-08 10:14:50,033:INFO:create_model() successfully completed......................................
2025-07-08 10:14:50,145:INFO:SubProcess create_model() end ==================================
2025-07-08 10:14:50,146:INFO:Creating metrics dataframe
2025-07-08 10:14:50,161:INFO:Initializing Dummy Classifier
2025-07-08 10:14:50,162:INFO:Total runtime is 1.0498871048291523 minutes
2025-07-08 10:14:50,168:INFO:SubProcess create_model() called ==================================
2025-07-08 10:14:50,168:INFO:Initializing create_model()
2025-07-08 10:14:50,169:INFO:create_model(self=<pycaret.classification.oop.ClassificationExperiment object at 0x000001F47E0DEE90>, estimator=dummy, fold=StratifiedKFold(n_splits=10, random_state=None, shuffle=False), round=4, cross_validation=True, predict=True, fit_kwargs={}, groups=None, refit=False, probability_threshold=None, experiment_custom_tags=None, verbose=False, system=False, add_to_model_list=True, metrics=None, display=<pycaret.internal.display.display.CommonDisplay object at 0x000001F47E0860D0>, model_only=True, return_train_score=False, error_score=0.0, kwargs={})
2025-07-08 10:14:50,169:INFO:Checking exceptions
2025-07-08 10:14:50,169:INFO:Importing libraries
2025-07-08 10:14:50,169:INFO:Copying training dataset
2025-07-08 10:14:50,203:INFO:Defining folds
2025-07-08 10:14:50,203:INFO:Declaring metric variables
2025-07-08 10:14:50,209:INFO:Importing untrained model
2025-07-08 10:14:50,215:INFO:Dummy Classifier Imported successfully
2025-07-08 10:14:50,224:INFO:Starting cross validation
2025-07-08 10:14:50,229:INFO:Cross validating with StratifiedKFold(n_splits=10, random_state=None, shuffle=False), n_jobs=-1
2025-07-08 10:14:51,406:WARNING:C:\Users\fares\anaconda3\envs\pycaret-env\Lib\site-packages\sklearn\metrics\_classification.py:1561: UserWarning: Note that pos_label (set to 'yes') is ignored when average != 'binary' (got 'weighted'). You may use labels=[pos_label] to specify a single positive class.
  warnings.warn(

2025-07-08 10:14:51,407:WARNING:C:\Users\fares\anaconda3\envs\pycaret-env\Lib\site-packages\sklearn\metrics\_classification.py:1561: UserWarning: Note that pos_label (set to 'yes') is ignored when average != 'binary' (got 'weighted'). You may use labels=[pos_label] to specify a single positive class.
  warnings.warn(

2025-07-08 10:14:51,419:WARNING:C:\Users\fares\anaconda3\envs\pycaret-env\Lib\site-packages\sklearn\metrics\_classification.py:1561: UserWarning: Note that pos_label (set to 'yes') is ignored when average != 'binary' (got 'weighted'). You may use labels=[pos_label] to specify a single positive class.
  warnings.warn(

2025-07-08 10:14:51,435:WARNING:C:\Users\fares\anaconda3\envs\pycaret-env\Lib\site-packages\sklearn\metrics\_classification.py:1561: UserWarning: Note that pos_label (set to 'yes') is ignored when average != 'binary' (got 'weighted'). You may use labels=[pos_label] to specify a single positive class.
  warnings.warn(

2025-07-08 10:14:51,436:WARNING:C:\Users\fares\anaconda3\envs\pycaret-env\Lib\site-packages\sklearn\metrics\_classification.py:1561: UserWarning: Note that pos_label (set to 'yes') is ignored when average != 'binary' (got 'weighted'). You may use labels=[pos_label] to specify a single positive class.
  warnings.warn(

2025-07-08 10:14:51,437:WARNING:C:\Users\fares\anaconda3\envs\pycaret-env\Lib\site-packages\sklearn\metrics\_classification.py:1561: UserWarning: Note that pos_label (set to 'yes') is ignored when average != 'binary' (got 'weighted'). You may use labels=[pos_label] to specify a single positive class.
  warnings.warn(

2025-07-08 10:14:51,438:WARNING:C:\Users\fares\anaconda3\envs\pycaret-env\Lib\site-packages\sklearn\metrics\_classification.py:1561: UserWarning: Note that pos_label (set to 'yes') is ignored when average != 'binary' (got 'weighted'). You may use labels=[pos_label] to specify a single positive class.
  warnings.warn(

2025-07-08 10:14:51,439:WARNING:C:\Users\fares\anaconda3\envs\pycaret-env\Lib\site-packages\sklearn\metrics\_classification.py:1561: UserWarning: Note that pos_label (set to 'yes') is ignored when average != 'binary' (got 'weighted'). You may use labels=[pos_label] to specify a single positive class.
  warnings.warn(

2025-07-08 10:14:51,439:WARNING:C:\Users\fares\anaconda3\envs\pycaret-env\Lib\site-packages\sklearn\metrics\_classification.py:1561: UserWarning: Note that pos_label (set to 'yes') is ignored when average != 'binary' (got 'weighted'). You may use labels=[pos_label] to specify a single positive class.
  warnings.warn(

2025-07-08 10:14:51,445:WARNING:C:\Users\fares\anaconda3\envs\pycaret-env\Lib\site-packages\sklearn\metrics\_classification.py:1561: UserWarning: Note that pos_label (set to 'yes') is ignored when average != 'binary' (got 'weighted'). You may use labels=[pos_label] to specify a single positive class.
  warnings.warn(

2025-07-08 10:14:51,452:WARNING:C:\Users\fares\anaconda3\envs\pycaret-env\Lib\site-packages\sklearn\metrics\_classification.py:1561: UserWarning: Note that pos_label (set to 'yes') is ignored when average != 'binary' (got 'weighted'). You may use labels=[pos_label] to specify a single positive class.
  warnings.warn(

2025-07-08 10:14:51,454:WARNING:C:\Users\fares\anaconda3\envs\pycaret-env\Lib\site-packages\sklearn\metrics\_classification.py:1509: UndefinedMetricWarning: Precision is ill-defined and being set to 0.0 in labels with no predicted samples. Use `zero_division` parameter to control this behavior.
  _warn_prf(average, modifier, f"{metric.capitalize()} is", len(result))

2025-07-08 10:14:51,455:WARNING:C:\Users\fares\anaconda3\envs\pycaret-env\Lib\site-packages\sklearn\metrics\_classification.py:1509: UndefinedMetricWarning: Precision is ill-defined and being set to 0.0 in labels with no predicted samples. Use `zero_division` parameter to control this behavior.
  _warn_prf(average, modifier, f"{metric.capitalize()} is", len(result))

2025-07-08 10:14:51,457:WARNING:C:\Users\fares\anaconda3\envs\pycaret-env\Lib\site-packages\sklearn\metrics\_classification.py:1561: UserWarning: Note that pos_label (set to 'yes') is ignored when average != 'binary' (got 'weighted'). You may use labels=[pos_label] to specify a single positive class.
  warnings.warn(

2025-07-08 10:14:51,466:WARNING:C:\Users\fares\anaconda3\envs\pycaret-env\Lib\site-packages\sklearn\metrics\_classification.py:1561: UserWarning: Note that pos_label (set to 'yes') is ignored when average != 'binary' (got 'weighted'). You may use labels=[pos_label] to specify a single positive class.
  warnings.warn(

2025-07-08 10:14:51,468:WARNING:C:\Users\fares\anaconda3\envs\pycaret-env\Lib\site-packages\sklearn\metrics\_classification.py:1561: UserWarning: Note that pos_label (set to 'yes') is ignored when average != 'binary' (got 'weighted'). You may use labels=[pos_label] to specify a single positive class.
  warnings.warn(

2025-07-08 10:14:51,469:WARNING:C:\Users\fares\anaconda3\envs\pycaret-env\Lib\site-packages\sklearn\metrics\_classification.py:1561: UserWarning: Note that pos_label (set to 'yes') is ignored when average != 'binary' (got 'weighted'). You may use labels=[pos_label] to specify a single positive class.
  warnings.warn(

2025-07-08 10:14:51,470:WARNING:C:\Users\fares\anaconda3\envs\pycaret-env\Lib\site-packages\sklearn\metrics\_classification.py:1561: UserWarning: Note that pos_label (set to 'yes') is ignored when average != 'binary' (got 'weighted'). You may use labels=[pos_label] to specify a single positive class.
  warnings.warn(

2025-07-08 10:14:51,470:WARNING:C:\Users\fares\anaconda3\envs\pycaret-env\Lib\site-packages\sklearn\metrics\_classification.py:1561: UserWarning: Note that pos_label (set to 'yes') is ignored when average != 'binary' (got 'weighted'). You may use labels=[pos_label] to specify a single positive class.
  warnings.warn(

2025-07-08 10:14:51,470:WARNING:C:\Users\fares\anaconda3\envs\pycaret-env\Lib\site-packages\sklearn\metrics\_classification.py:1561: UserWarning: Note that pos_label (set to 'yes') is ignored when average != 'binary' (got 'weighted'). You may use labels=[pos_label] to specify a single positive class.
  warnings.warn(

2025-07-08 10:14:51,471:WARNING:C:\Users\fares\anaconda3\envs\pycaret-env\Lib\site-packages\sklearn\metrics\_classification.py:1509: UndefinedMetricWarning: Precision is ill-defined and being set to 0.0 in labels with no predicted samples. Use `zero_division` parameter to control this behavior.
  _warn_prf(average, modifier, f"{metric.capitalize()} is", len(result))

2025-07-08 10:14:51,472:WARNING:C:\Users\fares\anaconda3\envs\pycaret-env\Lib\site-packages\sklearn\metrics\_classification.py:1561: UserWarning: Note that pos_label (set to 'yes') is ignored when average != 'binary' (got 'weighted'). You may use labels=[pos_label] to specify a single positive class.
  warnings.warn(

2025-07-08 10:14:51,479:WARNING:C:\Users\fares\anaconda3\envs\pycaret-env\Lib\site-packages\sklearn\metrics\_classification.py:1561: UserWarning: Note that pos_label (set to 'yes') is ignored when average != 'binary' (got 'weighted'). You may use labels=[pos_label] to specify a single positive class.
  warnings.warn(

2025-07-08 10:14:51,482:WARNING:C:\Users\fares\anaconda3\envs\pycaret-env\Lib\site-packages\sklearn\metrics\_classification.py:1561: UserWarning: Note that pos_label (set to 'yes') is ignored when average != 'binary' (got 'weighted'). You may use labels=[pos_label] to specify a single positive class.
  warnings.warn(

2025-07-08 10:14:51,484:WARNING:C:\Users\fares\anaconda3\envs\pycaret-env\Lib\site-packages\sklearn\metrics\_classification.py:1509: UndefinedMetricWarning: Precision is ill-defined and being set to 0.0 in labels with no predicted samples. Use `zero_division` parameter to control this behavior.
  _warn_prf(average, modifier, f"{metric.capitalize()} is", len(result))

2025-07-08 10:14:51,487:WARNING:C:\Users\fares\anaconda3\envs\pycaret-env\Lib\site-packages\sklearn\metrics\_classification.py:1509: UndefinedMetricWarning: Precision is ill-defined and being set to 0.0 in labels with no predicted samples. Use `zero_division` parameter to control this behavior.
  _warn_prf(average, modifier, f"{metric.capitalize()} is", len(result))

2025-07-08 10:14:51,488:WARNING:C:\Users\fares\anaconda3\envs\pycaret-env\Lib\site-packages\sklearn\metrics\_classification.py:1561: UserWarning: Note that pos_label (set to 'yes') is ignored when average != 'binary' (got 'weighted'). You may use labels=[pos_label] to specify a single positive class.
  warnings.warn(

2025-07-08 10:14:51,489:WARNING:C:\Users\fares\anaconda3\envs\pycaret-env\Lib\site-packages\sklearn\metrics\_classification.py:1509: UndefinedMetricWarning: Precision is ill-defined and being set to 0.0 in labels with no predicted samples. Use `zero_division` parameter to control this behavior.
  _warn_prf(average, modifier, f"{metric.capitalize()} is", len(result))

2025-07-08 10:14:51,489:WARNING:C:\Users\fares\anaconda3\envs\pycaret-env\Lib\site-packages\sklearn\metrics\_classification.py:1509: UndefinedMetricWarning: Precision is ill-defined and being set to 0.0 in labels with no predicted samples. Use `zero_division` parameter to control this behavior.
  _warn_prf(average, modifier, f"{metric.capitalize()} is", len(result))

2025-07-08 10:14:51,498:WARNING:C:\Users\fares\anaconda3\envs\pycaret-env\Lib\site-packages\sklearn\metrics\_classification.py:1561: UserWarning: Note that pos_label (set to 'yes') is ignored when average != 'binary' (got 'weighted'). You may use labels=[pos_label] to specify a single positive class.
  warnings.warn(

2025-07-08 10:14:51,499:WARNING:C:\Users\fares\anaconda3\envs\pycaret-env\Lib\site-packages\sklearn\metrics\_classification.py:1509: UndefinedMetricWarning: Precision is ill-defined and being set to 0.0 in labels with no predicted samples. Use `zero_division` parameter to control this behavior.
  _warn_prf(average, modifier, f"{metric.capitalize()} is", len(result))

2025-07-08 10:14:51,502:WARNING:C:\Users\fares\anaconda3\envs\pycaret-env\Lib\site-packages\sklearn\metrics\_classification.py:1561: UserWarning: Note that pos_label (set to 'yes') is ignored when average != 'binary' (got 'weighted'). You may use labels=[pos_label] to specify a single positive class.
  warnings.warn(

2025-07-08 10:14:51,502:WARNING:C:\Users\fares\anaconda3\envs\pycaret-env\Lib\site-packages\sklearn\metrics\_classification.py:1561: UserWarning: Note that pos_label (set to 'yes') is ignored when average != 'binary' (got 'weighted'). You may use labels=[pos_label] to specify a single positive class.
  warnings.warn(

2025-07-08 10:14:51,502:WARNING:C:\Users\fares\anaconda3\envs\pycaret-env\Lib\site-packages\sklearn\metrics\_classification.py:1561: UserWarning: Note that pos_label (set to 'yes') is ignored when average != 'binary' (got 'weighted'). You may use labels=[pos_label] to specify a single positive class.
  warnings.warn(

2025-07-08 10:14:51,504:WARNING:C:\Users\fares\anaconda3\envs\pycaret-env\Lib\site-packages\sklearn\metrics\_classification.py:1561: UserWarning: Note that pos_label (set to 'yes') is ignored when average != 'binary' (got 'weighted'). You may use labels=[pos_label] to specify a single positive class.
  warnings.warn(

2025-07-08 10:14:51,505:WARNING:C:\Users\fares\anaconda3\envs\pycaret-env\Lib\site-packages\sklearn\metrics\_classification.py:1509: UndefinedMetricWarning: Precision is ill-defined and being set to 0.0 in labels with no predicted samples. Use `zero_division` parameter to control this behavior.
  _warn_prf(average, modifier, f"{metric.capitalize()} is", len(result))

2025-07-08 10:14:51,513:WARNING:C:\Users\fares\anaconda3\envs\pycaret-env\Lib\site-packages\sklearn\metrics\_classification.py:1561: UserWarning: Note that pos_label (set to 'yes') is ignored when average != 'binary' (got 'weighted'). You may use labels=[pos_label] to specify a single positive class.
  warnings.warn(

2025-07-08 10:14:51,518:WARNING:C:\Users\fares\anaconda3\envs\pycaret-env\Lib\site-packages\sklearn\metrics\_classification.py:1561: UserWarning: Note that pos_label (set to 'yes') is ignored when average != 'binary' (got 'weighted'). You may use labels=[pos_label] to specify a single positive class.
  warnings.warn(

2025-07-08 10:14:51,518:WARNING:C:\Users\fares\anaconda3\envs\pycaret-env\Lib\site-packages\sklearn\metrics\_classification.py:1509: UndefinedMetricWarning: Precision is ill-defined and being set to 0.0 in labels with no predicted samples. Use `zero_division` parameter to control this behavior.
  _warn_prf(average, modifier, f"{metric.capitalize()} is", len(result))

2025-07-08 10:14:51,532:WARNING:C:\Users\fares\anaconda3\envs\pycaret-env\Lib\site-packages\sklearn\metrics\_classification.py:1561: UserWarning: Note that pos_label (set to 'yes') is ignored when average != 'binary' (got 'weighted'). You may use labels=[pos_label] to specify a single positive class.
  warnings.warn(

2025-07-08 10:14:51,579:INFO:Calculating mean and std
2025-07-08 10:14:51,581:INFO:Creating metrics dataframe
2025-07-08 10:14:51,584:INFO:Uploading results into container
2025-07-08 10:14:51,585:INFO:Uploading model into container now
2025-07-08 10:14:51,585:INFO:_master_model_container: 14
2025-07-08 10:14:51,586:INFO:_display_container: 2
2025-07-08 10:14:51,586:INFO:DummyClassifier(constant=None, random_state=123, strategy='prior')
2025-07-08 10:14:51,586:INFO:create_model() successfully completed......................................
2025-07-08 10:14:51,700:INFO:SubProcess create_model() end ==================================
2025-07-08 10:14:51,701:INFO:Creating metrics dataframe
2025-07-08 10:14:51,737:WARNING:C:\Users\fares\anaconda3\envs\pycaret-env\Lib\site-packages\pycaret\internal\pycaret_experiment\supervised_experiment.py:339: FutureWarning: Styler.applymap has been deprecated. Use Styler.map instead.
  .applymap(highlight_cols, subset=["TT (Sec)"])

2025-07-08 10:14:51,748:INFO:Initializing create_model()
2025-07-08 10:14:51,748:INFO:create_model(self=<pycaret.classification.oop.ClassificationExperiment object at 0x000001F47E0DEE90>, estimator=GradientBoostingClassifier(ccp_alpha=0.0, criterion='friedman_mse', init=None,
                           learning_rate=0.1, loss='log_loss', max_depth=3,
                           max_features=None, max_leaf_nodes=None,
                           min_impurity_decrease=0.0, min_samples_leaf=1,
                           min_samples_split=2, min_weight_fraction_leaf=0.0,
                           n_estimators=100, n_iter_no_change=None,
                           random_state=123, subsample=1.0, tol=0.0001,
                           validation_fraction=0.1, verbose=0,
                           warm_start=False), fold=StratifiedKFold(n_splits=10, random_state=None, shuffle=False), round=4, cross_validation=False, predict=False, fit_kwargs={}, groups=None, refit=True, probability_threshold=None, experiment_custom_tags=None, verbose=False, system=False, add_to_model_list=True, metrics=None, display=None, model_only=True, return_train_score=False, error_score=0.0, kwargs={})
2025-07-08 10:14:51,748:INFO:Checking exceptions
2025-07-08 10:14:51,751:INFO:Importing libraries
2025-07-08 10:14:51,751:INFO:Copying training dataset
2025-07-08 10:14:51,775:INFO:Defining folds
2025-07-08 10:14:51,775:INFO:Declaring metric variables
2025-07-08 10:14:51,775:INFO:Importing untrained model
2025-07-08 10:14:51,775:INFO:Declaring custom model
2025-07-08 10:14:51,776:INFO:Gradient Boosting Classifier Imported successfully
2025-07-08 10:14:51,780:INFO:Cross validation set to False
2025-07-08 10:14:51,780:INFO:Fitting Model
2025-07-08 10:14:58,419:INFO:GradientBoostingClassifier(ccp_alpha=0.0, criterion='friedman_mse', init=None,
                           learning_rate=0.1, loss='log_loss', max_depth=3,
                           max_features=None, max_leaf_nodes=None,
                           min_impurity_decrease=0.0, min_samples_leaf=1,
                           min_samples_split=2, min_weight_fraction_leaf=0.0,
                           n_estimators=100, n_iter_no_change=None,
                           random_state=123, subsample=1.0, tol=0.0001,
                           validation_fraction=0.1, verbose=0,
                           warm_start=False)
2025-07-08 10:14:58,420:INFO:create_model() successfully completed......................................
2025-07-08 10:14:58,555:INFO:_master_model_container: 14
2025-07-08 10:14:58,555:INFO:_display_container: 2
2025-07-08 10:14:58,556:INFO:GradientBoostingClassifier(ccp_alpha=0.0, criterion='friedman_mse', init=None,
                           learning_rate=0.1, loss='log_loss', max_depth=3,
                           max_features=None, max_leaf_nodes=None,
                           min_impurity_decrease=0.0, min_samples_leaf=1,
                           min_samples_split=2, min_weight_fraction_leaf=0.0,
                           n_estimators=100, n_iter_no_change=None,
                           random_state=123, subsample=1.0, tol=0.0001,
                           validation_fraction=0.1, verbose=0,
                           warm_start=False)
2025-07-08 10:14:58,556:INFO:compare_models() successfully completed......................................
2025-07-08 10:14:58,613:INFO:Initializing plot_model()
2025-07-08 10:14:58,614:INFO:plot_model(self=<pycaret.classification.oop.ClassificationExperiment object at 0x000001F47E0DEE90>, estimator=GradientBoostingClassifier(ccp_alpha=0.0, criterion='friedman_mse', init=None,
                           learning_rate=0.1, loss='log_loss', max_depth=3,
                           max_features=None, max_leaf_nodes=None,
                           min_impurity_decrease=0.0, min_samples_leaf=1,
                           min_samples_split=2, min_weight_fraction_leaf=0.0,
                           n_estimators=100, n_iter_no_change=None,
                           random_state=123, subsample=1.0, tol=0.0001,
                           validation_fraction=0.1, verbose=0,
                           warm_start=False), plot=confusion_matrix, scale=1, save=False, fold=None, fit_kwargs=None, plot_kwargs=None, groups=None, feature_name=None, label=False, verbose=True, system=True, display=None, display_format=None)
2025-07-08 10:14:58,614:INFO:Checking exceptions
2025-07-08 10:14:58,638:INFO:Preloading libraries
2025-07-08 10:14:58,648:INFO:Copying training dataset
2025-07-08 10:14:58,648:INFO:Plot type: confusion_matrix
2025-07-08 10:14:58,883:INFO:Fitting Model
2025-07-08 10:14:58,897:WARNING:C:\Users\fares\anaconda3\envs\pycaret-env\Lib\site-packages\sklearn\base.py:493: UserWarning: X does not have valid feature names, but GradientBoostingClassifier was fitted with feature names
  warnings.warn(

2025-07-08 10:14:58,898:INFO:Scoring test/hold-out set
2025-07-08 10:14:59,138:INFO:Visual Rendered Successfully
2025-07-08 10:14:59,266:INFO:plot_model() successfully completed......................................
2025-07-08 10:14:59,274:INFO:Initializing plot_model()
2025-07-08 10:14:59,274:INFO:plot_model(self=<pycaret.classification.oop.ClassificationExperiment object at 0x000001F47E0DEE90>, estimator=GradientBoostingClassifier(ccp_alpha=0.0, criterion='friedman_mse', init=None,
                           learning_rate=0.1, loss='log_loss', max_depth=3,
                           max_features=None, max_leaf_nodes=None,
                           min_impurity_decrease=0.0, min_samples_leaf=1,
                           min_samples_split=2, min_weight_fraction_leaf=0.0,
                           n_estimators=100, n_iter_no_change=None,
                           random_state=123, subsample=1.0, tol=0.0001,
                           validation_fraction=0.1, verbose=0,
                           warm_start=False), plot=auc, scale=1, save=False, fold=None, fit_kwargs=None, plot_kwargs=None, groups=None, feature_name=None, label=False, verbose=True, system=True, display=None, display_format=None)
2025-07-08 10:14:59,274:INFO:Checking exceptions
2025-07-08 10:14:59,285:INFO:Preloading libraries
2025-07-08 10:14:59,295:INFO:Copying training dataset
2025-07-08 10:14:59,295:INFO:Plot type: auc
2025-07-08 10:14:59,527:INFO:Fitting Model
2025-07-08 10:14:59,528:WARNING:C:\Users\fares\anaconda3\envs\pycaret-env\Lib\site-packages\sklearn\base.py:493: UserWarning: X does not have valid feature names, but GradientBoostingClassifier was fitted with feature names
  warnings.warn(

2025-07-08 10:14:59,528:INFO:Scoring test/hold-out set
2025-07-08 10:14:59,815:INFO:Visual Rendered Successfully
2025-07-08 10:14:59,915:INFO:plot_model() successfully completed......................................
2025-07-08 10:14:59,964:INFO:Initializing plot_model()
2025-07-08 10:14:59,964:INFO:plot_model(self=<pycaret.classification.oop.ClassificationExperiment object at 0x000001F47E0DEE90>, estimator=GradientBoostingClassifier(ccp_alpha=0.0, criterion='friedman_mse', init=None,
                           learning_rate=0.1, loss='log_loss', max_depth=3,
                           max_features=None, max_leaf_nodes=None,
                           min_impurity_decrease=0.0, min_samples_leaf=1,
                           min_samples_split=2, min_weight_fraction_leaf=0.0,
                           n_estimators=100, n_iter_no_change=None,
                           random_state=123, subsample=1.0, tol=0.0001,
                           validation_fraction=0.1, verbose=0,
                           warm_start=False), plot=feature, scale=1, save=False, fold=None, fit_kwargs=None, plot_kwargs=None, groups=None, feature_name=None, label=False, verbose=True, system=True, display=None, display_format=None)
2025-07-08 10:14:59,964:INFO:Checking exceptions
2025-07-08 10:14:59,975:INFO:Preloading libraries
2025-07-08 10:14:59,984:INFO:Copying training dataset
2025-07-08 10:14:59,984:INFO:Plot type: feature
2025-07-08 10:14:59,984:WARNING:No coef_ found. Trying feature_importances_
2025-07-08 10:15:00,261:INFO:Visual Rendered Successfully
2025-07-08 10:15:00,422:INFO:plot_model() successfully completed......................................
2025-07-08 10:15:00,430:INFO:Initializing plot_model()
2025-07-08 10:15:00,430:INFO:plot_model(self=<pycaret.classification.oop.ClassificationExperiment object at 0x000001F47E0DEE90>, estimator=GradientBoostingClassifier(ccp_alpha=0.0, criterion='friedman_mse', init=None,
                           learning_rate=0.1, loss='log_loss', max_depth=3,
                           max_features=None, max_leaf_nodes=None,
                           min_impurity_decrease=0.0, min_samples_leaf=1,
                           min_samples_split=2, min_weight_fraction_leaf=0.0,
                           n_estimators=100, n_iter_no_change=None,
                           random_state=123, subsample=1.0, tol=0.0001,
                           validation_fraction=0.1, verbose=0,
                           warm_start=False), plot=pr, scale=1, save=False, fold=None, fit_kwargs=None, plot_kwargs=None, groups=None, feature_name=None, label=False, verbose=True, system=True, display=None, display_format=None)
2025-07-08 10:15:00,430:INFO:Checking exceptions
2025-07-08 10:15:00,443:INFO:Preloading libraries
2025-07-08 10:15:00,449:INFO:Copying training dataset
2025-07-08 10:15:00,450:INFO:Plot type: pr
2025-07-08 10:15:00,648:INFO:Fitting Model
2025-07-08 10:15:00,648:WARNING:C:\Users\fares\anaconda3\envs\pycaret-env\Lib\site-packages\sklearn\base.py:493: UserWarning: X does not have valid feature names, but GradientBoostingClassifier was fitted with feature names
  warnings.warn(

2025-07-08 10:15:00,649:INFO:Scoring test/hold-out set
2025-07-08 10:15:00,894:INFO:Visual Rendered Successfully
2025-07-08 10:15:00,990:INFO:plot_model() successfully completed......................................
